,tax_sce,regionbase,varphi,pe,tb,prop,te,jxbar_prime,jmbar_prime,j0_prime,Qe_prime,Qestar_prime,Qeworld_prime,Cey_prime,Cex_prime,Cem_prime,Ceystar_prime,Ge_prime,Ce_prime,Gestar_prime,Cestar_prime,Vgx_prime,Vgm_prime,Vgx1_prime,Vgx2_prime,Cex1_prime,Cex2_prime,Vg_prime,Vgstar_prime,Lg_prime,Lgstar_prime,Ve_prime,Vestar_prime,delta_Le,delta_Lestar,leakage1,leakage2,leakage3,chg_extraction,chg_production,chg_consumption,chg_Qeworld,subsidy_ratio,delta_Vg,delta_Vgstar,welfare,welfare_noexternality,Qe1_prime,Qe1star_prime,Qe2_prime,Qe2star_prime,region_scenario,conv
0,Unilateral,OECD37 as Home,0.0,1.0,0.0,0.5,0.0,0.04923389194140184,0.8194977073856359,0.04923389194140184,8.62549,23.6505,32.27599,11.29367,0.9105699999999999,2.48754,17.58421,12.20424,13.781210000000002,20.071749999999998,18.49478,6.070466666666666,16.5836,6.070466666666666,0.0,0.9105699999999999,0.0,91.87473333333334,81.3616,69.15736,113.73991666666664,13.781210000000002,18.49478,0.0,0.0,,inf,,0.0,-3.552713678800501e-15,0.0,0.0,0.0,-0.0,-0.0,1.5467641863670176e-14,1.5467641863670176e-14,7.762941,20.102925,0.862549,3.547575,3.0,1.0
1,Unilateral,OECD37 as Home,0.1,0.9948421119812639,0.03392754953682147,1.0,0.1,0.04924742267673561,0.8194977073856359,0.04830053115952518,8.39424906083358,23.562087047069888,31.956336107903468,10.977841065646981,0.8853926794664435,2.41797562390609,17.675126073028487,11.863233745113424,13.39581668955307,20.09310169693458,18.56051875249493,6.0721349864882495,16.583599999999997,5.95538465119042,0.11675033529782963,0.8683262329990418,0.017066446467401835,89.75888788752016,78.88025892477418,69.15903246162677,113.7384985948183,13.781209999999996,18.494245869352973,-0.2204228620475428,-0.08818496431533401,-0.2765896337136216,0.06679629894238494,0.2056560364829768,-0.08841295293011342,0.021351696934576836,0.06573875249493,-0.3196538920965324,0.005089484572761149,-0.3908847180212662,0.06539537458919407,0.016140980032289864,-0.018651381316590145,7.481355622850964,20.051013657238972,0.9128934379826152,3.5110733898309174,3.0,1.0
2,Unilateral,OECD37 as Home,0.2,0.9903651153928015,0.06764429577184514,1.0,0.2,0.049286833761418736,0.8194977073856359,0.04741104209353875,8.156242368566208,23.485389289678874,31.641631658245082,10.674451361924877,0.8617386995225462,2.3511511086159422,17.7542914016232,11.536190061447423,13.02560247054082,20.10544251023914,18.616030101145746,6.076994315426746,16.583599999999997,5.845711953938256,0.2312823614884897,0.8287797668269493,0.032958932695596896,87.76290897878246,76.55435601414392,69.16392003970064,113.73436816522054,13.78121,18.49272902295902,-0.42508955626254763,-0.16431545051731525,-0.26027987566831196,0.0531127408933093,0.19113818352307899,-0.16511071032112667,0.03369251023913833,0.12125010114574764,-0.6343583417549183,0.010141454378425507,-0.7771118016660444,0.12001733198552308,0.06331519568578631,-0.07477681693609199,7.190718892821008,20.00584591625987,0.9655234757451989,3.479543373419006,3.0,1.0
3,Unilateral,OECD37 as Home,0.30000000000000004,0.9865520292788017,0.1011959605848756,1.0,0.30000000000000004,0.049350454479337245,0.8194977073856359,0.046562647017376446,7.9105756077419835,23.42009690054797,31.330672508289954,10.382616290943814,0.8394638336613787,2.2868716128923876,17.821720172586982,11.222080124605192,12.6694879038362,20.10859178547937,18.661184006248362,6.084838656635716,16.583599999999997,5.741106085360223,0.3437325712754932,0.7916961656826041,0.04776766797877448,85.8777837865953,74.3714464636608,69.17183888656105,113.72770047519296,13.781210000000002,18.49034540408705,-0.6134043225804433,-0.22885428141501613,-0.24373091736114869,0.038972922644985836,0.1760297547730177,-0.23040309945202964,0.03684178547936767,0.1664040062483636,-0.9453174917100462,0.015153157556661023,-1.159130608635302,0.16392221283086722,0.1397367436712948,-0.1689392515929243,6.890011349000445,19.96729569846304,1.0205642587415389,3.452801202084932,3.0,1.0
4,Unilateral,OECD37 as Home,0.4,0.9833929572413143,0.13462879408375827,1.0,0.4,0.04943673917339613,0.8194977073856359,0.04575277964048498,7.656181075477667,23.36602502450156,31.02220609997923,10.10147609974029,0.818434345676854,2.224947767833482,17.877348272239654,10.919910445417145,12.326423867573773,20.102296040073135,18.695782617916507,6.0954774328622845,16.583599999999997,5.641250625594991,0.4542268072672926,0.756861476832944,0.06157286884391003,84.09531634106744,72.32028046103602,69.18261860282328,113.71865751540034,13.781210000000003,18.487196304488148,-0.7846867017410185,-0.2821135971131967,-0.22689314760998905,0.024363082085060585,0.16031679615057917,-0.2844749754984406,0.03054604007313344,0.2010026179165081,-1.2537839000207711,0.020122135451867695,-1.5374432275435717,0.19706810218427226,0.24374414359797847,-0.3021225401057477,6.578018427892447,19.93530108449536,1.07816264758522,3.4307239400061986,3.0,1.0
5,Unilateral,OECD37 as Home,0.5,0.9808866041540265,0.16799001987230278,1.0,0.5,0.049544253665153234,0.8194977073856359,0.04497908368810185,7.391766010046881,23.323139130545716,30.7149051405926,9.830185138774354,0.7985248999368117,2.1651933109526627,17.921001116494484,10.628710038711166,11.995378449727017,20.086194427447147,18.719526016431296,6.1087338120080155,16.5836,5.545855049420215,0.5628787625878001,0.7240797086590184,0.07444519127779334,82.40807903908679,70.3907132718597,69.19610072245898,113.70738959312648,13.781210000000002,18.483370476479898,-0.9381531258067982,-0.32423354213247624,-0.20970088043679672,0.009252813746863552,0.14396784074673047,-0.3273608694542851,0.014444427447145358,0.22474601643129688,-1.5610848594074014,0.025046096055839295,-1.9126200444118047,0.21928329490887108,0.37374660775930346,-0.4758258496341701,6.253272475746746,19.90988053424017,1.1384935343001357,3.4132585963055475,3.0,1.0
6,Unilateral,OECD37 as Home,0.6000000000000001,0.9790415287559604,0.20132885985263024,1.0,0.6000000000000001,0.049671660815564664,0.8194977073856359,0.04423940545229407,7.115734472675291,23.291575998153615,30.407310470828904,9.56790352332785,0.7796167622684129,2.1074232495211,17.952367744108834,10.347520285596262,11.67532677284895,20.059790993629935,18.73198450637725,6.124442926789917,16.583599999999997,5.454653807806529,0.6697891189833891,0.6931706175173228,0.0864461447510901,80.8093554412298,68.5736088765795,69.21213706365235,113.69403684556184,13.781209999999996,18.47894599786465,-1.072895492544553,-0.3551642787036118,-0.19207359862586854,-0.006399709625636583,0.1269369641366319,-0.3589240018463862,-0.011959006370066305,0.23720450637724966,-1.8686795291710965,0.029922816487735093,-2.2853143213500555,0.23024035210504049,0.528215167926047,-0.6921505156779233,5.913967157899634,19.891146196415292,1.2017673147756567,3.4004298017383237,3.0,1.0
7,Unilateral,OECD37 as Home,0.7000000000000001,0.9778789727322044,0.2346978275069289,1.0,0.7000000000000001,0.0498177043599945,0.8194977073856359,0.0435317905229806,6.826078735438515,23.27169185035982,30.097770585798333,9.313777182581314,0.7615951164898744,2.051449466184006,17.970948356376407,10.075372299071187,11.365226648765319,20.022397822560414,18.732543472866283,6.14244988162093,16.583599999999997,5.367405924857406,0.7750439567635238,0.6639669323513349,0.0976281841385396,79.29309649684404,66.86076230534933,69.23058783126105,113.67873093395549,13.781209999999998,18.473991954900573,-1.187846163646106,-0.37462012718887544,-0.17390725065179816,-0.022657119442521925,0.10915496910738264,-0.3788081496401823,-0.04935217743958731,0.23776347286628408,-2.178219414201667,0.0347500151138449,-2.6562961220310615,0.22940175873151378,0.7056166536828588,-0.9539839074520131,5.557836315583019,19.87933288716984,1.2682424198554962,3.392358963189978,3.0,1.0
8,Unilateral,OECD37 as Home,0.8,0.9774363314578383,0.26815488888297256,1.0,0.8,0.04998119150262362,0.8194977073856359,0.04285447915890014,6.5202086841240146,23.264121669068185,29.7843303531922,9.066915578567306,0.7443462298967926,1.9970758113447014,17.975993211562958,9.8112618084641,11.063991389912008,19.97306902290766,18.72033944145975,6.162607606525947,16.583599999999997,5.283894427056287,0.8787131794696599,0.6363116422232313,0.1080345876735612,77.85387750568145,65.24482561154429,69.25131952536948,113.66159686778622,13.781210000000002,18.468569954125748,-1.2817315076993572,-0.38202117287009296,-0.15506866334124966,-0.039604517101189333,0.09052578338647793,-0.38637833093181584,-0.09868097709234291,0.22555944145975104,-2.4916596468078005,0.03952522801228264,-3.0264950284438323,0.21595503333273722,0.9043843135859123,-1.2652303836499335,5.181966181514288,19.874833143598828,1.338242502609726,3.389288525469357,3.0,1.0
9,Unilateral,OECD37 as Home,0.9,0.9777739300927708,0.30176615711301935,1.0,0.9,0.05016096904287861,0.8194977073856359,0.04220591925552411,6.194686190879865,23.269895346611975,29.46458153749184,8.826351214667122,0.7277530416547098,1.944089184519563,17.966386065640336,9.554104256321832,10.770440399186684,19.910475250159898,18.694139107295044,6.18477391356567,16.583599999999997,5.203927942191214,0.9808459713744557,0.6100545134610751,0.11769852819363472,76.48689542580962,63.71928135052682,69.27420198402564,113.64275550680249,13.781210000000002,18.462735656771855,-1.3529979690316039,-0.3763767960737592,-0.13537863973293826,-0.05736439652608298,0.07091075877220256,-0.3806046533880263,-0.16127474984010348,0.19935910729504513,-2.8114084625081617,0.044245553440130925,-3.3970777537340555,0.18868855112225663,1.1228031006596375,-1.631237672527926,4.7825013227229025,19.878265150908348,1.412184868156962,3.3916301957036277,3.0,1.0
10,Unilateral,OECD37 as Home,1.0,0.9789852706672847,0.3356111326834309,1.0,1.0,0.05035589390029981,0.8194977073856359,0.041584780823221264,5.844773231352673,23.290613710739176,29.13538694209185,8.590979208379668,0.7116889941871474,1.8922462246561798,17.940473004909673,9.302668202566815,10.483225433035848,19.832719229565853,18.65216199909682,6.208807862595914,16.5836,5.127342484491307,1.081465378104607,0.5850475444896109,0.1266414496975364,75.18797069535398,62.278421900013136,69.29910464865661,113.62232665012678,13.78121,18.456540307194146,-1.3996992050583126,-0.35610637097674913,-0.11459145986456898,-0.07610983178286732,0.050112031414007205,-0.35988628926082455,-0.2390307704341481,0.15738199909682038,-3.1406030579081516,0.04890736052593814,-3.769569799788812,0.14580641053605076,1.3589052912339183,-2.0594480949072316,4.354147454188143,19.89057469157621,1.4906257771645297,3.400039019162968,3.0,1.0
11,Unilateral,OECD37 as Home,1.1,0.9812172728226138,0.369790452620531,1.0,1.1,0.050564783682959975,0.8194977073856359,0.0409900092022597,5.463629015785905,23.328796466752834,28.79242548253874,8.359441362298467,0.696006834229158,1.8412477756452887,17.895725988927342,9.055448196527625,10.200689137943757,19.73697376457263,18.5917328231565,6.234563666426235,16.5836,5.054008015958457,1.1805556504677777,0.5611375707009918,0.1348692635281662,73.95363031154258,60.91741870532662,69.32589018901054,113.60043421687101,13.781210000000002,18.45003270337653,-1.4192993664089015,-0.3186834014740082,-0.09234895223976407,-0.09610163203503598,0.02783149922171093,-0.3217035332471667,-0.3347762354273698,0.09695282315650289,-3.483564517461261,0.05350566977744675,-4.146087910103335,0.08456473573960364,1.6101628487393445,-2.560647590845482,3.8892856746164886,19.91323618152047,1.5743433411694168,3.4155602852323628,3.0,1.0
12,Unilateral,OECD37 as Home,1.2000000000000002,0.9847082043976658,0.4044422329808879,1.0,1.2000000000000002,0.05078633491804909,0.8194977073856359,0.040420921556413955,5.040708446222333,23.38853492561665,28.429243371838982,8.129911363617518,0.6805184004790451,1.790691574435336,17.828121904826464,8.810429764096563,9.920602938052854,19.6188134792618,18.50864030530551,6.261880608770902,16.583599999999997,4.983840343887557,1.278040264883344,0.5381534113298896,0.14236498914915552,72.78127741135165,59.6324834139708,69.3544038256018,113.57721481587802,13.78121,18.443261933101653,-1.4083200986122373,-0.25996271547759914,-0.06810042347618474,-0.11774534808775115,0.003603124053984301,-0.26196507438335104,-0.4529365207382021,0.013860305305509968,-3.846746628161018,0.05803311056390137,-4.529778585369265,0.0005953259270745289,1.8730432962283727,-3.1512934134581014,3.376214033644384,19.948627947748918,1.6644944125779488,3.4399069778677323,3.0,1.0
13,Unilateral,OECD37 as Home,1.3,0.9898759493621363,0.4397763356602983,1.0,1.3,0.051018951352874785,0.8194977073856359,0.03987744794346652,4.558191212814644,23.4770115686873,28.035202781501944,7.899592172388111,0.664948292566617,1.7399615459370001,17.73070224628414,8.564540464954728,9.63955371832511,19.47066379222114,18.395650538850756,6.290561874014152,16.583599999999997,4.916830844505771,1.3737310295083807,0.5158769264403982,0.14907136612621877,71.66964997528473,58.421337215456695,69.38445079337455,113.55283574042126,13.78121,18.436282505640644,-1.3615891118853223,-0.17261040410505313,-0.040909487407421875,-0.14173929905206314,-0.0233752499339854,-0.17348843131270186,-0.601086207778863,-0.09912946114924281,-4.240787218498056,0.06247755381588149,-4.925835218480773,-0.1136645142277894,2.1417349784962227,-3.8588521078853146,2.795222433077235,20.00090461289963,1.762968779737409,3.4761069557876674,3.0,1.0
14,Unilateral,OECD37 as Home,1.4000000000000001,0.9975580984412201,0.47616571798431745,1.0,1.4000000000000001,0.05126029937673714,0.8194977073856359,0.03936081032768886,3.981141435770253,23.608635811737024,27.58977724750728,7.6633557359127895,0.6488095519442697,1.6879281869677882,17.5896843178473,8.31216528785706,9.351283922880578,19.27761250481509,18.23849386979157,6.320319731379265,16.5836,4.853130184215556,1.4671895471637106,0.4939660407246684,0.15484351121960138,70.62014983489277,57.28460356868445,69.41573790413062,113.52754156166091,13.78121,18.429166966533625,-1.2703599367651583,-0.041813076649525646,-0.008933480077426795,-0.1694625355544282,-0.05468939285185134,-0.04186418826297711,-0.7941374951849127,-0.25628613020843005,-4.686212752492722,0.06681571470585113,-5.344248753276958,-0.27322534592915726,2.4047895307162825,-4.7361268185989935,2.107804091051697,20.07836531580635,1.8733373447185557,3.530270495930672,3.0,1.0
15,Unilateral,OECD37 as Home,1.5,1.0099646197566594,0.5144947201067527,1.0,1.5,0.05150564204215395,0.8194977073856359,0.03887621606985404,3.2186275241500386,23.821463449200113,27.040090973350154,7.40831166275677,0.6309112055786051,1.6317522641952507,17.369117827016776,8.039222868335376,9.04006392695202,19.000870091212025,18.000029032595382,6.350570122189249,16.5836,4.793380422962767,1.5571896992264824,0.47164725140009905,0.15926395417850608,69.64217708908905,56.23145459895568,69.44765476474794,113.50182872947245,13.78121,18.422052504038863,-1.1155510916956266,0.1718154157834132,0.032652166959281866,-0.20452646304624617,-0.09449207574218245,0.1709634492001122,-1.0708799087879761,-0.49475096740461666,-5.235899026649847,0.07098836670675635,-5.810706961718485,-0.5173698664976144,2.6310830762870085,-5.917348309608828,1.2140840757178128,20.20283572567427,2.0045434484322255,3.618627723525845,3.0,1.0
16,Unilateral,OECD37 as Home,1.6,1.0298001194957256,0.5558943602584353,1.0,1.6,0.05174768656621134,0.8194977073856359,0.03843179113905653,2.1688164977786295,24.162422615604914,26.331239113383543,7.12222316313525,0.6100632208171927,1.5687385063690953,17.030215465537974,7.7322863839524425,8.690961669504345,18.59895397190707,17.640278686355167,6.380413857006897,16.583599999999997,4.738583480818666,1.641830376188231,0.4482499802217096,0.16181324059548305,68.75076586240647,55.276855620152936,69.47924868475955,113.47646155487745,13.781209999999998,18.415140738072978,-0.8699594251135878,0.5195550992097112,0.08611338395313001,-0.2477473078659477,-0.14374047457036232,0.511922615604913,-1.472796028092933,-0.8545013136448318,-5.944750886616458,0.07490597642265884,-6.353447516090465,-0.8913327489404173,2.785087709811748,-7.567705787914142,0.0,20.400260883996133,2.1688164977786295,3.7621617316087828,3.0,1.0
17,Unilateral,OECD37 as Home,1.7000000000000002,1.0232578237274383,0.5882716893162934,1.0,1.7000000000000002,0.0520384817311488,0.8194977073856359,0.03793524312642073,2.2400632946671712,24.04986817342605,26.28993146809322,7.008044270232574,0.6044542830671512,1.543589501373277,17.133843809747813,7.612498553299726,8.55163377160585,18.67743331112109,17.738298092814965,6.416268474344106,16.583599999999997,4.67735983913109,1.7389086352130165,0.43536527303044875,0.16908901003670246,67.76104838225567,54.223175997968944,69.5173401100225,113.44598513014085,13.78121,18.406965357144436,-0.7560609626399182,0.40401465062319863,0.06671638295839284,-0.23292733965880072,-0.1263739576138201,0.3993681734260477,-1.394316688878913,-0.7564819071850337,-5.986058531906782,0.07938899055724724,-6.576169068452237,-0.7893745797486963,3.3706259405675723,-7.705650566620329,0.0,20.33535644855864,2.2400632946671712,3.714511724867405,3.0,1.0
18,Unilateral,OECD37 as Home,1.8,1.0168725292652607,0.6204037060157566,1.0,1.8,0.052341961182349954,0.8194977073856359,0.037454041053487146,2.3122122761294746,23.94010725672937,26.252319532858845,6.897840219624233,0.5992499316390649,1.5193159938199066,17.23591348841708,7.497090151263298,8.41715621344414,18.755229482236984,17.835163420056144,6.453687045574008,16.583599999999997,4.61802832930142,1.8356587162725881,0.42308330523053317,0.17616662640853176,66.80822507830268,53.21518191622024,69.55724354083468,113.41417934459541,13.78121,18.39857019552728,-0.6388594963798269,0.2920513136635081,0.04807820386409961,-0.21855785852572376,-0.10950409447894478,0.2896072567293686,-1.316520517763017,-0.6596165799438545,-6.023670467141155,0.08384339543392338,-6.794605653595472,-0.6890164629310142,3.952824194987756,-7.848686892413946,0.0,20.27180919910188,2.3122122761294746,3.668298057627489,3.0,1.0
19,Unilateral,OECD37 as Home,1.9000000000000001,1.0106359704650982,0.6522946299955918,1.0,1.9000000000000001,0.052657768178901464,0.8194977073856359,0.0369874836090112,2.385239646888914,23.832989416195566,26.21822906308448,6.7914259822678575,0.5944284793822676,1.4958772292736184,17.336495705943495,7.385854461650125,8.287303211541476,18.832372935217112,17.93092418532576,6.492625585065223,16.583599999999997,4.560502480681787,1.9321231043834355,0.4113673638352188,0.1830611155470487,65.89034913651652,52.25035484127295,69.59892536986023,113.38108158602786,13.78121,18.389969682507797,-0.5183543547990017,0.18346010369447124,0.03012489566623358,-0.20459326105627948,-0.09307990535548281,0.18248941619556547,-1.2393770647828894,-0.5638558146742376,-6.057760936915521,0.08826878084647838,-7.008867904188683,-0.5901747092661788,4.5310249918922905,-7.996625824116782,0.0,20.209549294945045,2.385239646888914,3.6234401212505203,3.0,1.0
20,Unilateral,OECD37 as Home,2.0,1.004540267111304,0.6839484091034348,1.0,2.0,0.05298557271145937,0.8194977073856359,0.03653490481626577,2.459122032077384,23.72837164759032,26.187493679667703,6.688626438003834,0.5899698238604576,1.473234635826269,17.435660931635798,7.278596261864292,8.161861073830103,18.908895567462068,18.025630755496255,6.533043403149639,16.583599999999997,4.5047001793185055,2.028343223831133,0.4001833334248791,0.18978649043557846,65.00559210824157,51.32634066075031,69.64235507908181,113.34672644065611,13.781209999999998,18.3811766882216,-0.39454653027143927,0.07804844290385753,0.012789963809334672,-0.19099205638913283,-0.0770550263678468,0.0778716475903174,-1.1628544325379337,-0.4691492445037433,-6.088496320332297,0.09266484248878548,-7.219064352649637,-0.4927676950756117,5.104617621278167,-8.149290388974121,0.0,20.14850964159424,2.459122032077384,3.5798620059960755,3.0,1.0
21,Unilateral,OECD37 as Home,2.1,0.9985781526463019,0.7153687574957371,1.0,2.1,0.053325064745507786,0.8194977073856359,0.03609567934004894,2.533836027388973,23.62612222259729,26.15995824998626,6.589276443261633,0.585855306212946,1.4513518390099094,17.533474583483738,7.175131749474579,8.040628282271541,18.984826422493647,18.119329889696683,6.574902273026146,16.5836,4.450544322298335,2.124357950727811,0.38949960724829347,0.19635569896465258,64.15224985467775,50.44095225961278,69.68750438728598,113.31114640126108,13.781209999999998,18.372202818524524,-0.2674393800333936,-0.024360447157988935,-0.003985881434094506,-0.17771712475232207,-0.061387861549684106,-0.024377777402712297,-1.0869235775063544,-0.37545011030331565,-6.1160317500137396,0.09703130293305051,-7.425300036899747,-0.3967202018638966,5.673020157420337,-8.3065215610088,0.0,20.088628270894244,2.533836027388973,3.5374939517030435,3.0,1.0
22,Unilateral,OECD37 as Home,2.2,0.9927429405392911,0.746559305666992,1.0,2.2,0.053675955904535874,0.8194977073856359,0.035669215438493544,2.6093593453480963,23.526120024027747,26.135479369375844,6.493218774731898,0.5820675084498992,1.4301942088706847,17.629996940344096,7.075286283181797,7.923412983602582,19.06019114921478,18.212064448793996,6.618166638293946,16.583599999999997,4.397961948716944,2.220204689577003,0.37928674774407267,0.2027807607058265,63.32872459238894,49.59214730490912,69.73434750771342,113.27437169078343,13.78121,18.363058465231344,-0.13703661965113278,-0.12392872456527541,-0.020255640524737727,-0.16473529835456052,-0.04604104906130035,-0.12437997597225348,-1.011558850785221,-0.2827155512060031,-6.140510630624156,0.10136795102765317,-7.627679578431534,-0.3019634135744866,6.235667848926192,-8.468182597485786,0.0,20.02984811673515,2.6093593453480963,3.4962719072925976,3.0,1.0
23,Unilateral,OECD37 as Home,2.3000000000000003,0.9870280937522744,0.7775233741007743,1.0,2.3000000000000003,0.054037977441845374,0.8194977073856359,0.035254953855231565,2.685668549237329,23.428247096130114,26.11391564536744,6.400306540509288,0.5785904010451751,1.4097293910463538,17.725290299547552,6.978896941554463,7.810035931555642,19.135019690593907,18.303880700592728,6.662803362879281,16.5836,4.346884103084397,2.315919259794884,0.3695174919553199,0.20907290908985524,62.5335190522692,48.77801912360658,69.7828609141437,113.23643047488588,13.781210000000003,18.353752945944965,-0.0033461636548306473,-0.22081174939745313,-0.036067871154913944,-0.1520154181037874,-0.030979713716656976,-0.2222529038698866,-0.9367303094060944,-0.19089929940727046,-6.1620743546325585,0.10567462725739918,-7.826301001887609,-0.20842725308856383,6.792058844653058,-8.634131252938031,0.0,19.97211276505073,2.685668549237329,3.4561343310793813,3.0,1.0
24,Unilateral,OECD37 as Home,2.4000000000000004,0.9814278598436051,0.8082641028444673,1.0,2.4000000000000004,0.05441087724613372,0.8194977073856359,0.0348523676318041,2.76274205034682,23.332399462596346,26.095141512943165,6.310398890726105,0.575408885805955,1.3899263619918782,17.819407326089777,6.88580777653206,7.700325252717983,19.209333688081657,18.394816211895733,6.708781361828323,16.5836,4.297245812195585,2.411535549632737,0.36016638355543085,0.2152425022505242,61.76523268070662,47.99678988239353,69.83302297206855,113.19734917577924,13.78121,18.344294655886202,0.13362511026217305,-0.31514770034486694,-0.051465512877363326,-0.1395304081186119,-0.0161731497404599,-0.3181005374036552,-0.862416311918345,-0.0999637881042652,-6.180848487056835,0.10995119963205957,-8.021263724248378,-0.11605248457549787,7.341678200623271,-8.80425858823969,0.0,19.915372937684175,2.76274205034682,3.4170265249121696,3.0,1.0
25,Unilateral,OECD37 as Home,2.5,0.9759365660573809,0.838784496553012,1.0,2.5,0.05479442074000028,0.8194977073856359,0.034460957680053896,2.8405571653155435,23.238474995213483,26.079032160529028,6.223364163087309,0.5725090620469716,1.370756121813919,17.912403173710395,6.79587322513428,7.594120284901228,19.283159295524314,18.484912235757367,6.756071712091621,16.583599999999993,4.248985539212714,2.507086172878907,0.35120980603576085,0.22129925601121075,61.022550029907464,47.246796049744916,69.8848140886804,113.15715237805541,13.781209999999998,18.334691110050795,0.27386627006719033,-0.40706993221054866,-0.06648826980267013,-0.12725448920320698,-0.0015923562009377966,-0.4120250047865177,-0.7885907044756877,-0.009867764242631694,-6.196957839470972,0.11419758533785096,-8.212660854245048,-0.024777957244208813,7.884071481309378,-8.978447773542806,0.0,19.85957944931638,2.8405571653155435,3.3788955458971004,3.0,1.0
26,Unilateral,OECD37 as Home,2.6,0.9705490616219334,0.8690874267510572,1.0,2.6,0.05518838801842535,0.8194977073856359,0.034080252854724664,2.9190921569252866,23.146380936918188,26.065473093843476,6.1390769705749495,0.5698779009544551,1.3521910528095835,18.004327237041235,6.7089548715294045,7.491268023384533,19.35651828985082,18.57420513799569,6.8046472997027525,16.583599999999993,4.202045192616697,2.6026021070860548,0.34262572137279124,0.22725217958166388,60.30423808127986,46.52648325314501,69.9382163562416,113.11586312858596,13.781209999999996,18.324949073581617,0.4173659632021156,-0.49669983689114716,-0.08117183653136448,-0.11516460239246262,0.012788812782549099,-0.5041190630818129,-0.7152317101491832,0.07942513799569184,-6.210516906156524,0.11841372717811405,-8.400584499262713,0.06545089023438569,8.418790587880276,-9.15660078487324,0.0,19.804687745605634,2.9190921569252866,3.3416931913125536,3.0,1.0
27,Unilateral,OECD37 as Home,2.7,0.9652604924456472,0.8991755285333167,1.0,2.7,0.05559257371932102,0.8194977073856359,0.03370980722092951,2.998325429208361,23.056029999389153,26.054355428597514,6.05741874968466,0.56750327201817,1.3342050402208123,18.09522684925479,6.62492202170283,7.391623789905473,19.4294318894756,18.662730121272958,6.85448280381749,16.583599999999997,4.156369789290017,2.698113014527473,0.33439358896091664,0.23310968305725333,59.60913847304116,45.8343961722849,69.99321356018038,113.07350295008841,13.781209999999996,18.31507461528257,0.5641110505675124,-0.5841509633364189,-0.09554884553061137,-0.10323944666837093,0.026994533244516738,-0.5944700006108476,-0.6423181105243998,0.16795012127295905,-6.221634571402486,0.1225996011533731,-8.58512371963123,0.15468595248561517,8.945414420948383,-9.338625960251868,0.0,19.75065568446721,2.998325429208361,3.3053743149219468,3.0,1.0
28,Unilateral,OECD37 as Home,2.8000000000000003,0.960066218094344,0.9290514394487881,1.0,2.8000000000000003,0.05600678611686501,0.8194977073856359,0.03334919845127369,3.0782351339962566,22.96733890665134,26.045574040647594,5.978277718650854,0.5653739107464942,1.3167734630330747,18.18514856914366,6.543651629397348,7.295051181683928,19.501922032176736,18.750522479890154,6.905554584923152,16.5836,4.111907256884317,2.7936473280388356,0.326494268935478,0.23887964181101629,58.93616214342802,45.1691711186752,70.04979108146401,113.03009193614864,13.78121,18.305073175087408,0.7140858971346522,-0.6695306489743221,-0.10964935532485226,-0.091459056913833,0.0410474166666615,-0.6831610933486623,-0.5698279678232652,0.25574247989015575,-6.230415959352406,0.1267552138953526,-8.766363731908,0.24297782286146036,9.463556369180084,-9.524433095663795,0.0,19.6974427368762,3.0782351339962566,3.2698961697751363,3.0,1.0
29,Unilateral,OECD37 as Home,2.9000000000000004,0.954962066334146,0.9587174157821519,1.0,2.9000000000000004,0.05643084415245913,0.8194977073856359,0.03299802806027313,3.15880035472087,22.880232705507666,26.039033060228537,5.901547302869998,0.5634792183557218,1.2998728471596244,18.27413314873991,6.46502652122572,7.201420150029623,19.574005995899533,18.83761236709563,6.957840318760127,16.5836,4.068608462723855,2.889231856036272,0.3189098667610531,0.24456935159466867,58.28428759971493,44.52953236487639,70.10793551378652,112.98564906238721,13.781210000000003,18.294949674955404,0.8672746228636412,-0.7529360876281277,-0.12350049903031067,-0.079805586106661,0.05496789065665633,-0.770267294492335,-0.4977440041004684,0.3428323670956317,-6.2369569397714635,0.13088057985110768,-8.94438869038366,0.3303707354399054,9.972829735905892,-9.713948629713581,0.0,19.645012644549904,3.15880035472087,3.2352200609577633,3.0,1.0
30,Unilateral,OECD37 as Home,3.0,0.9499439630131405,0.9881758477722005,1.0,3.0,0.056864580771683555,0.8194977073856359,0.03265591645251739,3.240000039750485,22.794638413169494,26.034638452919978,5.82712686987811,0.5618093603206759,1.283481027327396,18.36222216046042,6.3889362301987855,7.110607897205506,19.645703187787817,18.924031520781096,7.011319407763446,16.583599999999993,4.026426603251264,2.9848928045121816,0.311623661520978,0.2501856987996978,57.65254973853672,43.91427935277923,70.167635141897,112.94019183673436,13.781209999999998,18.284708473530166,1.0236591661784424,-0.8344606471838689,-0.13712760455400344,-0.06826194759234615,0.06877541147028,-0.8558615868305068,-0.426046812212185,0.4292515207810972,-6.241351547080022,0.1349757602743612,-9.119279281525321,0.4169093503883003,10.47288577615149,-9.9070967956692,0.0,19.593329675815546,3.240000039750485,3.201308737353946,3.0,1.0
31,Unilateral,OECD37 as Home,3.1,0.9450081874133778,1.0174289350693695,1.0,3.1,0.05730783800922359,0.8194977073856359,0.03232250513026011,3.3218136443022703,22.710489347489165,26.032302991791436,5.754920774101866,0.5603551026432815,1.2675769366742038,18.449453005762344,6.315275876745148,7.02249771077607,19.717029942436547,19.009808108405625,7.065972375041515,16.583599999999997,3.9853174762202137,3.080654898821301,0.3046200172568916,0.2557350853863899,57.04004217454425,43.322287371318836,70.22887928895199,112.893736814548,13.781210000000002,18.274353514675795,1.1832205432398752,-0.9141898901586849,-0.15055377556162014,-0.056812594400889246,0.08248781653028414,-0.9400106525108356,-0.3547200575634548,0.5150281084056267,-6.243687008208564,0.13904082025592535,-9.291114226772201,0.5026337577929814,10.963383294956829,-10.103812247502669,0.0,19.542361286951262,3.3218136443022703,3.1681280605379034,3.0,1.0
32,Unilateral,OECD37 as Home,3.2,0.9401513406166241,1.04647877423387,1.0,3.2,0.057760467799802095,0.8194977073856359,0.03199745409930421,3.404221562709565,22.62772455731093,26.031946120020496,5.684837728303371,0.5591077516979461,1.2521404683033743,18.535859177646778,6.243945480001317,6.936978196606746,19.78799964595015,19.094966929344725,7.121780964362818,16.5836,3.9452391608448636,3.1765418035179547,0.2978842718365794,0.2612234798613668,56.44591078168784,42.752499707378675,70.29165844474782,112.84629951362491,13.781210000000002,18.263888334264507,1.345939784299945,-0.9922023218603275,-0.16380016898478744,-0.045443363228059454,0.09612151049564638,-1.0227754426890705,-0.2837503540498503,0.6001869293447264,-6.244043879979504,0.1430758425192098,-9.459971157547566,0.5875798207814932,11.4439845902747,-10.304040890725604,0.0,19.492077848743858,3.404221562709565,3.135646708567073,3.0,1.0
33,Unilateral,OECD37 as Home,3.3000000000000003,0.935369877143952,1.075327309574321,1.0,3.3000000000000003,0.058222332142210065,0.8194977073856359,0.03168044016974365,3.4872020719419217,22.5462808195808,26.033482891522723,5.616793074216497,0.5580593725261037,1.2371529754133515,18.62147926885002,6.174852446742601,6.853946049629849,19.858632244263372,19.179538641376123,7.178728160380687,16.583599999999997,3.906151808283809,3.272576352096877,0.2914027914345834,0.26665658109152024,55.869349088140034,42.20392181219992,70.35596430695949,112.7978943970097,13.781210000000002,18.253316080680666,1.5117919168441816,-1.068577065162446,-0.17688713224205688,-0.03413976981255128,0.10969288932746704,-1.1042191804192,-0.21311775573662928,0.6847586413761242,-6.242507108477277,0.14708093287678192,-9.625920482015804,0.6717882053358427,11.914422926917284,-10.507708502008423,0.0,19.442447827745504,3.4872020719419217,3.103832991835296,3.0,1.0
34,Unilateral,OECD37 as Home,3.4000000000000004,0.9306609237598757,1.103976510996168,1.0,3.4000000000000004,0.05869330047427474,0.8194977073856359,0.031371157302523864,3.5707368290714534,22.466106569363934,26.036843398435387,5.550703892116675,0.557202270656734,1.222596194133166,18.706340704540246,6.107906162773409,6.773300086249841,19.928936898673413,19.26354297519698,7.236797864970724,16.5836,3.8680176843704817,3.368780180600242,0.2851626727460342,0.2720395979106999,55.30959753214216,41.67561927666968,70.42178943299241,112.74853514810822,13.781209999999998,18.2426395964008,1.6807569122091497,-1.1433808885483336,-0.18983260151942138,-0.022889845430266786,0.12321604608620611,-1.1843934306360673,-0.1428131013265883,0.7687629751969816,-6.239146601564613,0.15105620106739748,-9.789036627552024,0.7552881800993877,12.374377206107733,-10.714776553235266,0.0,19.393446303721614,3.5707368290714534,3.0726602656423196,3.0,1.0
35,Unilateral,OECD37 as Home,3.5,0.9260213939573481,1.1324282073342935,1.0,3.5,0.05917325243544197,0.8194977073856359,0.03106931339370894,3.6548053549355743,22.387146796313598,26.041952151249173,5.486493326294418,0.5565294473757474,1.2084531962497944,18.79047701043015,6.043022773670166,6.694946522544213,19.998930206679944,19.347006457805897,7.295975237853089,16.583599999999997,3.830800773118001,3.4651744647350875,0.27915189937472157,0.2773775480010258,54.76593636773113,41.166709890872056,70.48912764132676,112.69823438115814,13.78121,18.23186137394211,1.8528087504437938,-1.2166825080521542,-0.20265407980151312,-0.011680999552264381,0.136705371138654,-1.2633532036864032,-0.07281979332005761,0.852226457805898,-6.234037848750827,0.15500178779261986,-9.949386987822983,0.8381148523252835,12.82360047149739,-10.925184073503985,0.0,19.34504581336029,3.6548053549355743,3.042100982953309,3.0,1.0
36,Unilateral,OECD37 as Home,3.6,0.9214487928846631,1.1606841860144934,1.0,3.6,0.05966207131840897,0.8194977073856359,0.030774633185307754,3.739389725357136,22.309356732184845,26.04874645754198,5.424086619511084,0.5560341212754748,1.194707515758704,18.873911660545815,5.980120740786559,6.618794135269788,20.06861917630452,19.42994578182129,7.356245889188562,16.583599999999997,3.794467135619774,3.5617787535687877,0.2733591261984337,0.282674995077041,54.23768975563574,40.676366342857506,70.55797310845504,112.64700432752299,13.781209999999998,18.220983719957093,2.027924948392717,-1.288539931635053,-0.21536708154596745,-0.0005027623657459078,0.1501733111038983,-1.3411432678151556,-0.003130823695482121,0.93516578182129,-6.2272435424580195,0.15891781360888269,-10.10704117581512,0.9202932011255928,13.261799572124259,-11.138899008967904,0.0,19.297224755213232,3.739389725357136,3.0121319769716113,3.0,1.0
37,Unilateral,OECD37 as Home,3.7,0.9169400776190759,1.1887460321426597,1.0,3.7,0.06015965291327713,0.8194977073856359,0.030486851631336014,3.824467961604218,22.232682443287104,26.05715040489132,5.363415811768304,0.5557103103365156,1.1813441838132446,18.95668089852392,5.91912612210482,6.544759995581549,20.138025082337165,19.512391208860436,7.4175969700494555,16.583599999999997,3.758984092094671,3.6586128779547846,0.2677738243953393,0.28793648594117627,53.72421277279408,40.20380304169083,70.6283216254841,112.59485590879125,13.781210000000002,18.210008572075044,2.206072959120683,-1.3590185219513564,-0.22798747821507684,0.010657146132100167,0.1636336157730811,-1.4178175567128974,0.06627508233716384,1.017611208860437,-6.21883959510868,0.16280445373842745,-10.262058699788785,1.00186055330088,13.688804956861034,-11.355846240568782,0.0,19.249955506517544,3.824467961604218,2.9827269367695592,3.0,1.0
38,Unilateral,OECD37 as Home,3.8000000000000003,0.9124932843623464,1.216615416388282,1.0,3.8000000000000003,0.06066589263924626,0.8194977073856359,0.030205720496248933,3.910024201004497,22.157088495347114,26.06711269635161,5.304412121381287,0.5555518961728013,1.1683480505823887,19.038800569665206,5.859964017554089,6.472760171963676,20.207148620247594,19.594352465838007,7.480015585776528,16.583599999999993,3.7243210354640985,3.755694550312429,0.2623859247405547,0.29316597143224654,53.2249022505721,39.74828517411421,70.70016879654013,112.54180008542326,13.781209999999998,18.19893779758862,2.3872313643361327,-1.4281655770092248,-0.24052842915342285,0.02180726299230151,0.17709682637662855,-1.4934115046528866,0.1353986202475923,1.0995724658380084,-6.208877303648389,0.16666183828182657,-10.41450782909604,1.0828340752517944,14.104315220574968,-11.576013742408561,0.0,19.203221478309924,3.910024201004497,2.9538670170371906,3.0,1.0
39,Unilateral,OECD37 as Home,3.9000000000000004,0.9081059473881206,1.244294015441322,1.0,3.9000000000000004,0.06118069829377847,0.8194977073856359,0.029930999941567272,3.996039173127227,22.082531049394746,26.07857022252197,5.247012672072168,0.5555534640549382,1.155705266958075,19.120298126832125,5.802566136127107,6.402717939030243,20.2760033937902,19.675851590887063,7.543490367932059,16.5836,3.69044839399533,3.8530419739367305,0.25718605407615786,0.29836740997878025,52.73918085559585,39.30911312479586,70.77351185229395,112.48784652059109,13.78121,18.187772923418013,2.5713701058932683,-1.496035200629278,-0.25300350902538393,0.032957811657760364,0.19057472840216236,-1.5679689506052554,0.20425339379020002,1.1810715908870648,-6.197419777478029,0.17049015453741945,-10.56444808522914,1.1632421688859587,14.508139638325035,-11.799351284639258,0.0,19.157000579723125,3.996039173127227,2.925530469671622,3.0,1.0
40,Unilateral,OECD37 as Home,4.0,0.9037759103643861,1.2717833260590654,1.0,4.0,0.061703979678644896,0.8194977073856359,0.029662463518076578,4.082494437240692,22.008971649796244,26.091466087036935,5.191157202672369,0.5557098426718257,1.1434025598353437,19.201196083797292,5.746867045344195,6.334559762507713,20.344598643632636,19.756905926469116,7.608010195206728,16.583599999999997,3.6573382468323485,3.9506719483743793,0.25216538710604547,0.30354445556578025,52.26650516029215,38.8856290398058,70.8483481923113,112.43300466740756,13.781209999999998,18.17651537440886,2.758459320390899,-1.562675679999105,-0.2654251763442992,0.044117970513580004,0.20407810596764606,-1.6415283502037568,0.27284864363263495,1.2621259264691176,-6.184523912963066,0.17428956886737412,-10.711938173987189,1.2431082683241672,14.900076893914147,-12.02581965492184,0.0,19.111273734869258,4.082494437240692,2.897697914926985,3.0,1.0
41,Unilateral,OECD37 as Home,4.1000000000000005,0.8995011753583311,1.299084839539662,1.0,4.1000000000000005,0.06223565330041918,0.8194977073856359,0.029399894679152477,4.169372506223375,21.93637464481415,26.105747151037527,5.136787882517297,0.5560161379994449,1.1314271914512355,19.281514865328894,5.692804020516742,6.268215073968532,20.41294205678013,19.83753100332834,7.673564772983503,16.583599999999993,3.6249638940939706,4.048600878889532,0.24731558393876332,0.30870055406068164,51.806358688678586,38.47720969225511,70.92467606202462,112.3772832762973,13.781210000000002,18.165166379377922,2.948469722055271,-1.62813194576117,-0.2778051686367709,0.055296374086394054,0.21761720505929932,-1.7141253551858497,0.34119205678012676,1.3427510033283419,-6.170242848962474,0.17806026469018188,-10.85703614537351,1.3224536776402438,15.279927631605114,-12.2553856834951,0.0,19.066023324175877,4.169372506223375,2.8703513206382754,3.0,1.0
42,Unilateral,OECD37 as Home,4.2,0.8952797548379641,1.326199925377372,1.0,4.2,0.06277564036040374,0.8194977073856359,0.0291430870831366,4.256655156659099,21.86470466398601,26.12135982064511,5.083850226069138,0.5564678080894646,1.119767160839304,19.36127590119854,5.640318034158602,6.203617386908442,20.48104306203784,19.917743709288004,7.740144385498581,16.583599999999997,3.593299894156354,4.146844491342227,0.242628815246607,0.31383899284285754,51.358251756389066,38.08326561235262,71.00249427656819,112.32069060565951,13.781209999999996,18.15372702286961,3.141368971718271,-1.692447910607764,-0.2901547751811746,0.06650164999527894,0.2312021466474459,-1.7857953360139902,0.40929306203783966,1.4229637092880054,-6.154630179354889,0.18180242917625478,-10.999796602524551,1.4013005567563641,15.64752452526027,-12.488009386446908,0.0,19.02123163419594,4.256655156659099,2.843473029790074,3.0,1.0
43,Unilateral,OECD37 as Home,4.3,0.8911099482043477,1.3531301240818467,1.0,4.3,0.06332386583869515,0.8194977073856359,0.028891844264835077,4.344325939584162,21.79393130500912,26.138257244593284,5.032291393182015,0.5570604697338281,1.1084108294465829,19.440495606038493,5.5893518629158425,6.140702222628597,20.548906435485076,19.99755607577232,7.80773978290789,16.583599999999997,3.562322023149243,4.245417759758649,0.2380976572297138,0.31896281250411435,50.92172023418728,37.70323926775862,71.0818020968916,112.26323451786159,13.781209999999998,18.142198271365853,3.3371272404580985,-1.7556623173677042,-0.30248444645222333,0.0777414811788194,0.24484221383678334,-1.8565686949908802,0.4771564354850746,1.5027760757723208,-6.1377327554067165,0.18551624883596884,-11.140274915823316,1.4796661630030352,16.00267744006333,-12.72366536464926,0.0,18.976883805338026,4.344325939584162,2.817047499671094,3.0,1.0
44,Unilateral,OECD37 as Home,4.4,0.8869900284549559,1.3798767609707943,1.0,4.4,0.06388026001245181,0.8194977073856359,0.02864597824445892,4.432367763822682,21.724023805689733,26.156391569512415,4.982061539435069,0.557790063052778,1.0973472185575026,19.51919197432796,5.539851602487847,6.079408757992572,20.61653919288546,20.076982037380738,7.876342368487293,16.583599999999997,3.5320071034403595,4.344335265046935,0.2337151264433308,0.32407493660944725,50.49632252087404,37.33660174600631,71.16259945727725,112.20492232011912,13.78121,18.13058094748771,3.5357119458581217,-1.8178135852311836,-0.3148043480618996,0.08902368334682602,0.258546709453724,-1.9264761943102684,0.5447891928854602,1.582202037380739,-6.119598430487585,0.18920192146662973,-11.278523282453193,1.55756919871387,16.34522898103584,-12.962320676227975,0.0,18.932964525064126,4.432367763822682,2.7910592806256056,3.0,1.0
45,Unilateral,OECD37 as Home,4.5,0.8829182716961719,1.4064411374320944,1.0,4.5,0.06444475740496292,0.8194977073856359,0.028405309431598573,4.520762927000262,21.654951540428527,26.17571446742879,4.933113584074753,0.5586528184709985,1.0865659581809377,19.597383975757236,5.4917664025457515,6.01967954225569,20.683949933938173,20.156036794228235,7.9459440690543985,16.583599999999997,3.502332991795604,4.443611077258795,0.22947464984075236,0.32917816863024607,50.08163882980838,36.98285153393566,71.2448868229481,112.14576087463706,13.781210000000002,18.1188757581383,3.7370877622441965,-1.8789393789820426,-0.3271243157651878,0.10035611189518434,0.27232487866462524,-1.9955484595714736,0.6121999339381716,1.6612567942282368,-6.10027553257121,0.1928596499362566,-11.414590981393927,1.635029200240336,16.675051067253374,-13.203936224033583,0.0,18.88945834180709,4.520762927000262,2.7654931986214404,3.0,1.0
46,Unilateral,OECD37 as Home,4.6000000000000005,0.8788932991264103,1.4328246920327152,1.0,4.6000000000000005,0.06501729549925016,0.8194977073856359,0.028169666585750448,4.609496418898037,21.5866898147845,26.196186233682536,4.885401265721519,0.559645024733485,1.0760568588008068,19.67508392740544,5.4450462904550045,5.961458124522326,20.751140786206246,20.234728952138923,8.016537176357476,16.5836,3.473278574512037,4.543258601845438,0.2253699578275867,0.33427506690589825,49.67727059990686,36.64151341626632,71.32866500992152,112.08575673342946,13.781210000000002,18.10708332609181,3.9412242011667695,-1.939071533547627,-0.33945342062669087,0.1117455122433584,0.2861850511982578,-2.0638101852155017,0.6793907862062447,1.7399489521389242,-6.079803766317465,0.19648963512994744,-11.5485294974748,1.712059336407732,16.99197249699751,-13.448493897165642,0.0,18.846353333420243,4.609496418898037,2.740336481364256,3.0,1.0
47,Unilateral,OECD37 as Home,4.7,0.8749135875620092,1.4590286707156226,1.0,4.7,0.06559781645028881,0.8194977073856359,0.027938885555674507,4.698551493076938,21.519211556021048,26.217763049097986,4.838881493295527,0.5607633140965357,1.0658104291901884,19.752308184431644,5.399644807392063,5.904691922485715,20.818118613621834,20.31307149852818,8.088114558189822,16.5836,3.4448236119825184,4.643290946207305,0.22139516946691806,0.3393681446296176,49.28283784763498,36.312135672100496,71.41393544208307,112.02491595887196,13.78121,18.095204158991066,4.148085588257151,-1.9982434561286773,-0.3518006937098359,0.12319918346913454,0.3001359165419605,-2.131288443978953,0.7463686136218328,1.8182914985281826,-6.058226950902014,0.20009208806965562,-11.680385729862701,1.7886765481581293,17.295876727571144,-13.695959260603482,0.0,18.80363589071415,4.698551493076938,2.7155756653068965,3.0,1.0
48,Unilateral,OECD37 as Home,4.800000000000001,0.8709777969371311,1.4850543369714442,1.0,4.800000000000001,0.06618626398790999,0.8194977073856359,0.027712810030707205,4.787912389791833,21.45249286334275,26.240405253134583,4.7935127188881745,0.5620044467566672,1.0558175180205451,19.829069890478863,5.355517165644842,5.8493302369087194,20.88488740849941,20.39107433723553,8.160669276522107,16.583600000000004,3.4169488313314864,4.743720445190621,0.21754470888706987,0.3444597378695974,48.897980009285256,35.994290259771034,71.50069970376325,111.96324444828952,13.781210000000002,18.083238716844605,4.357637296459038,-2.0564852562358547,-0.36417467881613047,0.13472388220904544,0.3141856865186711,-2.1980071366572496,0.8131374084994079,1.8962943372355312,-6.035584746865418,0.20366721150418254,-11.810206253673593,1.8648946857098487,17.58663683165082,-13.946305614934792,0.0,18.76129422818646,4.787912389791833,2.69119863515629,3.0,1.0
49,Unilateral,OECD37 as Home,4.9,0.8670845773789901,1.5109029617513077,1.0,4.9,0.06678258735002103,0.8194977073856359,0.027491289530392156,4.877563288956905,21.386509731611902,26.26407302056881,4.749255396646447,0.5633654089822066,1.0460694149354375,19.905383153397533,5.3126208056286535,5.795324811581884,20.95145256833297,20.46874856237974,8.234195072462818,16.5836,3.3896356785393746,4.8445593939234435,0.21381329814358574,0.34955211083862076,48.52235209766377,35.687569128903306,71.58896012461257,111.90074752173992,13.781210000000002,18.071187335209917,4.56984337662851,-2.1138266599202997,-0.37658375458842464,0.1463264664736275,0.3283426183583969,-2.263990268388099,0.87970256833297,1.973968562379742,-6.0119169794311915,0.20721522504651801,-11.938035792745548,1.9407284710532027,17.86414783004517,-14.199502458151049,0.0,18.719316324731718,4.877563288956905,2.6671934068801852,3.0,1.0
50,Unilateral,OECD37 as Home,5.0,0.863232802006598,1.536575744049275,1.0,5.0,0.06738673514802702,0.8194977073856359,0.027274181291919778,4.967489607257747,21.32124199264587,26.288731599903617,4.706071248292428,0.5648432608568885,1.0365576887740962,19.981257800241856,5.270914509149317,5.742628937066524,21.017815489015952,20.546101061098746,8.308685609873512,16.583599999999997,3.362866551161147,4.945819058712366,0.2101959272972885,0.35464733355960004,48.15562752676777,35.391586077247915,71.6787188793231,111.83743056494082,13.781209999999998,18.059050352665963,4.784669674627248,-2.170293615490251,-0.3890358243627224,0.15801313820040247,0.34261441949218774,-2.329258007354131,0.9460654890159503,2.051321061098747,-5.987258400096383,0.2107363291009663,-12.063919112803331,2.016188573665503,18.12828404538843,-14.455529713144296,0.0,18.67769244187316,4.967489607257747,2.643549550772711,3.0,1.0
51,Unilateral,OECD37 as Home,5.1000000000000005,0.8594211783518786,1.5620739012503484,1.0,5.1000000000000005,0.06799866318565388,0.8194977073856359,0.02706134698676665,5.057675455996456,21.256666726058413,26.31434218205487,4.663924405683773,0.5664353605679884,1.0272744392314115,20.056708070824044,5.230359766251762,5.691198844915185,21.083982510055456,20.623143431392034,8.384135439418445,16.583599999999997,3.3366243934927473,5.047511045925698,0.20668786950668794,0.35974749106130044,47.797492194079155,35.10597149593067,71.7699791516592,111.77329820982763,13.78121,18.04682795578818,5.00207782061358,-2.2259140392291594,-0.40153886090619456,0.1697907258138493,0.3570092525401211,-2.3938332739415884,1.0122325100554548,2.128363431392035,-5.961647817945131,0.21423075189287855,-12.187897485384184,2.091289761728505,18.37897217115903,-14.714352585723903,0.0,18.63641093821673,5.057675455996456,2.620255787841683,3.0,1.0
52,Unilateral,OECD37 as Home,5.2,0.8556487027705291,1.5873987393177025,1.0,5.2,0.0686183270555214,0.8194977073856359,0.02685265505284476,5.148107249250857,21.19276595550003,26.340873204750885,4.6227796054063255,0.5681390692278486,1.018211899199503,20.13174224581245,5.190918674634174,5.640991504605829,21.149954145011954,20.699881315040297,8.460539085732776,16.5836,3.3108929841216814,5.149646101611095,0.20328460849326124,0.3648544607345874,47.44764809917576,34.830374902799306,71.86274404206993,111.70835511046046,13.78121,18.034520330785924,5.222033912677268,-2.2807111861403646,-0.4141003672357914,0.18166519416686502,0.37153461188925835,-2.457734044499972,1.0782041450119522,2.2051013150402987,-5.935116795249115,0.2176987065299134,-12.310013758825542,2.166041231970883,18.61609713084711,-14.975953932116958,0.0,18.595463188090964,5.148107249250857,2.5973027674090656,3.0,1.0
53,Unilateral,OECD37 as Home,5.300000000000001,0.8519142669314224,1.6125514600694448,1.0,5.300000000000001,0.06924568509984191,0.8194977073856359,0.026647979240907182,5.2387699056139825,21.12951997797222,26.3682898835862,4.582603891130409,0.5699519911187171,1.009362809728152,20.206371645980244,5.152555882249127,5.591966700858562,21.215734455708397,20.77632363709896,8.537891412472362,16.583599999999997,3.2856567567009685,5.252234655771394,0.199981893903976,0.36997009721474117,47.105810575711686,34.564462309468674,71.95701701066041,111.6426056327318,13.781210000000002,18.022127605789528,5.444499413979121,-2.334709433889511,-0.4267278251012703,0.19364294618306346,0.38619828226554387,-2.520980022027782,1.1439844557083951,2.281543637098963,-5.9077001164138,0.22114040928323497,-12.4303071656069,2.2404549690100466,18.83958933603921,-15.24030344949248,0.0,18.554839331309232,5.2387699056139825,2.5746806466629866,3.0,1.0
54,Unilateral,OECD37 as Home,5.4,0.8482168948376707,1.6375331188215312,1.0,5.4,0.06988069914547794,0.8194977073856359,0.026447198079483987,5.3296498436791895,21.066911376149037,26.396561219828225,4.543365156568944,0.571871806929957,1.0007200990972387,20.280605052497016,5.1152369634989014,5.544085255666182,21.281325151594256,20.85247685942697,8.616187712945338,16.583599999999993,3.2609007339765257,5.355286978968813,0.1967756642496953,0.3750961426802617,46.77170711589149,34.30791494773585,72.05280199402888,111.57605377732975,13.781209999999994,18.009649838564513,5.669438447816206,-2.3879308542424624,-0.4394285092055289,0.205730045693132,0.4010078100407043,-2.5835886238509644,1.2095751515942545,2.357696859426973,-5.879428780171775,0.22455608386141757,-12.548817445601362,2.3145406095650634,19.049363457880958,-15.507379469185235,0.0,18.514530848065593,5.3296498436791895,2.552380528083445,3.0,1.0
55,Unilateral,OECD37 as Home,5.5,0.8445556331068999,1.662345036129344,1.0,5.5,0.07052333115434402,0.8194977073856359,0.02625019564011109,5.4207330265819555,21.004923156934947,26.425656183516903,4.5050329547776355,0.573896339424412,0.9922770610729338,20.354451301442413,5.078929294202047,5.497310015850569,21.346728362515346,20.928347640866825,8.695423297111592,16.583599999999997,3.236610622138758,5.458812674972835,0.19366208036694607,0.38023425905746583,46.44507837722162,34.06042969237608,72.1501029051477,111.50870353078845,13.781209999999998,17.997087084141285,5.896813064367762,-2.4403968341345,-0.45220955351491915,0.21793258342338362,0.4159707321333255,-2.6455768430650544,1.2749783625153448,2.4335676408668263,-5.850333816483097,0.2279459437900231,-12.665582264385316,2.3883078065041454,19.245351678052693,-15.777156495021774,0.0,18.474529375097454,5.4207330265819555,2.5303937818374918,3.0,1.0
56,Unilateral,OECD37 as Home,5.6000000000000005,0.8409296172929603,1.686988315503972,1.0,5.6000000000000005,0.07117354695739839,0.8194977073856359,0.026056860065087596,5.51200666684696,20.943539871807403,26.455546538654364,4.467577699690512,0.5760234959310144,0.9840271790381813,20.427917573532998,5.043601195621527,5.451604878728693,21.41194475257118,21.003941069464013,8.775593951978358,16.583599999999997,3.2127726292972048,5.5628213226811525,0.19063747240034787,0.38538602353066653,46.125675482259794,33.82171665349373,72.24892420049122,111.4405584741517,13.78121,17.984439322875524,6.126587510858772,-2.492127147365956,-0.46507798695578645,0.2302564678227005,0.43109448380139703,-2.7069601281925983,1.340194752571179,2.509161069464014,-5.820443461345636,0.23131021303517418,-12.7806394654856,2.4617647127389186,19.427476534338943,-16.049615154491978,0.0,18.43482743576019,5.51200666684696,2.508712436047213,3.0,1.0
57,Unilateral,OECD37 as Home,5.7,0.8373379133127504,1.7114641312252696,1.0,5.7,0.07183131268014199,0.8194977073856359,0.02586708440156008,5.60345645825401,20.882744930017957,26.486201388271965,4.430971745781897,0.5782513705829525,0.9759643637986855,20.501013273070157,5.00922311636485,5.406936109580583,21.476977636868842,21.079264643653108,8.856695500869579,16.583599999999993,3.1893735683219018,5.667321932547677,0.1876983854846733,0.3905529850982792,45.81326117007923,33.59149973794136,72.34927034306227,111.37162215759416,13.78121,17.971706531698107,6.358721315579561,-2.543142237931881,-0.47804078103569536,0.24270793479788763,0.4463867019976982,-2.7677550699820443,1.4052276368688403,2.5844846436531093,-5.789788611728035,0.2346491075274152,-12.894023604517258,2.534921468066945,19.59570100023369,-16.3247244415633,0.0,18.39541670906018,5.60345645825401,2.48732822095778,3.0,1.0
58,Unilateral,OECD37 as Home,5.800000000000001,0.833779688582301,1.7357736513162627,1.0,5.800000000000001,0.07249659909007754,0.8194977073856359,0.02568076508323003,5.695069736799375,20.822523493703958,26.517593230503334,4.395188020092354,0.5805781183584213,0.9680826522734004,20.573745779593395,4.9757661384507745,5.363270672365754,21.541828431866794,21.154323897951816,8.93872433946123,16.5836,3.16640066964014,5.772323669821089,0.1848415035592693,0.39573661479915206,45.50760707494682,33.36951433048298,72.4511464685995,111.30189764479125,13.78121,17.95888860097468,6.593177259949713,-2.5934607909832366,-0.4911048369011975,0.255293007882694,0.46185492323834504,-2.827976506296043,1.470078431866792,2.659543897951817,-5.758396769496667,0.23796285777528747,-13.0057699932933,2.6077863878217333,19.749971601098736,-16.60246181702711,0.0,18.356289905705992,5.695069736799375,2.4662335879979667,3.0,1.0
59,Unilateral,OECD37 as Home,5.9,0.8302542111692128,1.759918074885634,1.0,5.9,0.07316937497601216,0.8194977073856359,0.025497803587279905,5.786834209882226,20.76286246085313,26.549696670735354,4.360200510666698,0.5830019485062063,0.9603763150777239,20.646120521257508,4.9432024591729045,5.320576825744422,21.606496836335232,21.229122469763716,9.021676619458997,16.5836,3.143841785533017,5.877834833925981,0.18206367671540383,0.40093827179080244,45.208496246994194,33.15550885628018,72.5545573778645,111.23138820679316,13.78121,17.94598546348432,6.829918265659084,-2.6430997832892373,-0.5042769158173207,0.26801750243771016,0.4775065321557416,-2.8876375391468727,1.5347468363352306,2.7343424697637175,-5.726293329264646,0.2412516758322829,-13.115913085100088,2.680365986365501,19.890230404550095,-16.882807640724685,0.0,18.317440771003948,5.786834209882226,2.445421689849179,3.0,1.0
60,Unilateral,OECD37 as Home,6.0,0.8267607865260543,1.7838983792914465,1.0,6.0,0.07384961245223165,0.8194977073856359,0.025318104687797462,5.878738315580449,20.70374939240922,26.58248770798967,4.325984083971186,0.5855211585327239,0.9528398163078683,20.718142349958825,4.911505242503909,5.278823900279054,21.670982166266693,21.30366350849155,9.105548902595228,16.583599999999997,3.121685174785218,5.983863727810009,0.17936189539746153,0.4061592631352623,44.91572008868857,32.94924226101662,72.65950834938671,111.16009676612735,13.78121,17.932996992673047,7.068908378008422,-2.6920754053055935,-0.5175637870078569,0.2808872437815452,0.4933489729921154,-2.9467506075907792,1.5992321662666917,2.808883508491551,-5.693502292010329,0.24451578251740214,-13.224486923389241,2.7526662898228684,20.01641912823188,-17.165744577344746,0.0,18.278863397512715,5.878738315580449,2.4248859948965062,3.0,1.0
61,Unilateral,OECD37 as Home,6.1000000000000005,0.8232985782458322,1.807715906294526,1.0,6.1000000000000005,0.07453728629167986,0.8194977073856359,0.02514157648754423,5.970768525243684,20.64516947792159,26.615938003165276,4.292515422009472,0.5881342566132588,0.94546801994971,20.789820048890643,4.8806496786227305,5.237983441959182,21.735288068840354,21.377954305503902,9.190338078410901,16.583599999999997,3.0999195066020215,6.09041857180888,0.17673332436325617,0.4114009322500026,44.62907823948143,32.75048370533561,72.76600504425959,111.08802596668404,13.781210000000002,17.919923016839107,7.310105750284603,-2.7404055748936536,-0.5309722461488133,0.29390861952693276,0.50939007399866,-3.0053305220784097,1.663538068840353,2.8831743055039034,-5.660051996834724,0.24775540381116368,-13.331522023216433,2.824696846282324,20.128534596116516,-17.451239437540714,0.0,18.240550244010063,5.970768525243684,2.4046192339115278,3.0,1.0
62,Unilateral,OECD37 as Home,6.2,0.8198669412256604,1.8313716214836542,1.0,6.2,0.07523237254663097,0.8194977073856359,0.02496813060453709,6.062913777122274,20.587111171497728,26.65002494862,4.259771323052476,0.5908397209444348,0.9382558155981143,20.86115802559782,4.850611043996911,5.19802713865059,21.799413841195936,21.451997746542254,9.276041194186531,16.5836,3.0785338836145364,6.197507310571995,0.17417522852801487,0.41666449241642,44.34837871542692,32.559012427198645,72.87405329777367,111.01517831827478,13.781210000000002,17.906763346328994,7.553474205525439,-2.788105279677515,-0.5445090398758966,0.3070875530540584,0.5256374185646383,-3.063388828502273,1.727663841195934,2.9572177465422556,-5.62596505138,0.2509707643225463,-13.437050643202692,2.8964632830084422,20.226531723047575,-17.739274601530603,0.0,18.202495817698658,6.062913777122274,2.3846153537990697,3.0,1.0
63,Unilateral,OECD37 as Home,6.300000000000001,0.816465244128036,1.8548667528188214,1.0,6.300000000000001,0.0759348447095516,0.8194977073856359,0.024797682901072204,6.155162289916431,20.52956318587466,26.68472547579109,4.227729841482774,0.5936361158860053,0.9311983695186825,20.932160769457823,4.82136595736878,5.158928211001457,21.863359138976506,21.52579688534383,9.362654981582136,16.583599999999997,3.057517931767281,6.305137049814855,0.17168502091438692,0.42195109497161837,44.0734389221102,32.37461816247291,72.98365852182071,110.94155659898851,13.78121,17.893517846293868,7.798974980969635,-2.8351890912136417,-0.5581808552631323,0.3204300442626605,0.542098638370661,-3.12093681412534,1.7916091389765043,3.0310168853438313,-5.59126452420891,0.2541620703394505,-13.541103055187042,2.9679712614052374,20.310383157395943,-18.02982771942417,0.0,18.164694721664578,6.155162289916431,2.3648684642100823,3.0,1.0
64,Unilateral,OECD37 as Home,6.4,0.8130928352410204,1.8782024723190642,1.0,6.4,0.07664468381183319,0.8194977073856359,0.024630150832707875,6.24750311680345,20.472513913645667,26.720017030449117,4.196369683379928,0.5965221163382453,0.9242909915195776,21.00283349522871,4.7928917997181735,5.120660674899506,21.927124486748287,21.599355611566956,9.450177101796104,16.583599999999997,3.0368614734516597,6.413315628344444,0.16926021505609395,0.4272619012821514,43.80408122485075,32.1970979256551,73.09482728081346,110.86716279680662,13.781209999999998,17.880186246452304,8.04657084409385,-2.8816716432915306,-0.5719945190106327,0.33394231701927535,0.558781626293246,-3.177986086354334,1.8553744867482855,3.1045756115669576,-5.555972969550883,0.25732955629826604,-13.643709374027052,3.039227163565055,20.38006697115991,-18.322877478339432,0.0,18.127141276088565,6.24750311680345,2.3453726375571016,3.0,1.0
65,Unilateral,OECD37 as Home,6.5,0.8097490974363235,1.901379764517324,1.0,6.5,0.07736186619089541,0.8194977073856359,0.02446545626209409,6.339924480583095,20.41595235581353,26.755876836396624,4.1656707343866275,0.5994964578847366,0.9175292512191441,21.073181011790897,4.765167192271364,5.083199985605772,21.99071026301004,21.672677469675634,9.538604637267,16.583599999999997,3.0165548744470163,6.522049762819983,0.1668984620476151,0.4325979958371215,43.54013735090801,32.026258753176855,73.20756538610415,110.79199939165635,13.78121,17.866768372258875,8.296221668249608,-2.927566877888306,-0.5859567636245789,0.3476306021518941,0.575694261238875,-3.2345476441864704,1.9189602630100389,3.177897469675635,-5.5201131636033764,0.26047342934999274,-13.744897730559257,3.1102369358261805,20.435576992768127,-18.618398198911656,0.0,18.08983012995923,6.339924480583095,2.3261222258543017,3.0,1.0
66,Unilateral,OECD37 as Home,6.6000000000000005,0.8064335168343673,1.9243998839379919,1.0,6.6000000000000005,0.07808637355070144,0.8194977073856359,0.02430352290365749,6.432416956744588,20.359869281980707,26.792286238725296,4.135612958595652,0.6025578859549923,0.9109087355151183,21.14320566326853,4.738170844550644,5.04652169411077,22.05411439878365,21.745763549223526,9.627935332120288,16.583599999999993,2.996588728854043,6.631346603266245,0.16459748485608022,0.43796040109891204,43.28144414557643,31.861914681894117,73.32187947156649,110.71606830103106,13.78121,17.853263956002444,8.547893048781741,-2.9728871228667164,-0.6000744863822434,0.36150100098092125,0.5928444880960939,-3.290630718019294,1.9823643987836483,3.250983549223527,-5.483703761274704,0.26359391480476124,-13.844697796651268,3.181004417297764,20.476875121865532,-18.916376440674753,0.0,18.05275703378496,6.432416956744588,2.307112248195748,3.0,1.0
67,Unilateral,OECD37 as Home,6.7,0.8031454657292438,1.9472638266712226,1.0,6.7,0.0788181857938007,0.8194977073856359,0.02414427784861101,6.524968648123455,20.304253557368604,26.82922220549206,4.10617795366131,0.6057053076676452,0.9044253911129557,21.212913128103317,4.711883261328955,5.010603344774266,22.117338519216272,21.81861843577096,9.718166708369793,16.583599999999997,2.9769540471262257,6.7412126612435666,0.16235514776028326,0.44335015990736193,43.02784589855323,31.703888074772898,73.43777587110378,110.63937163121896,13.781209999999998,17.839672771473396,8.801543268280305,-3.01764607398173,-0.6143545252664283,0.3755600745966935,0.6102405245038056,-3.346246442631397,2.0455885192162704,3.3238384357709627,-5.446767794507942,0.2666912246276466,-13.943135554509897,3.251536338695327,20.503980032341836,-19.216782030499395,0.0,18.015916416887347,6.524968648123455,2.2883371404812567,3.0,1.0
68,Unilateral,OECD37 as Home,6.800000000000001,0.7998844567030721,1.9699728560251635,1.0,6.800000000000001,0.07955728785605422,0.8194977073856359,0.02398764991709751,6.617570580579648,20.249096440161424,26.866667020741072,4.077347161054369,0.608937604870582,0.8980751303171763,21.28230561432814,4.686284765924951,4.975422291371545,22.18038074464532,21.891243219198724,9.8092969086293,16.5836,2.9576420528915772,6.851654855737723,0.16016937046733906,0.448768234403243,42.77919159911984,31.55200770002788,73.55526170091589,110.56191096099842,13.781209999999998,17.825994507000576,9.0571380050845,-3.0618553289048833,-0.6288039321890457,0.3898141694867327,0.6278906310867091,-3.4014035598385775,2.1086307446453176,3.3964632191987256,-5.409322979258928,0.2697655868550791,-14.040239148779623,3.321836448471039,20.516864869512393,-19.51960100571995,0.0,17.979304230418958,6.617570580579648,2.269792209742467,3.0,1.0
69,Unilateral,OECD37 as Home,6.9,0.7966499429101125,1.9925279527082955,1.0,6.9,0.0803036602957001,0.8194977073856359,0.02383357155951256,6.7102116757558585,20.19438820238026,26.904599878136118,4.049103438177039,0.61225377043687,0.8918541773048895,21.351387295028672,4.661357208613909,4.940957615481929,22.243241472333562,21.96364106546554,9.901323535758053,16.583599999999997,2.9386444173829442,6.9626791183751084,0.15803820034592442,0.4542155700909456,42.535337852392985,31.406110354830574,73.67434336924302,110.48368832793898,13.781210000000002,17.81222894022557,9.314636600701427,-3.1055271208218134,-0.6434296744807029,0.4042699232540661,0.6458032253784317,-3.456111797619741,2.1714914723335603,3.4688610654655427,-5.371390121863882,0.272817206168698,-14.13603355216233,3.3919101439111645,20.515546808532783,-19.824806296376867,0.0,17.942915714411907,6.7102116757558585,2.251472487968352,3.0,1.0
70,Unilateral,OECD37 as Home,7.0,0.793441482275488,2.014930222113478,1.0,7.0,0.08105728807713297,0.8194977073856359,0.023681976848481518,6.802883214728948,20.14012090627724,26.943004121006187,4.021429632879385,0.6156527886471107,0.8857587541492522,21.420159733614483,4.637082421526496,4.907188387028637,22.305918487763734,22.035812522261594,9.994244735887984,16.583599999999997,2.9199530118517267,7.074291724036257,0.15595973986059372,0.4596930487865169,42.296145584744465,31.266038661077253,73.79502797188127,110.40470530782852,13.781209999999996,17.79837577541547,9.574004396719868,-3.1486721019382458,-0.6582389628200315,0.41893388402994564,0.6639868551329616,-3.5103790937227615,2.234168487763732,3.5410325222615953,-5.332985878993814,0.27584630091808804,-14.230545281117013,3.461760608563821,20.500007879473667,-20.132383419574136,0.0,17.906747243963686,6.802883214728948,2.233373662313555,3.0,1.0
71,Unilateral,OECD37 as Home,7.1000000000000005,0.7902584880438049,2.0371810525946232,1.0,7.1000000000000005,0.08181815787301443,0.8194977073856359,0.02353280198026118,6.895574095815122,20.086284184291344,26.981858280106465,3.994309992458185,0.6191338219905682,0.8797853911650892,21.488628628550742,4.613443814448753,4.874095383623274,22.368414019715832,22.107762450541312,10.08805886577779,16.583599999999997,2.9015599693899654,7.186498896387824,0.1539322024565664,0.4652016195340018,42.061480752227396,31.131641368566235,73.9173228700447,110.3249632974222,13.781209999999998,17.784434694030296,9.835199557483978,-3.191302709343723,-0.673238975584146,0.4338131616721498,0.6824504265666382,-3.564215815708657,2.2966640197158306,3.6129824505413133,-5.294131719893535,0.2788530914703139,-14.323797533132295,3.5313946172968125,20.470291737592113,-20.442300710288848,0.0,17.870793520715566,6.895574095815122,2.2154906635757774,3.0,1.0
72,Unilateral,OECD37 as Home,7.2,0.7871006361564242,2.0592811755811686,1.0,7.2,0.08258625171143838,0.8194977073856359,0.023385986385573224,6.988276615770867,20.032872128576546,27.021148744347414,3.9677284169777995,0.6226958829707762,0.8739305421859285,21.55679294890103,4.590424299948576,4.841658959163728,22.430723491086958,22.179488831871808,10.182763709517847,16.583599999999997,2.8834578218944795,7.299305887623367,0.15195384944514453,0.4707420335256316,41.83121599180852,31.002774116845497,74.04123466801408,110.24446418024316,13.78121,17.770405470910088,10.098189303014223,-3.2334277058450214,-0.6884371373791748,0.4489143203991995,0.7012026915005664,-3.617627871423455,2.3589734910869566,3.6847088318718093,-5.254841255652586,0.2818377755912329,-14.415816088181202,3.600813067368836,20.426367032858295,-20.754549273509536,0.0,17.835052171944923,6.988276615770867,2.1978199566316228,3.0,1.0
73,Unilateral,OECD37 as Home,7.300000000000001,0.7839673916272568,2.0812318595258903,1.0,7.300000000000001,0.0833615604568751,0.8194977073856359,0.023241470016556402,7.080980921463019,19.97987527943722,27.06085620090024,3.9416700677055174,0.6263382182785189,0.8681909388374357,21.624657428294977,4.568008285984036,4.8098610065429535,22.492848367132414,22.250995646573497,10.2783581407107,16.583599999999997,2.8656391655520466,7.412718975158654,0.15002303224329802,0.47631518603522094,41.60522627389944,30.879296818272877,74.16677138551084,110.16320891372922,13.781210000000002,17.75628772771469,10.362934337830787,-3.2750585331566366,-0.7038409486629866,0.46424472705769193,0.720252977444586,-3.670624720562781,2.421098367132412,3.756215646573498,-5.21513379909976,0.2848005814133243,-14.506623722569536,3.670021943222532,20.368271926231838,-21.069101932915792,0.0,17.799518403721024,7.080980921463019,2.1803568757161966,3.0,1.0
74,Unilateral,OECD37 as Home,7.4,0.7808583799671113,2.103034209302282,1.0,7.4,0.08414406976727488,0.8194977073856359,0.023099195960424403,7.173678788538963,19.92728690690015,27.100965695439115,3.916120243383098,0.6300599958392035,0.8625633430253576,21.692222784447832,4.546180239222301,4.778683586408455,22.55478612747319,22.322282780287036,10.37484039100266,16.583599999999997,2.8480969830995866,7.526743407903073,0.14813816390909182,0.48192183193011157,41.383392925760916,30.76107578436623,74.29394019704822,110.08119900098103,13.781209999999996,17.74208118976626,10.629399549261407,-3.316204353055335,-0.7194580883066549,0.4798114909885201,0.739610590217665,-3.723213093099851,2.483036127473188,3.8275027802870376,-5.1750243045608855,0.2877417126327031,-14.596244015653477,3.7390237011550815,20.296006459175388,-21.38594293469194,0.0,17.764189201983086,7.173678788538963,2.163097704917064,3.0,1.0
75,Unilateral,OECD37 as Home,7.5,0.7777731914093198,2.1246893005587686,1.0,7.5,0.08493376802217381,0.8194977073856359,0.022959108823592707,7.2663617391415425,19.875099698744044,27.14146143788559,3.8910648979364324,0.6338604668476933,0.8570446609660803,21.759490855158916,4.524925364784126,4.748109558902513,22.616535516124998,22.39335132200661,10.472209027607589,16.5836,2.8308244445893727,7.641384583018215,0.14629772645068573,0.4875627403970075,41.165601019704795,30.64798211859958,74.4227487113922,109.99843565986686,13.781210000000002,17.727785541158116,10.897548700125164,-3.356874667668454,-0.7352963871139199,0.49562203916868414,0.7592851563379305,-3.7754003012559565,2.544785516124996,3.8985713220066103,-5.134528562114411,0.2906613795454498,-14.68469949772972,3.807821798667446,20.209587670182845,-21.70505286122705,0.0,17.729061119425552,7.2663617391415425,2.1460385793184944,3.0,1.0
76,Unilateral,OECD37 as Home,7.6000000000000005,0.7747113982181586,2.1461982610858765,1.0,7.6000000000000005,0.08573064300843213,0.8194977073856359,0.02282115525772164,7.359020676734155,19.823306052560127,27.18232672929428,3.8664907003974,0.6377389459194025,0.8516319563849969,21.82646422550617,4.504229646316802,4.718122656782397,22.678096181891167,22.464203171425574,10.570462544663267,16.5836,2.8138149722493666,7.7566475724139,0.14450027435069127,0.49323867156871126,40.95174012331337,30.539891989345783,74.55320443559974,109.91492017036953,13.781209999999998,17.713400485044176,11.167343341478695,-3.3970790858328264,-0.7513637521841177,0.5116840362967419,0.7792865292557154,-3.8271939474398735,2.6063461818911655,3.969423171425575,-5.093663270705719,0.2935597865578231,-14.772011359148882,3.8764203148098573,20.109051692205504,-22.026407593332703,0.0,17.694130469226735,7.359020676734155,2.129175583333394,3.0,1.0
77,Unilateral,OECD37 as Home,7.7,0.7716726208683458,2.1675621325065233,1.0,7.7,0.08653468616206522,0.8194977073856359,0.022685283144090636,7.45164793102982,19.77189919462226,27.223547125652082,3.8423844651681023,0.6416947622732315,0.8463223250266974,21.893144268942358,4.484079227441334,4.6887067901948,22.739466593969055,22.53483903121559,10.669599886242938,16.583599999999997,2.797062139917764,7.872537746325174,0.14274440613011358,0.4989503561431179,40.741702966705276,30.43668582371018,74.68531547099714,109.8306534300268,13.781209999999998,17.69892566705937,11.43874876961237,-3.436826456931686,-0.7676684134461041,0.5280052957181345,0.799624880813128,-3.87860080537774,2.667716593969054,4.040059031215591,-5.052442874347918,0.29643714769707497,-14.858201410417186,3.9448223471493966,19.994416153051738,-22.349989888738826,0.0,17.659394080326955,7.45164793102982,2.1125051142953075,3.0,1.0
78,Unilateral,OECD37 as Home,7.800000000000001,0.7686564625990547,2.1887819705819513,1.0,7.800000000000001,0.08734588693613182,0.8194977073856359,0.022551442495260917,7.544234980222949,19.720872072244376,27.265107052467325,3.818733737428286,0.6457273013647177,0.8411130235966128,21.95953310551418,4.4644610387930035,4.659846761024899,22.800646129110792,22.605260406878898,10.769619751924226,16.583599999999997,2.780559784216678,7.989059967707548,0.141028790334646,0.5046985110300717,40.53538677668633,30.33824886005285,74.81908959320734,109.74563654419771,13.781209999999998,17.68436077701125,11.711727423482817,-3.476125736475045,-0.7842186634374582,0.5445938685226085,0.820310601927525,-3.929627927755625,2.7288961291107903,4.110480406878899,-5.010882947532675,0.2992936661495069,-14.943289950350616,4.013031592647743,19.865720218296325,-22.67577685353721,0.0,17.624848552573017,7.544234980222949,2.096023519671361,3.0,1.0
79,Unilateral,OECD37 as Home,7.9,0.7656626051395565,2.209858990342767,1.0,7.9,0.0881642350462987,0.8194977073856359,0.022419584972520022,7.636774757048055,19.670218972745488,27.306993729793543,3.7955261751203104,0.6498359262689735,0.8360013336372302,22.02563081407978,4.445362101389284,4.63152750875754,22.86163214771701,22.675466740348753,10.870520873663885,16.583599999999997,2.7643019450537585,8.106218928610128,0.13935213781331748,0.510483788455656,40.33269246450904,30.244470601117175,74.95453461812379,109.65987059071901,13.78121,17.669705508058946,11.986245671763225,-3.5149847438162105,-0.8010231464893284,0.5614578872688692,0.8413543727967119,-3.980281027254513,2.789882147717009,4.180686740348754,-4.968996270206457,0.302129542795322,-15.027297925861612,4.081050028646809,19.722977700027485,-23.003753698700578,0.0,17.590491354438615,7.636774757048055,2.079727618306874,3.0,1.0
80,Unilateral,OECD37 as Home,8.0,0.7626906978247542,2.2307941705837724,1.0,8.0,0.08898972247310002,0.8194977073856359,0.022289663499989867,7.729259891130789,19.619933647101814,27.3491935382326,3.7727499875435253,0.6540200718171391,0.8309846581327435,22.091438519773828,4.426770059360664,4.603734645676269,22.92242317790657,22.745458591590968,10.972302262673605,16.5836,2.748282818042284,8.22401944463132,0.1377132141394486,0.5163068576776905,40.13352397599638,30.155244400792963,75.09165873551369,109.57335641006074,13.78121,17.654959520879203,12.262268685397967,-3.5534116146487227,-0.8180906973072508,0.5786058344460085,0.8627672412645427,-4.030566352898187,2.850673177906568,4.250678591590969,-4.926796461767399,0.3049449831288268,-15.110245314363988,4.148880553034323,19.566218840529075,-23.333902078612855,0.0,17.556319555623787,7.729259891130789,2.0636140914780277,3.0,1.0
81,Unilateral,OECD37 as Home,8.1,0.7597403558246966,2.2515886063125037,1.0,8.1,0.08982234240689019,0.8194977073856359,0.022161632390712484,7.821682413956733,19.570009279279326,27.39169169323606,3.7503939762146272,0.6582792444516391,0.8260605305089429,22.15695850436577,4.408673220666266,4.57645450672357,22.983019034874715,22.81523774881741,11.07496307933404,16.583599999999997,2.7324967700473426,8.342466309286698,0.13611084031689627,0.5221684041347429,39.937788434692095,30.07046743914804,75.23047033928242,109.48609471589937,13.781210000000002,17.640122462764733,12.53975952385808,-3.5914148175917546,-0.8354302838280524,0.5960465254227183,0.8845605811656292,-4.080490720720675,2.9112690348747137,4.320457748817411,-4.884298306763942,0.3077401933426155,-15.192150910018132,4.216527046937434,19.395495018498853,-23.6661987131705,0.0,17.522329803040716,7.821682413956733,2.047679476238608,3.0,1.0
82,Unilateral,OECD37 as Home,8.200000000000001,0.7568112887177889,2.272243386770067,1.0,8.200000000000001,0.09066208585845828,0.8194977073856359,0.02203544779844302,7.914035767446511,19.520440661407125,27.434476428853635,3.7284470276577477,0.6626129027754913,0.8212265029153282,22.222190549245425,4.391059930433239,4.5496735305730756,23.043417052160752,22.88480345202092,11.178502215288642,16.583599999999997,2.7169383948912533,8.461563820397389,0.13454387567674864,0.5280690270987427,39.74539677924727,29.99004088140644,75.3709774626752,109.39808645033794,13.781209999999998,17.625194027870936,12.818685168383919,-3.6290015009867456,-0.8530512778496596,0.6137888510466624,0.9067460800241974,-4.130059338592876,2.9716670521607504,4.39002345202092,-4.841513571146365,0.3105153691046738,-15.273034131086666,4.283991263392846,19.210828550572906,-24.0006288795804,0.0,17.48851980258053,7.914035767446511,2.031920858826594,3.0,1.0
83,Unilateral,OECD37 as Home,8.3,0.7539031877426643,2.292759617823851,1.0,8.3,0.09150894432892258,0.8194977073856359,0.02191106722412256,8.00631305333025,19.471222285695646,27.477535339025895,3.706898527750249,0.6670205568622083,0.8164802374887751,22.28713511202131,4.373919084612457,4.523378765239024,23.103615349510086,22.95415566888352,11.282918622637807,16.583599999999997,2.701602452502383,8.581316170135423,0.13301122868492987,0.5340093281772784,39.556262955732706,29.913869400701152,75.51318822054145,109.30933250409117,13.781209999999998,17.610173909276853,13.099011315539485,-3.666178956185992,-0.87096325996252,0.6318420332629764,0.9293357932818833,-4.179277714304355,3.0318653495100847,4.459375668883521,-4.798454660974105,0.3132707049280712,-15.352913467322166,4.351275533623465,19.012255819772264,-24.337174694041558,0.0,17.454887024451274,8.00631305333025,2.0163352612443712,3.0,1.0
84,Unilateral,OECD37 as Home,8.4,0.7510156851906673,2.3131383327566972,1.0,8.4,0.09236291429908865,0.8194977073856359,0.021788448823456114,8.09850692987126,19.422347656482494,27.520854586353753,3.685738358401932,0.671501814408447,0.8118195056220999,22.351794444370018,4.3572401728103785,4.4975578640240315,23.16361394999212,23.023296258778466,11.388211867469987,16.5836,2.686483783540531,8.701728083929456,0.1315118512877579,0.5399899631206891,39.370302822310386,29.841860658594996,75.657111568512,109.21983324598379,13.781210000000003,17.595061719559748,13.380702032359729,-3.702955130928305,-0.8891760119771966,0.6502157522410639,0.9523422289473754,-4.2281523435175075,3.091863949992117,4.528516258778467,-4.755135413646247,0.3160064084767912,-15.43180643563851,4.41838375423409,18.799836600665152,-24.67581336907098,0.0,17.421428230160497,8.09850692987126,2.0009194263219956,3.0,1.0
85,Unilateral,OECD37 as Home,8.5,0.748148515572113,2.333380534401588,1.0,8.5,0.093223986818876,0.8194977073856359,0.021667552870687806,8.19061115427295,19.373812017629728,27.56442317190268,3.664956525428954,0.6760562138666645,0.8072421059996918,22.416168078924013,4.341012739295619,4.472198631428646,23.223410184923704,23.09222429279068,11.494380846253414,16.583599999999997,2.6715774898782625,8.82280335637515,0.13004473330704425,0.5460114805596202,39.18743632885936,29.77392607382675,75.80275555385703,109.12958961401789,13.781210000000002,17.579857175209735,13.66372447262048,-3.7393365757682644,-0.9076997394723006,0.6689197670144141,0.9757782199700374,-4.276687982370273,3.1516601849237027,4.59744429279068,-4.711566828097322,0.3187226669157217,-15.509730923589432,4.485317477371552,18.573602965068613,-25.016529583699494,0.0,17.388141338865722,8.19061115427295,1.9856706787640046,3.0,1.0
86,Unilateral,OECD37 as Home,8.6,0.7453013656113057,2.3534873189714887,1.0,8.6,0.09409215816335026,0.8194977073856359,0.02154834016789015,8.282619335690866,19.32560981330202,27.608229148992883,3.6445434363237306,0.6806833792643848,0.8027459257790189,22.480256991480648,4.325226815588115,4.447289362102749,23.283002917259665,23.16094037074503,11.601425099709108,16.583599999999993,2.656878738468609,8.944546361240498,0.12860890172185624,0.5520744775425287,39.00758506084841,29.709979767187754,75.95012911086705,109.03860199858057,13.781209999999994,17.564559907845517,13.948045109926525,-3.7753303625975603,-0.9265449376578156,0.6879643194588265,0.9996571203381727,-4.324890186697981,3.2112529172596638,4.6661603707450325,-4.667760851007117,0.3214196812344189,-15.586704122992733,4.552079535124191,18.333603733651902,-25.35930492820857,0.0,17.35502369224018,8.282619335690866,1.9705861210618372,3.0,1.0
87,Unilateral,OECD37 as Home,8.700000000000001,0.7424739786738541,2.3734598249752046,1.0,8.700000000000001,0.0949674216441375,0.8194977073856359,0.021430773157437893,8.37452573490346,19.277736455366938,27.6522621902704,3.6244897073147144,0.6853829065277997,0.7983288980936795,22.54406068131997,4.309872613842514,4.422818605408394,23.34238957941365,23.22944358784777,11.709343803170407,16.583599999999997,2.642382898511461,9.066960904658947,0.1272034195054293,0.5581794870223704,38.83067388433737,29.64993909418633,76.09924067906154,108.94687110063845,13.781210000000002,17.549169608844785,14.233632217943107,-3.810942761999402,-0.945722526190136,0.7073598866549448,1.0239927138195135,-4.372763544633063,3.270639579413647,4.73466358784777,-4.623727809729601,0.32409764028246224,-15.66274321826936,4.618671496243035,18.079873596343337,-25.70412499084263,0.0,17.322073267341153,8.37452573490346,1.9556631880257853,3.0,1.0
88,Unilateral,OECD37 as Home,8.8,0.7396660679343762,2.3932990305129653,1.0,8.8,0.09584977177665951,0.8194977073856359,0.021314815283787772,8.466324114978935,19.230186853065728,27.696510968044663,3.604786403393821,0.6901544502517138,0.7939890549217627,22.607579667185796,4.294940853645535,4.398775458315583,23.40156872210756,23.29773411743751,11.81813628039685,16.583599999999997,2.628085462761949,9.1900508176349,0.12582738927808096,0.5643270609736329,38.6566299418088,29.593724178674243,76.25009890772898,108.85439749499598,13.781209999999998,17.53368595557409,14.520452326506643,-3.846180345440765,-0.965243669878077,0.7271173639779278,1.048799237625673,-4.420313146934273,3.3298187221075572,4.802954117437512,-4.579479031955337,0.3267567340605698,-15.737864444024098,4.685095790792552,17.812465426676514,-26.0509712539999,0.0,17.289287668064027,8.466324114978935,1.9408991850016994,3.0,1.0
89,Unilateral,OECD37 as Home,8.9,0.7368773386621754,2.4130057788636297,1.0,8.9,0.09673920461692478,0.8194977073856359,0.02120043091880912,8.558008258346522,19.18295578977552,27.74096404812204,3.5854249056834617,0.6949977043772306,0.7897244978721566,22.67081482457387,4.280422610060692,4.375149403555619,23.460539322446028,23.3658125289511,11.927802045100055,16.5836,2.6139820383238166,9.313820006776238,0.12447994721665454,0.5705177571605761,38.485382506481734,29.54125779492079,76.40271271734021,108.76118159499825,13.781210000000002,17.518108605539556,14.808471809007866,-3.8810497014888807,-0.9851198775112779,0.7472480551170221,1.0740914342362256,-4.467544210224482,3.3887893224460264,4.871032528951101,-4.535025951877959,0.32939715455702057,-15.812083545328598,4.751355163072147,17.53143900600883,-26.399824255759007,0.0,17.256664382760018,8.558008258346522,1.926291407015502,3.0,1.0
90,Unilateral,OECD37 as Home,9.0,0.7341074948351878,2.4325815564940774,1.0,9.0,0.0976357173612338,0.8194977073856359,0.021087585385543166,8.649572028665258,19.136038034571698,27.785610063236955,3.566396884534863,0.6999123947526693,0.7855333922591905,22.733767199868463,4.266309279287532,4.351930276794054,23.519300592127653,23.433679594621132,12.038340751587999,16.5836,2.6000683495789065,9.438272402009092,0.12316026138778512,0.5767521333648843,38.31686298602007,29.492465301547373,76.55709123508646,108.66722369448351,13.781210000000005,17.50243720346398,15.097657081340621,-3.9155573531070154,-1.0053630269608362,0.7677636727133758,1.0998845674919462,-4.514461965428303,3.4475505921276515,4.938899594621134,-4.490379936763045,0.33201909436267374,-15.885415846321402,4.817452509833324,17.236858849740784,-26.750664122698588,0.0,17.224200860965738,8.649572028665258,1.9118371736059583,3.0,1.0
91,Unilateral,OECD37 as Home,9.1,0.7313563132271537,2.452026974120348,1.0,9.1,0.09853930388466259,0.8194977073856359,0.020976245471581778,8.741010358538762,19.089429597049573,27.830439955588336,3.547694086708693,0.7048981955463374,0.7814139202271132,22.796435816260907,4.25259228225503,4.329108006935806,23.57784973648802,23.501334011807245,12.149751644666525,16.583599999999997,2.586340301486008,9.563411343180517,0.12186752659407821,0.5830306689522592,38.15100565501233,29.44727476275348,76.71324302590007,108.57252443536674,13.781210000000003,17.4866714590662,15.38797775440057,-3.9497088406841803,-1.0259856164894554,0.7886762496117675,1.126194500520987,-4.561070402950428,3.506099736488018,5.006554011807246,-4.4455500444116645,0.3346227337834746,-15.957877044606217,4.883389023874997,16.92876497248614,-27.103477556449434,0.0,17.191895384052437,8.741010358538762,1.8975342129971358,3.0,1.0
92,Unilateral,OECD37 as Home,9.200000000000001,0.728623607298899,2.4713433791066546,1.0,9.200000000000001,0.0994499613109696,0.8194977073856359,0.020866378558735965,8.832319639984206,19.043127116033936,27.875446756018142,3.529308261122928,0.709954776606198,0.7773642643953408,22.8588185692872,4.239263037729126,4.306672525518269,23.636182833682543,23.5687733458934,12.262034369699299,16.5836,2.572793872270258,9.689240497429038,0.12060095612280866,0.5893538204833894,37.98774632339878,29.40561647962725,76.87117722357983,108.47708411908889,13.781210000000002,17.47081103204163,15.67940797362029,-3.9835091853235465,-1.0470009334113612,0.8099983652148464,1.1530379465836518,-4.607372883966065,3.5644328336825417,5.073993345893403,-4.400543243981858,0.3372082601685268,-16.029483490676093,4.949165049029451,16.60717303345023,-27.4582586426868,0.0,17.159746648057563,8.832319639984206,1.8833804679763737,3.0,1.0
93,Unilateral,OECD37 as Home,9.3,0.7259090065184108,2.490531493903176,1.0,9.3,0.10036768576588466,0.8194977073856359,0.02075795312052921,8.923491616483975,18.997124119725246,27.92061573620922,3.5112323696084884,0.7150820073186414,0.7733828745390913,22.92091926569702,4.22631437692713,4.28461524414758,23.69430214023611,23.636001273015662,12.375188448994448,16.5836,2.559425174763341,9.81576327423111,0.11935982529886086,0.5957221820197806,37.827023049996754,29.36742312284634,77.03090280028718,108.38090315168802,13.781210000000002,17.454855606176288,15.971906893621036,-4.01696561287518,-1.0684215863976303,0.8317430192745723,1.180431568363291,-4.653375880274755,3.6225521402361096,5.141221273015663,-4.355374263790779,0.3397758555290421,-16.100247432623274,5.014785701229784,16.27220870570112,-27.81497302934346,0.0,17.127751164255038,8.923491616483975,1.8693729554702085,3.0,1.0
94,Unilateral,OECD37 as Home,9.4,0.723212355366278,2.5095925097426464,1.0,9.4,0.10129247671595377,0.8194977073856359,0.020650938174026152,9.014523754279876,18.95141778626179,27.965941540541664,3.4934584945081055,0.7202795801422742,0.7694680067178068,22.982735021258364,4.213738074650379,4.2629265012259125,23.752203027976172,23.70301460140064,12.48921381677791,16.583599999999997,2.5462303888147693,9.94298342796314,0.11814339600120641,0.6021361841410677,37.66877530151953,29.332629458028165,77.19242932258702,108.28398158907206,13.781209999999998,17.43880481378945,16.265451825004376,-4.050082623251198,-1.0902620371764375,0.8539238160767014,1.2083935135279624,-4.699082213738212,3.6804530279761707,5.20823460140064,-4.310048459458336,0.342325708714323,-16.17018514599898,5.080250735124291,15.923874965937046,-28.173619577983665,0.0,17.095907954942593,9.014523754279876,1.855509831319196,3.0,1.0
95,Unilateral,OECD37 as Home,9.5,0.7205333822545006,2.528527486080807,1.0,9.5,0.10222432705258992,0.8194977073856359,0.020545304394716708,9.105409546195444,18.906003333401493,28.01141287959694,3.4759797629719,0.7255473046790617,0.7656181471198574,23.044266885402294,4.201527067650962,4.241597910091757,23.80988503252215,23.769814190081355,12.604109596571321,16.5836,2.5332058987554578,10.070903697815865,0.11695098811345224,0.6085963165656094,37.512945574445396,29.301172631653586,77.35576522059678,108.18632017624766,13.78121,17.422658407730268,16.560007199929732,-4.082866082861919,-1.1125362568540178,0.8765546798621017,1.2369419150245766,-4.744496666598508,3.7381350325221483,5.275034190081357,-4.264577120403061,0.34485798808562296,-16.239309389861194,5.145562975626558,15.562261639959965,-28.53417398923633,0.0,17.06421465661419,9.105409546195444,1.8417886767873046,3.0,1.0
96,Unilateral,OECD37 as Home,9.600000000000001,0.7178718336660415,2.547337337217731,1.0,9.600000000000001,0.10316323730950633,0.8194977073856359,0.020441022442243734,9.19614416826717,18.860876291104557,28.057020459371728,3.4587892140539056,0.7308850157942703,0.7618317625295986,23.10551528002862,4.189674229848176,4.220620976583504,23.86734704255822,23.83640029582289,12.719875854180744,16.583599999999997,2.5203480869624038,10.19952776721834,0.11578193065912529,0.6151030851351451,37.35947689414632,29.272991556562097,77.52092027286558,108.08791885727967,13.781209999999996,17.406416014536852,16.855542719138658,-4.11532156757279,-1.1352591344336163,0.8996502596207395,1.2660959612018055,-4.789623708895444,3.7955970425582173,5.341620295822892,-4.218969540628272,0.3473728806954858,-16.307633814423056,5.210724864813642,15.187434585255074,-28.896619997069074,0.0,17.03266909855356,9.19614416826717,1.8282071925509988,3.0,1.0
97,Unilateral,OECD37 as Home,9.700000000000001,0.7152275066499388,2.5660230475123322,1.0,9.700000000000001,0.10410920553230957,0.8194977073856359,0.020338064105067527,9.286723619706267,18.816033052599913,28.102756672306178,3.441879971677463,0.7362925110540828,0.7581073384246712,23.16647918829949,4.178172482731545,4.199987310102134,23.924586526724163,23.902771699353572,12.836512348632324,16.583599999999997,2.507653474994138,10.328858873638186,0.11463557379695506,0.6216569372571277,37.2083144837588,29.24802721750722,77.68790383867912,107.98877783699581,13.78121,17.390077310180317,17.152030667068438,-4.147453973497599,-1.1584463574845625,0.9232257638595261,1.2958757094806614,-4.834466947400088,3.852836526724161,5.407991699353573,-4.173233327693822,0.34987056433122976,-16.375172274899207,5.27573764942062,14.799440996732924,-29.26094623918114,0.0,17.00126969103277,9.286723619706267,1.8147633615671421,3.0,1.0
98,Unilateral,OECD37 as Home,9.8,0.7126002182069529,2.584585506252701,1.0,9.8,0.10506222880984269,0.8194977073856359,0.020236402078222405,9.377144267864587,18.771470355584178,28.148614623448765,3.425245328529626,0.7417695831410476,0.7544433974545551,23.22715706360529,4.167014911670673,4.179688725984181,23.981600461059845,23.968926646746336,12.954018720984683,16.583599999999997,2.495118696188441,10.458900024796245,0.11351128984085405,0.6282582933001934,37.05940540985584,29.226222511135063,77.85672512210262,107.88889742049632,13.78121,17.37364199317661,17.449444477467857,-4.1792678987756435,-1.1821143461132573,0.9472970360953328,1.3263021042007672,-4.879029644415823,3.9098504610598432,5.4741466467463376,-4.127375376551235,0.35235121203122355,-16.441938483135083,5.340602144635844,14.398321951133147,-29.627143182409675,0.0,16.970015066321807,9.377144267864587,1.8014552892623712,3.0,1.0
99,Unilateral,OECD37 as Home,9.9,0.7099896823485113,2.6030259059610366,1.0,9.9,0.10602230672162402,0.8194977073856359,0.02013600956570143,9.467400176271658,18.7271831964279,28.19458337269956,3.4088792216527266,0.747316157544796,0.75083860419421,23.287550753413715,4.156195379197523,4.159717825846936,24.038389357607926,24.03486691095851,13.072394919393057,16.583599999999997,2.4827404466369565,10.5896544727561,0.11240848618691972,0.6349076713578762,36.9126979774333,29.20752209103079,78.02739378293516,107.7882776518492,13.781210000000002,17.357109724994594,17.747749909835036,-4.210769129544199,-1.2062794161797412,0.9718804617690288,1.3573964607939313,-4.923316803572099,3.9666393576079244,5.540086910958511,-4.081406627300439,0.35481500111603503,-16.50794406592958,5.405321914897917,13.984179811679246,-29.995186597664723,0.0,16.93890261430257,9.467400176271658,1.788280582125332,3.0,1.0
