regionbase,tax_sce,region_scenario,tb,prop,prop2,te,varphi,pe,jxbar_prime,jmbar_prime,j0_prime,Qe_prime,Qestar_prime,Qeworld_prime,CeHH_prime,CeFH_prime,CeHF_prime,CeFF_prime,Ge_prime,Ce_prime,Gestar_prime,Cestar_prime,VgFH_prime,VgHF_prime,VgFH1_prime,VgFH2_prime,CeFH1_prime,CeFH2_prime,Vg_prime,Vgstar_prime,Lg_prime,Lgstar_prime,Ve_prime,Vestar_prime,delta_Le,delta_Lestar,leakage1,leakage2,leakage3,chg_extraction,chg_production,chg_consumption,chg_Qeworld,pai_g,subsidy_ratio,welfare,welfare_noexternality
OECD37 as Home,EPC_hybrid,3,0.0032004413112794857,0.5041283586810179,0.5348550490154996,0.0,0.0,0.9993416462869041,0.04919254380215584,0.8193572055558584,0.04914460835784624,8.636451423306449,23.619372457895057,32.25582388120151,11.263097918392672,0.9090512616008383,2.487100021796209,17.5965746794118,12.17214917999351,13.750197940188881,20.083674701208007,18.505625941012635,6.065373739107734,16.592489897335856,6.0594633640261515,0.005910375081580858,0.9066148103382324,0.0008844216392823216,91.87470066666666,123.29863979999999,69.1420359778344,113.75530341883226,13.781205100000001,18.494793253114775,0.01097034645398364,-0.03112029577572727,-1.5428635979121121,0.590802945012108,0.5367932419292754,-0.03113054210494326,0.011920701208008921,0.010830941012635265,-0.020177118798493154,-0.015431810045359207,0.00048015180176415637,-7.768205870741493e-05,-7.768205870741493e-05
OECD37 as Home,EPC_hybrid,3,0.14290599341119645,0.9870856916167933,0.3969167194795084,0.2,0.2,0.9809497968772434,0.046922329788670274,0.8193519432900431,0.045552112154319056,8.290603020855785,22.7579922374859,31.048595258341685,10.04724741122313,0.8132239306081036,2.2188281276380515,17.9692957888724,10.860471341831234,12.266075538861182,20.188123916510452,18.782519719480504,5.785459439190064,16.283997216918017,5.616513468644585,0.1689459705454754,0.7496308935512666,0.022637288289896744,91.87470066666666,123.29863979999995,68.90369787417225,113.99364152249436,13.7812051,18.491660117768,-0.32205779806651735,-0.884036758202881,-0.7271521814035604,0.09480965630259276,0.23441695742091523,-0.8925107625140996,0.11636991651045392,0.2877247194805044,-1.2274057416583162,-0.75186985299589,0.021384881188542863,0.13862280967780033,-0.12856842831444698
OECD37 as Home,EPC_hybrid,3,0.2817982623166635,0.9945004964235208,0.42564828533596494,0.4,0.4,0.9667260483918808,0.04506423390846304,0.819387593302498,0.04252702070637959,7.945407437392405,22.10279640822544,30.048203845617845,9.044396158604838,0.7384994937919206,1.9960765037494654,18.269231689471614,9.782895652396759,11.040472662354304,20.265308193221077,19.007731183263534,5.556358744542529,16.034313332473964,5.243523807843038,0.31283493669949103,0.6299665648721703,0.03787336559616002,91.87470066666666,123.29863979999996,68.71174631781145,114.18559307885519,13.781205100000001,18.48448389855715,-0.6278745436293558,-1.5221026465773086,-0.6947250959227442,0.08688142582476639,0.23024366570114804,-1.5477065917745598,0.19355419322107892,0.512936183263534,-2.2277971543821558,-1.5086734057663094,0.04189287989219796,0.5183599881493879,-0.4515684706677429
OECD37 as Home,EPC_hybrid,3,0.4183228149446037,0.9955698377500036,0.45228392333366163,0.6000000000000001,0.6000000000000001,0.9561053586934027,0.04353955802589439,0.8193780704528358,0.039985505747228534,7.590573673502005,21.619810667351818,29.21038434085382,8.215792909325828,0.6794098595652575,1.8135169103805306,18.501664661582204,8.895202768891085,10.029309819706357,20.315181571962736,19.181074521147462,5.36836828208595,15.839311090430165,4.93015847034836,0.43820981173759566,0.5380592341866736,0.048367064815912936,91.87470066666666,123.29863979999999,68.55121075210548,114.34612864456118,13.7812051,18.475308508094127,-0.9157136310550367,-1.9864574446720917,-0.6624090871210757,0.07940574410583202,0.2238634498217403,-2.030692332648183,0.24342757196273723,0.6862795211474619,-3.0656166591461798,-2.2729761379351796,0.061587269356846004,1.097205689486529,-0.904836217031488
OECD37 as Home,EPC_hybrid,3,0.5533891640775186,0.995596744208126,0.4766139838923757,0.8,0.8,0.9482542881428667,0.04226543164722409,0.8193536729895556,0.037815322720294135,7.225073443763733,21.266205801964645,28.49127924572838,7.51954866530474,0.631469886872776,1.660560895101975,18.679699798448897,8.151018552177515,9.180109560406715,20.340260693550874,19.311169685321673,5.211270232662603,15.681937127027554,4.662577855010302,0.5486923776523047,0.465747496329709,0.05562520932187819,91.87470066666668,123.29863979999998,68.41577212690514,114.48156726976154,13.781205100000001,18.46523895662047,-1.185356508790596,-2.323154770505542,-0.6299795210425497,0.07094489660906404,0.21570269581912394,-2.3842971980353553,0.26850669355087575,0.8163746853216729,-3.7847217542716223,-3.0452398535338823,0.08049198095654223,1.844907454922684,-1.4506433369898866
OECD37 as Home,EPC_hybrid,3,0.6878350034854469,0.9934986017300003,0.4989956843962823,1.0,1.0,0.9425919634102972,0.041184717882060254,0.8192539624979257,0.035934735014841235,6.848593964965558,21.012989669579877,27.861583634545436,6.92475475161444,0.5917517055454922,1.5319600449935025,18.81311713239201,7.516506457159933,8.456714796607942,20.345077177385512,19.4048688379375,5.078019695404764,15.559103105037352,4.430703948903356,0.6473157465014072,0.407626717313736,0.06064512108128355,91.87470066666666,123.29863979999996,68.29472242939991,114.60261696726674,13.7812051,18.454862211776046,-1.4359855597220885,-2.5625518734869392,-0.5974771101301455,0.06191602532294066,0.2061594458782641,-2.6375133304201235,0.2733231773855138,0.9100738379374995,-4.414417365454565,-3.827023587841005,0.09865986344587772,2.739087807031989,-2.065735899009571
OECD37 as Home,EPC_hybrid,3,0.8219467497649424,0.9941285668156308,0.5194026141370227,1.2000000000000002,1.2000000000000002,0.938708161401803,0.04025566769294428,0.8192541178131693,0.034289057251642566,6.4585026655185995,20.840184970502836,27.298687636021434,6.412562140937102,0.5582226833647237,1.418643960836904,18.909258850882704,6.970784824301826,7.831206101774006,20.327902811719607,19.467481534247426,4.963469070780833,15.446770413411494,4.227794119151853,0.7356749516289841,0.3601893328730324,0.06403422114585533,91.87470066666663,123.29863979999998,68.19736652757985,114.69997286908679,13.781205099999998,18.444554173254275,-1.6681679205978277,-2.725100855377195,-0.5646254965250498,0.05146326802997559,0.1954240095242705,-2.8103180294971644,0.25614881171960846,0.9726865342474262,-4.977313363978567,-4.617575770237709,0.11609415468912605,3.7628656371070033,-2.7381363109529975
OECD37 as Home,EPC_hybrid,3,0.9564837911357448,0.9928495885706132,0.538284537595738,1.4000000000000001,1.4000000000000001,0.9363086599746403,0.039448455620168583,0.8191763586572306,0.032831180243160875,6.055026538808222,20.733778861459022,26.788805400267243,5.964329266583746,0.5294826810160954,1.3213306089908867,18.97366284367651,6.493811947599842,7.285659875574633,20.2949934526674,19.503145524692606,4.863940920177451,15.35832352543781,4.048039867010368,0.8159010531670858,0.3207990288081215,0.06626921128081686,91.87470066666663,123.29863979999995,68.1066951152674,114.79064428139921,13.7812051,18.434459248436852,-1.8805412101340888,-2.824857532011186,-0.5315509690748096,0.040683706022484854,0.18376427564231818,-2.916724138540978,0.22323945266739997,1.0083505246926059,-5.4871955997327575,-5.419720203705797,0.1328718863268283,4.903244777056772,-3.4582234395750784
OECD37 as Home,EPC_hybrid,3,1.0913772223422646,0.9968173674533221,0.5555805060940552,1.6,1.6,0.9351830764900637,0.03874015786679179,0.8193455541142088,0.03153274564222826,5.6334474015999545,20.68395859938383,26.317406000983784,5.571790356066426,0.5044958915920243,1.230612504697866,19.01050724862747,6.076286247658451,6.802402860764293,20.241119753325336,19.515003140219495,4.776608770612697,15.258785156991143,3.8879446468461216,0.888664123766565,0.28777416460933536,0.06762134466939225,91.87470066666667,123.29863979999996,68.04567585280681,114.85166354385984,13.781205100000001,18.424734688579328,-2.0741633309724397,-2.8714766420234157,-0.49785971375902505,0.028423773280999973,0.17121622469524014,-2.966544400616172,0.1693657533253372,1.020208140219495,-5.958594999016217,-6.2317614636908925,0.14897454160681298,6.150191412277669,-4.226715394956474
OECD37 as Home,EPC_hybrid,3,1.2278185193293478,0.9935962160101165,0.5718002181481012,1.8,1.8,0.9351851048981279,0.038113439469653745,0.8191744173750841,0.030360510920234236,5.19684194195748,20.68404832631533,25.88089026827281,5.219228729933829,0.48249884725661685,1.1563023074883503,19.02286038359401,5.701727577190446,6.37553103742218,20.17916269108236,19.50535923085063,4.699335244707938,15.202658529781216,3.743409700097927,0.9559255446100046,0.2595980185725463,0.06835487776541363,91.87470066666664,123.29863979999996,67.96662868960962,114.930710707057,13.781205099999998,18.415331601841842,-2.2463408468440274,-2.8713927308245673,-0.46386290998334134,0.016795438826334986,0.15802138121503595,-2.9664546736846695,0.1074086910823624,1.0105642308506297,-6.39511073172719,-7.060044281702146,0.1645343109025261,7.495778390725091,-5.033459056699437
OECD37 as Home,EPC_hybrid,3,1.3651165257281086,0.999068412678459,0.586696901888928,2.0,2.0,0.9362197871505745,0.037555046522807764,0.8194487898943429,0.029303315625880868,4.734888568859599,20.729843018273513,25.464731587133112,4.907145374312819,0.46291693819767393,1.0818014724021994,19.012867802220413,5.370062312510493,5.988946846715018,20.09466927462261,19.475784740418085,4.630486153887917,15.112679070173993,3.6130589583011963,1.0174271955867178,0.23549745454946436,0.06857674459695558,91.87470066666664,123.29863979999993,67.92953367152896,114.96780572513767,13.781205100000001,18.406384795892027,-2.3995670455894746,-2.8285425211780995,-0.42879818792796376,0.00336431775541336,0.14402451011039702,-2.9206599817264873,0.022915274622612003,0.9809897404180852,-6.8112694128668885,-7.89979652936446,0.17946517455476949,8.933994855031404,-5.89330670430297
OECD37 as Home,EPC_hybrid,3,1.5047583452908357,0.995205304381974,0.6007356678340785,2.2,2.2,0.938238461475241,0.03705402410757452,0.8192352053206942,0.028336402558311408,4.251912425821674,20.819334647066785,25.07124707288846,4.621393019588236,0.4452833795237897,1.0227338747816839,18.981836798994745,5.066676399112026,5.64412689436992,20.004570673776428,19.427120178518535,4.5687107715803466,15.076122949071552,3.493839892265036,1.074870879315314,0.21452176375682716,0.06844019853036006,91.87470066666667,123.29863979999995,67.86034503061218,115.03699436605444,13.781205100000001,18.397778564674883,-2.53076461929211,-2.744668327865253,-0.3929583690956479,-0.009324860627197756,0.1294041667419326,-2.831168352933215,-0.06718332622357082,0.9323251785185356,-7.20475392711154,-8.759750306788955,0.19392011907406956,10.460122634863996,-6.792133578919985
OECD37 as Home,EPC_hybrid,3,1.6461734697893606,0.9979364825822733,0.6137629938428079,2.4000000000000004,2.4000000000000004,0.9412413045941705,0.036602656370934766,0.8193812280822236,0.02745400357124276,3.7340999631036844,20.95281295106564,24.686912914169323,4.364225199255658,0.42925510633331526,0.9632844930108286,18.930148115569523,4.793480305588973,5.327509692266487,19.89343260858035,19.359403221902838,4.51305774360306,15.01183441691449,3.385041297398574,1.128016446204487,0.19624074177699724,0.06800064038569754,91.87470066666664,123.29863979999996,67.8244433847116,115.07289601195502,13.7812051,18.3895985145392,-2.6418898326297904,-2.619233335347564,-0.3554695924496021,-0.02349707756753871,0.11392781479465469,-2.697690048934362,-0.1783213914196473,0.8646082219028379,-7.589088085830678,-9.636443401472922,0.20782091483234472,12.070903114911076,-7.7537182509204685
OECD37 as Home,EPC_hybrid,3,1.7904177785460513,0.9969924366219076,0.6259872326358674,2.6,2.6,0.9452892169859364,0.03619355791186476,0.8193229202077026,0.026641846773382303,3.1774969733827425,21.13342026025176,24.310917233634502,4.127363502361326,0.4145028968861718,0.9119611937920327,18.85708964059502,4.541866399247498,5.039324696153359,19.769050834387052,19.271592537481194,4.462616460055452,14.971771812559279,3.2849034689180563,1.1777129911373905,0.180112680613258,0.06732704849636595,91.87470066666666,123.29863979999998,67.77701482795574,115.12032456871088,13.781205100000001,18.38178255428449,-2.731428810810081,-2.448872473301261,-0.3160145974079059,-0.03800376424051989,0.09752534439893906,-2.51708273974824,-0.30270316561294663,0.776797537481194,-7.965083766365499,-10.536655254755415,0.22124830086211067,13.764218110111216,-8.776500708617228
OECD37 as Home,EPC_hybrid,3,1.9378244476876312,0.9991849930296282,0.6374062114853699,2.8000000000000003,2.8000000000000003,0.9505373835626071,0.035821310314088924,0.8194493058004378,0.02589354808044455,2.5639903225416383,21.368733631281337,23.932723953822975,3.909828342870823,0.4007474253616533,0.8619305942258478,18.76021759136667,4.310575768232476,4.771758937096671,19.622148185592515,19.160965016728323,4.416718837580874,14.919132088880088,3.1926392579147134,1.2240795796661694,0.16580190317773144,0.06645085423329462,91.87470066666666,123.29863979999998,67.74787174157831,115.14946765508833,13.7812051,18.37434805416849,-2.7996453732641107,-2.2258152293837004,-0.27348598831009613,-0.05388839564107459,0.07984512716541863,-2.2817693687186633,-0.4496058144074837,0.6661700167283229,-8.343277046177025,-11.463350475247703,0.23418552951613344,15.539418458723617,-9.887794614402798
OECD37 as Home,EPC_hybrid,3,2.0897011576478883,0.9982191694720451,0.6481309415904026,3.0,3.0,0.9573228314866905,0.035481651580611694,0.8193893662087217,0.025201079642856842,1.8704399159886997,21.674905620069527,23.545345536058228,3.7059678403413643,0.38769738743694554,0.81787207074394,18.633808237535977,4.09366522777831,4.523839911085304,19.45168030827992,19.02150562497292,4.374839377746941,14.887483335830511,3.107258841455718,1.2675805362912143,0.15296526311587624,0.06539361634280934,91.87470066666666,123.29863979999999,67.70759330847952,115.18974608818712,13.781205100000001,18.367261691514766,-2.8458464845712217,-1.9337473197255057,-0.2262828247077016,-0.07102258178449812,0.06032887532308121,-1.9755973799304734,-0.62007369172008,0.526710624972921,-8.730655463941773,-12.426513303943038,0.24666399039080117,17.397632206991492,-11.110723620919044
OECD37 as Home,EPC_hybrid,3,2.248028906198699,0.9961845580338117,0.6581646860883282,3.2,3.2,0.9664494670311283,0.0351711769550008,0.8192605960315521,0.024560439392605618,1.037872277453773,22.090150949840265,23.128023227294037,3.512357836433274,0.3749390840516529,0.7769443534486922,18.463781953348366,3.8872969204849266,4.289302189881966,19.240726306797058,18.83872103740002,4.336558278716704,14.865449298835289,3.02826876999861,1.3082895087180915,0.1413107393357207,0.06413410136957803,91.87470066666666,123.29863979999999,67.66499826104389,115.23234113562275,13.7812051,18.360534911779432,-2.870156099267378,-1.5343255919264693,-0.17056797566946702,-0.0908427757315291,0.03759585407237905,-1.5603520501597359,-0.831027693202941,0.3439260374000206,-9.147977772705964,-13.443049574552608,0.25866095367031267,19.343068700917087,-12.519379690924287
OECD37 as Home,EPC_hybrid,3,2.4206005937694877,0.9135988870808487,0.6516202252323107,3.4000000000000004,3.4000000000000004,0.9793923584217267,0.03444447057119752,0.813794589817818,0.023952602420001537,0.0,22.685784596853765,22.685784596853765,3.2985568821023232,0.3495090904593952,0.8042166361118622,18.233501988180183,3.6480659725617186,4.102773518214185,19.037718624292047,18.58301107863958,4.246956370059783,15.329075002475149,2.9533232980563775,1.2936330720034024,0.13029394499860794,0.05999006045309044,91.87470066666666,123.29863979999998,67.16197710666593,115.73536229000074,13.781205100000003,18.359504815988505,-2.875165,-0.9548126140267418,-0.10059401817353604,-0.10782190226371931,0.009198549326857583,-0.9647184031462359,-1.0340353757079512,0.08821607863957937,-9.590216403146236,-14.569220736090232,0.2704617030524704,21.378417365745317,-14.112023169785367
OECD37 as Home,EPC_hybrid,3,2.5525702611908483,0.9980809587759908,0.6767936982842009,3.6,3.6,0.9764042896750746,0.034618147260579255,0.8193745397055597,0.023393904011347288,0.0,22.54756976035219,22.54756976035219,3.199787480085296,0.3554189136781962,0.7063515287077308,18.286011837880967,3.555206393763492,3.906139008793027,18.992363366588698,18.641430751559163,4.268370469625518,14.795358245379765,2.8844365442108835,1.3839339254146228,0.12260374094380114,0.06209092333837166,91.87470066666663,123.29863979999999,67.61593688311736,115.28140251354928,13.781205099999998,18.347831725085275,-2.875165,-1.089972776162752,-0.11337215759441802,-0.11095217788170095,0.015072908256940274,-1.102933239647811,-1.0793906334113004,0.1466357515591632,-9.728431239647811,-15.352206944558029,0.2816805739667141,23.492986056535326,-14.626705722302729
OECD37 as Home,EPC_hybrid,3,2.688324157994769,0.999211281163067,0.6853795773733699,3.8000000000000003,3.8000000000000003,0.9741797469981635,0.03436763740668604,0.819446451504716,0.022859575530448536,0.0,22.444946504430515,22.444946504430515,3.08339865556416,0.3492466634107664,0.6797772511163278,18.332523934339264,3.4326453189749264,3.763175906680488,19.01230118545559,18.68177059775003,4.237482945383987,14.762282969470004,2.818554569309667,1.4189283760743243,0.11543555894099887,0.06148200430754641,91.87470066666664,123.29863979999998,67.59529833128065,115.30204106538598,13.781205099999998,18.341851236990117,-2.875165,-1.1900604619510458,-0.12262738408303889,-0.1077659385391329,0.019018875120089564,-1.2055564955694855,-1.0594528145444073,0.18697559775003114,-9.831054495569486,-16.162800422862944,0.29275469583587455,25.62206367972516,-15.039845510905177
OECD37 as Home,EPC_hybrid,3,2.8251589289330017,0.9977431444784688,0.6936619636446325,4.0,4.0,0.972113307788229,0.03413464577475956,0.8193486562886058,0.02235239254978437,0.0,22.34982663433713,22.34982663433713,2.973611365423846,0.343559351851301,0.6567294507008394,18.37592646636115,3.317170717275147,3.6303408161246855,19.03265591706199,18.71948581821245,4.2087553940826705,14.746110347880876,2.756019597664066,1.4527357964186016,0.10886839654313654,0.06085219751839632,91.87470066666664,123.29863979999999,67.56324274239878,115.33409665426785,13.7812051,18.336040831553003,-2.875165,-1.2826260680007147,-0.13103501084589408,-0.10468263448328179,0.022636194966483097,-1.30067636566287,-1.0390980829380077,0.2246908182124514,-9.92617436566287,-16.98091514748809,0.30358746422431,27.77264154235679,-15.443496809824477
OECD37 as Home,EPC_hybrid,3,2.960302387567973,0.99923096663958,0.7013619248291156,4.2,4.2,0.9701887446653119,0.03391735253325271,0.8194464267896324,0.021879263285230623,0.0,22.26141909340849,22.26141909340849,2.8731674735094646,0.33830134856552996,0.6334292043748033,18.416521066958698,3.2114688220749947,3.506596677884268,19.0499502713335,18.754822415524227,4.181963432967143,14.714605553676396,2.6976834028950143,1.4842800300721266,0.10295214944406472,0.06019915423960119,91.87470066666666,123.29863979999999,67.54810481563908,115.34923458102759,13.781205100000001,18.330558507370814,-2.875165,-1.3684831701984077,-0.1387061306750336,-0.10203159135320027,0.02596487980722188,-1.3890839065915088,-1.021803728666498,0.2600274155242275,-10.01458190659151,-17.78962397855412,0.3139829235173189,29.943190646996733,-15.837904700998246
OECD37 as Home,EPC_hybrid,3,3.0960365730972246,0.9992520427387593,0.7087571808291432,4.4,4.4,0.9683918712705674,0.033714234197806815,0.8194472669768832,0.02142977304154717,0.0,22.17903531126647,22.17903531126647,2.77848927823835,0.3334266188904919,0.6125468207318338,18.454572593405796,3.111915897128842,3.3910360989701838,19.06711941413763,18.787999212296288,4.156919218488223,14.693179417859653,2.6422618672454745,1.5146573512427555,0.09751414879404292,0.059536591103023645,91.87470066666667,123.29863979999999,67.52688284649133,115.37045655017532,13.781205100000001,18.325252118180916,-2.875165,-1.4483369946311164,-0.14573365247496417,-0.09949866294815365,0.02903884407802372,-1.4714676887335294,-1.0046345858623695,0.29320421229628835,-10.09696568873353,-18.602693976740838,0.3241250296976681,32.13231344338621,-16.223380812407324
OECD37 as Home,EPC_hybrid,3,3.2322543771442023,0.9981934568674683,0.7158496132851793,4.6000000000000005,4.6000000000000005,0.9667104079032685,0.03352393889610341,0.8193743126507661,0.02100238959181565,0.0,22.102081219595522,22.102081219595522,2.6892260436482975,0.32889488556823865,0.5936477687883341,18.490312521590656,3.0181209292165363,3.2828738124366317,19.08396029037899,18.819207407158896,4.133456066627863,14.679576790949746,2.589566069220546,1.5438899974073128,0.09250730364929474,0.058867779186003576,91.87470066666666,123.29863979999995,67.50124190906683,115.39609748759979,13.781205100000001,18.320120565218158,-2.875165,-1.5227940324624285,-0.1521952024220618,-0.09709077041511112,0.031886668477938224,-1.5484217804044782,-0.987793709621009,0.32441240715889563,-10.173919780404479,-19.41940039356531,0.334014423242547,34.33876637694755,-16.600209195065872
OECD37 as Home,EPC_hybrid,3,3.367738898206003,0.9982126143151762,0.7225549135415891,4.800000000000001,4.800000000000001,0.9651335112875065,0.033345352688659825,0.8193744352681449,0.02059880878981089,0.0,22.03003426332547,22.03003426332547,2.6061157770041405,0.3246732055326209,0.575299871799803,18.5239454089889,2.9307889825367615,3.1814156488039433,19.099245280788704,18.84861861452152,4.111436630163029,14.660922923927172,2.5398051052839663,1.5716315248790558,0.08792568296215501,0.058195478439740704,91.87470066666666,123.29863979999996,67.48253496369145,115.41480443297517,13.781205100000001,18.31521764771574,-2.875165,-1.5923857851017424,-0.1581567438506517,-0.0949162479446947,0.034532965372124406,-1.6204687366745318,-0.9725087192112944,0.3538236145215201,-10.245966736674532,-20.23229017185345,0.343578029867889,36.56143129642061,-16.968692160894374
OECD37 as Home,EPC_hybrid,3,3.502450417463534,0.9992616385983051,0.7289004233097103,5.0,5.0,0.9636517266801319,0.03317737734874889,0.8194464412523618,0.020217120481571926,0.0,21.96244007858875,21.96244007858875,2.5285940873905424,0.3207297689937589,0.5574631267469113,18.555653095457536,2.8493238563843013,3.086057214137454,19.113116222204447,18.876382864451294,4.090725499232067,14.637258844254736,2.4927434560505386,1.5979820431815261,0.08372211524492013,0.057523534865618405,91.87470066666666,123.29863979999998,67.47055370140933,115.42678569525731,13.7812051,18.310531317220768,-2.875165,-1.657573130772681,-0.16367411161617168,-0.09294925245512363,0.036998653264277204,-1.6880629214112517,-0.9586377777955519,0.3815878644512942,-10.313560921411252,-21.0410648021942,0.3528279092117262,38.799290201735474,-17.329115776250053
OECD37 as Home,EPC_hybrid,3,3.6376848543260736,0.9992666474662334,0.7350090212819738,5.2,5.2,0.9622567300617257,0.03301906957006028,0.8194463614615569,0.019852231069913268,0.0,21.898899790907176,21.898899790907176,2.4550221276893494,0.3170375130652344,0.5412439610406858,18.585596189111907,2.7720596407545837,2.996266088730035,19.126840150152592,18.90263370217714,4.071206365450003,14.620880414864102,2.447753087915604,1.623453277534396,0.07981904910129548,0.056854731274061335,91.87470066666667,123.29863979999996,67.45395620655174,115.4433831901149,13.781205100000001,18.305986826174152,-2.875165,-1.718759530168167,-0.16879503955863903,-0.09105759217414548,0.03930179478444105,-1.7516032090928242,-0.9449138498474063,0.40783870217714124,-10.377101209092825,-21.85354066648007,0.3618604055951813,41.05141249611267,-17.681760278636734
OECD37 as Home,EPC_hybrid,3,3.7730030782361244,0.9990003330274211,0.7408618086654173,5.4,5.4,0.9609410808635878,0.03286966458966009,0.8194271013912552,0.019504039500111203,0.0,21.83905801918251,21.83905801918251,2.3854723607299575,0.3135745919239455,0.5260933289945324,18.613917737534074,2.699046952653903,2.91156568972449,19.140011066528608,18.92749232945802,4.052784934587313,14.607113549161284,2.404821540969183,1.647963393618141,0.07619929999638585,0.056190895273513265,91.87470066666666,123.29863979999996,67.43679390410372,115.46054549256291,13.7812051,18.301597600596104,-2.875165,-1.7763033213361055,-0.1735608773705887,-0.08927354831619577,0.041458244071400245,-1.811444980817491,-0.9317429334713907,0.4326973294580192,-10.436942980817491,-22.667006842870215,0.37065531240816435,43.31695759357242,-18.026907579771777
OECD37 as Home,EPC_hybrid,3,3.908012865519839,0.9990496775707063,0.7464461062700969,5.6000000000000005,5.6000000000000005,0.9596982278492067,0.032728359843085864,0.819430103079887,0.0191722578694552,0.0,21.7826025573042,21.7826025573042,2.319926983966118,0.31031857265527885,0.5116102397329918,18.640746760949824,2.630245556621397,2.83153722369911,19.152357000682816,18.951065333605104,4.035362251537427,14.59232588502556,2.3639133171986715,1.671448934338756,0.07284470889466525,0.05553348903607205,91.87470066666666,123.29863979999998,67.42221903586918,115.47512036079748,13.781205100000001,18.29737402086339,-2.875165,-1.8305186185410398,-0.17800719689587305,-0.08761670533507214,0.04348165526133272,-1.8679004426957988,-0.9193969993171827,0.4562703336051044,-10.4933984426958,-23.479042557717058,0.37919779418923355,45.595156358775036,-18.36481442654071
OECD37 as Home,EPC_hybrid,3,4.043542084974484,0.998279460331634,0.7518323401648033,5.800000000000001,5.800000000000001,0.9585221811021299,0.03259456536795159,0.819374293926291,0.018853849060755462,0.0,21.7292489885523,21.7292489885523,2.2574610396045136,0.3072529456365216,0.49833563250867347,18.666199370802595,2.564713985241035,2.755796672113187,19.16453500331127,18.973452316439115,4.018865574740617,14.583358533886345,2.3246539441856555,1.6942116305549562,0.06971083798196598,0.05488328840887369,91.87470066666666,123.29863979999999,67.40383852870296,115.4935008679637,13.7812051,18.293271074728487,-2.875165,-1.881690577187733,-0.18216546756407329,-0.08601880424456862,0.04538433405085933,-1.9212540114477008,-0.9072189966887301,0.478657316439115,-10.546752011447701,-24.294637048518993,0.38754669736864755,47.88529987876966,-18.695773764351554
OECD37 as Home,EPC_hybrid,3,4.177714630808672,0.9992388742992814,0.756919214048747,6.0,6.0,0.9574078017372509,0.03246767874900225,0.8194428727364877,0.018551951193078325,0.0,21.678753442005462,21.678753442005462,2.1991511293560078,0.3043610807097088,0.4848641079515949,18.69037712398815,2.5035122100657166,2.6840152373076025,19.175241231939744,18.994738204697857,4.003220627215342,14.564549897218384,2.2874303477425437,1.7157902794728024,0.06681720965146885,0.05424328730585087,91.87470066666663,123.29863979999996,67.39589588231654,115.5014435143501,13.781205099999998,18.289360374537573,-2.875165,-1.9300635484571274,-0.186062423021066,-0.0845986434830361,0.04717670338093602,-1.9717495579945385,-0.8965127680602549,0.4999432046978569,-10.597247557994539,-25.102370169677066,0.39560068309183033,50.18674752319664,-19.01999312245144
OECD37 as Home,EPC_hybrid,3,4.31324776031732,0.9983052639555585,0.7618828086687405,6.2,6.2,0.9563502888452601,0.0323472222627177,0.8193746205380464,0.018259752199652528,0.0,21.630888989899965,21.630888989899965,2.1428521860721346,0.3016298489465345,0.4730328880800265,18.71337406680127,2.444482035018669,2.6158850741521613,19.186406954881296,19.0150039157478,3.988368506301369,14.558052409388187,2.251402609302214,1.7369658969991604,0.06408655617462124,0.05361108172582575,91.87470066666664,123.29863979999996,67.37794152678327,115.51939786988336,13.7812051,18.285522058943926,-2.875165,-1.9758640443529418,-0.1897221943915512,-0.08316934986486657,0.04886833649605842,-2.0196140101000353,-0.8853470451187029,0.5202089157478014,-10.645112010100036,-25.918707959469806,0.40352526093634045,52.49889174057974,-19.337744964215197
OECD37 as Home,EPC_hybrid,3,4.4475424760176425,0.9988762004872752,0.7665843102110959,6.4,6.4,0.9553454371993002,0.03223263271493329,0.8194156970429995,0.017981866710372975,0.0,21.5854570690353,21.5854570690353,2.090092551334335,0.2990441178284174,0.46104485720262023,18.73527554266993,2.3891366691627525,2.551137408536955,19.196320399872548,19.034319660498344,3.974239770924255,14.542916563054824,2.217139706453888,1.7571000644703678,0.06155429490856615,0.05299041549799525,91.87470066666666,123.29863979999996,67.36913990957017,115.52819948709646,13.7812051,18.281855111990748,-2.875165,-2.0192900528238322,-0.19316565595725993,-0.08188859292667,0.05046746582609648,-2.0650459309647005,-0.875433600127451,0.5395246604983441,-10.6905439309647,-26.72784760695022,0.4111808365245598,54.82119190352519,-19.649234838738025
OECD37 as Home,EPC_hybrid,3,4.582039665319815,0.9990970099701512,0.7711171904457382,6.6000000000000005,6.6000000000000005,0.9543893579369879,0.03212352211997969,0.8194314918511366,0.017714537133830987,0.0,21.54227461285125,21.54227461285125,2.0397179133268355,0.29659342064661753,0.44980486859609675,18.756158410281706,2.336311333973453,2.489522781922932,19.205963278877803,19.052751830928322,3.960786582978707,14.530514970339231,2.1841783332879507,1.7766082496907603,0.05917654658209026,0.052379816348203184,91.87470066666667,123.29863979999998,67.35893817159571,115.53840122507096,13.781205100000001,18.278295471839805,-2.875165,-2.060523575825745,-0.19641160125647358,-0.08066077799027813,0.05198165211257404,-2.108228387148749,-0.8657907211221954,0.5579568309283225,-10.73372638714875,-27.53851244983524,0.41865621870251024,57.15313270655224,-19.954704549168603
OECD37 as Home,EPC_hybrid,3,4.716463617913405,0.9993181809743779,0.7754773487452058,6.800000000000001,6.800000000000001,0.9534786241378488,0.032019539360159464,0.8194474967568158,0.01745762920417807,0.0,21.501180448274397,21.501180448274397,1.9917264655242288,0.29426831954094373,0.43909496828851263,18.77609069492071,2.2859947850651725,2.4308214338127416,19.215185663209223,19.070359014461655,3.9479656501302234,14.51864377780175,2.152501935007912,1.7954637151223127,0.056945075711102494,0.05178010458604484,91.87470066666666,123.29863979999998,67.34929025770519,115.54804913896146,13.781205100000001,18.27484763561007,-2.875165,-2.099724699226477,-0.1994764127539355,-0.07949722528358909,0.05341750349331595,-2.1493225517256036,-0.8565683367907759,0.575564014461655,-10.774820551725604,-28.3490079781768,0.4259431792139789,59.49424354102116,-20.25434856511265
OECD37 as Home,EPC_hybrid,3,4.851014952788337,0.9993223325773031,0.7796837289477387,7.0,7.0,0.9526100444898596,0.03192034610941565,0.8194475613359014,0.01721015298716063,0.0,21.46202491615542,21.46202491615542,1.9458484855174316,0.29205983979995015,0.42898023364926796,18.795136357188767,2.237908325317382,2.3748287191666995,19.224116590838033,19.087196196988717,3.935735257236171,14.508621947827537,2.121988454066812,1.8137468031693522,0.054844733810213174,0.051191113772554045,91.87470066666666,123.29863979999995,67.33889946695177,115.55843992971487,13.781205100000001,18.271499118692947,-2.875165,-2.1370416598524735,-0.20237496984240902,-0.07838351061533083,0.054781071494482844,-2.188478083844579,-0.8476374091619654,0.5924011969887175,-10.81397608384458,-29.160532681918887,0.4330587244451526,61.84408605853686,-20.548381712146536
OECD37 as Home,EPC_hybrid,3,4.986701932256977,0.9980079826542291,0.7837845193920725,7.2,7.2,0.9517807795214945,0.031825479559729274,0.8193492206114587,0.016969860610488156,0.0,21.42467498708985,21.42467498708985,1.9014317639378993,0.28995600953819256,0.4199316551019629,18.813355558511798,2.191387773476092,2.321363419039862,19.23328721361376,19.10331156804999,3.9240383406973214,14.507333717332624,2.092360730868787,1.8316776098285381,0.052850892199755896,0.050610352412848954,91.87470066666666,123.29863979999999,67.32127731696545,115.57606207970119,13.781205100000001,18.268214289197076,-2.875165,-2.1726060931953044,-0.20512037056687954,-0.07726860158737182,0.056077622893830545,-2.2258280129101493,-0.8384667863862383,0.6085165680499891,-10.85132601291015,-29.979190007026986,0.4400584893134028,64.20224890788072,-20.83699181122159
OECD37 as Home,EPC_hybrid,3,5.121187879819734,0.9980030767146879,0.7876879540277093,7.4,7.4,0.9509882268260975,0.03173481131786706,0.8193482040722613,0.01674022622079114,0.0,21.38900897127724,21.38900897127724,1.859564915496791,0.2879532775687526,0.41069287307177843,18.830797905139917,2.147518193065544,2.2702577885685695,19.241490778211695,19.11875118270867,3.912859069802653,14.498294311525873,2.064047122967842,1.848811946834803,0.05098782759385385,0.05004305081546874,91.87470066666666,123.29863979999998,67.31169555160568,115.58564384506096,13.781205100000001,18.265064530134747,-2.875165,-2.206538189891711,-0.20772441302026703,-0.07626194816693628,0.0573120822594992,-2.261494028722762,-0.8302632217883037,0.623956182708671,-10.886992028722762,-30.790779298987808,0.44683177733188695,66.56836135585847,-21.120350566518916
OECD37 as Home,EPC_hybrid,3,5.254766604911122,0.9989018936453703,0.7914194115624547,7.6000000000000005,7.6000000000000005,0.9502299926379157,0.031648052942383285,0.8194152655915468,0.016520089143761726,0.0,21.354915147520224,21.354915147520224,1.8199091102884097,0.2860441795082772,0.4014493326087344,18.847512525114794,2.105953289796687,2.2213584428971442,19.24896185772353,19.13355670462307,3.902161880114246,14.483962352303509,2.036904520800567,1.8652573593136816,0.04924026521477403,0.049488677121721315,91.87470066666666,123.29863979999993,67.30784000882954,115.58949938783705,13.7812051,18.262032991399973,-2.875165,-2.2389480910590285,-0.21019776636574405,-0.07533977421207101,0.05848884563782019,-2.295587852479777,-0.8227921422764695,0.6387617046230716,-10.921085852479777,-31.59706960433138,0.4534023211977776,68.94206854425265,-21.398637307136596
OECD37 as Home,EPC_hybrid,3,5.38872235282726,0.9993329623566294,0.7950379377683314,7.800000000000001,7.800000000000001,0.9495038490471782,0.03156490322695597,0.8194475012286135,0.01630690722547474,0.0,21.322289762207724,21.322289762207724,1.781724685019019,0.28422103169461904,0.39279805462922085,18.863545990864857,2.065945716713638,2.1745227396482396,19.256344045494078,19.147767022559478,3.8919096333023018,14.472939027122537,2.010619480245827,1.8812901530564634,0.04758317428741851,0.04894431477010871,91.87470066666667,123.29863979999995,67.30164299261976,115.59569640404686,13.781205100000001,18.259075262304716,-2.875165,-2.26993786685635,-0.21255017475351382,-0.07444143238801194,0.05961194415154992,-2.3282132377922764,-0.8154099545059204,0.652972022559478,-10.953711237792277,-32.405843443532255,0.4598377187378868,71.32303342600002,-21.67204318897643
OECD37 as Home,EPC_hybrid,3,5.52400160848256,0.9983749880567413,0.7985822872630813,8.0,8.0,0.9488078479350992,0.03148512815037188,0.8193746521891591,0.016098939833105626,0.0,21.29104207784664,21.29104207784664,1.7445237978331352,0.2824778452923541,0.38510199871147616,18.878938436009676,2.027001643125489,2.1296257965446115,19.264040434721153,19.16141628130203,3.8820734748695425,14.471052597126466,1.984977383643962,1.8970960912255774,0.045999594079103416,0.048407725677262786,91.87470066666666,123.29863979999999,67.28759322181224,115.60974617485441,13.781205100000001,18.256161186339437,-2.875165,-2.299596790548458,-0.21479014522257672,-0.07352904740043498,0.06068491343719609,-2.3594609221533602,-0.8077135652788456,0.6666212813020316,-10.98495892215336,-33.22283465220701,0.46618457871531527,73.71094499846573,-21.94071032909114
OECD37 as Home,EPC_hybrid,3,5.658299458210012,0.9983809914037981,0.80197245841587,8.200000000000001,8.200000000000001,0.9481401467835994,0.03140854908564959,0.8193746663625385,0.015899269677292025,0.0,21.261086484126004,21.261086484126004,1.7092368970346676,0.28081005384528873,0.37731235196701984,18.89372718127903,1.9900469508799563,2.0865492490016875,19.27103953324605,19.17453723512432,3.8726313803521277,14.463408680422052,1.9603583250234913,1.9122730553286351,0.044510169824493254,0.04788380940437457,91.87470066666664,123.29863979999998,67.27956854832118,115.61777084834544,13.781205100000001,18.253355573777927,-2.875165,-2.328008893441312,-0.21692556146763745,-0.07269366145329677,0.061711076753679546,-2.3894165158739966,-0.8007144667539485,0.6797422351243192,-11.014914515873997,-34.03404000588192,0.47234235234082583,76.10551961526987,-22.204786736932427
OECD37 as Home,EPC_hybrid,3,5.79342036628815,0.9975795975995873,0.8052800714601244,8.4,8.4,0.9474989930574451,0.03133502634204421,0.8193129649385252,0.01570491795052252,0.0,21.232341755065182,21.232341755065182,1.6750118802790517,0.27921408929412733,0.3701684606306779,18.907947324861325,1.954225969573179,2.0451803409097296,19.278115785492002,19.187161414155455,3.8635661260712184,14.46121641523661,1.93639502147003,1.9271711046011886,0.04308896720709357,0.04736867229418321,91.87470066666666,123.29863979999999,67.26704460229978,115.63029479436689,13.7812051,18.25060207361103,-2.875165,-2.355253711216129,-0.21896376837631149,-0.07186369996629509,0.06269356911505658,-2.4181612449348187,-0.7936382145079968,0.6923664141554546,-11.043659244934819,-34.85040291390648,0.47839652695928786,78.50647765790893,-22.464450853914773
OECD37 as Home,EPC_hybrid,3,5.9267967547473575,0.998393157820008,0.8084228133419784,8.6,8.6,0.9468829361106366,0.031264315362200756,0.8193747695662542,0.01551908397283145,0.0,21.204740503005105,21.204740503005105,1.6427841070592988,0.2776838251390032,0.3626422900590529,18.921630280747753,1.920467932198302,2.0054263971183515,19.284272570806806,19.199314105886756,3.854847558437597,14.449035428474868,1.9134819447920972,1.9413656136455035,0.04175671614441895,0.0468675484887803,91.87470066666666,123.29863979999998,67.26446035923274,115.6328790374339,13.7812051,18.24796920987454,-2.875165,-2.381397368700261,-0.22091093400419543,-0.07112843468970322,0.06363494979437855,-2.4457624969948952,-0.7874814291931926,0.7045191058867566,-11.071260496994896,-35.65632802007593,0.4842411499260545,80.91357590097779,-22.719785921325958
OECD37 as Home,EPC_hybrid,3,6.060257075864514,0.999077363878949,0.8114703346539033,8.8,8.8,0.9462904253618935,0.03119631799311768,0.8194269875143215,0.015338878140027127,0.0,21.178211129143452,21.178211129143452,1.6117340783650378,0.27621678422020973,0.3554534107774671,18.93480685578073,1.8879508625852475,1.967187489142505,19.2902602665582,19.211023640000942,3.846463575319675,14.437939909290916,1.8912628107232978,1.9552007645963856,0.04048918837113978,0.0463764525050993,91.87470066666664,123.29863979999995,67.26141185567839,115.6359275409882,13.781205099999998,18.24540144827837,-2.875165,-2.4065097214659033,-0.22277335394040326,-0.07041886200188813,0.06453795290193778,-2.472291870856548,-0.7814937334417991,0.7162286400009421,-11.097789870856548,-36.46290557948544,0.4899608467693808,83.32656278394606,-22.970982528895938
OECD37 as Home,EPC_hybrid,3,6.195168342849116,0.9984012065945526,0.8144659581059818,9.0,9.0,0.945720224912358,0.03113079083142228,0.8193746306995214,0.01516231422739712,0.0,21.152696367597983,21.152696367597983,1.5813115878023947,0.27480695355878465,0.34907319097461664,18.94750463526218,1.8561185413611794,1.9303847787770114,19.2965778262368,19.222311588820965,3.8383841654126774,14.435792053373834,1.8694927204582523,1.9688914449544197,0.03927017000863874,0.045891849810232484,91.87470066666667,123.29863979999996,67.250455630573,115.64688376609362,13.781205100000001,18.242863103781012,-2.875165,-2.430646822488282,-0.22455616518187813,-0.06968937733712004,0.06540471675132588,-2.4978066324020176,-0.7751761737631995,0.7275165888209649,-11.123304632402018,-37.27842657944679,0.4956146631571897,85.74520870477119,-23.2181312480321
OECD37 as Home,EPC_hybrid,3,6.328467330534502,0.9991402611755681,0.8173226095257762,9.200000000000001,9.200000000000001,0.945171037143558,0.03106769248764608,0.8194314304688061,0.014993019633080513,0.0,21.128136399801033,21.128136399801033,1.5525589860033082,0.27345325860143915,0.3423754621558119,18.95974869304047,1.8260122446047473,1.8949344481591202,19.30212415519628,19.23320195164191,3.830604225451439,14.424834154821943,1.8486189272535218,1.9819852981979142,0.03812298949590858,0.04542061968687491,91.87470066666664,123.29863979999996,67.24827837413675,115.64906102252988,13.7812051,18.240428429487455,-2.875165,-2.453866937392998,-0.22626455295787753,-0.0690383201093042,0.06623752423659061,-2.5223666001989677,-0.7696298448037169,0.7384069516419096,-11.147864600198968,-38.084287753285125,0.5010818658751536,88.16930880314871,-23.461373334404417
OECD37 as Home,EPC_hybrid,3,6.462566112847075,0.999143444105766,0.8201164700481294,9.4,9.4,0.9446417333054418,0.03100688663484571,0.8194314927511679,0.014827718211526696,0.0,21.10447915279578,21.10447915279578,1.5245627909400081,0.2721523321236944,0.33620127089205765,18.97156275884002,1.7967151230637026,1.8607640618320658,19.307764029732077,19.243715090963715,3.8231069465092746,14.418815671591247,1.8282374868189295,1.9948694596903445,0.037022806530977004,0.04495718545757864,91.87470066666664,123.29863979999995,67.24191055088325,115.65542884578336,13.781205099999998,18.238033984641625,-2.875165,-2.4762208217296213,-0.22790304508435327,-0.06838727800179858,0.06703832308676361,-2.5460238472042214,-0.7639899702679216,0.7489200909637148,-11.171521847204222,-38.89512480750317,0.5064636465794804,90.59865371238752,-23.7008273892865
OECD37 as Home,EPC_hybrid,3,6.597351603726042,0.9985515401050169,0.8228432556073431,9.600000000000001,9.600000000000001,0.9441312417319516,0.030948107275234844,0.819385294269661,0.014666390727199757,0.0,21.081675274230808,21.081675274230808,1.4973337508889186,0.27089775093693574,0.3304716514853356,18.982972120919616,1.7682315018258543,1.8278054023742543,19.313443772404952,19.25386987185655,3.81585953142094,14.416842331901083,1.8083460274390624,2.007513503981881,0.035967979994707036,0.04450115844435927,91.87470066666664,123.29863979999996,67.23214244714742,115.6651969495192,13.7812051,18.2356838783833,-2.875165,-2.4977564970337918,-0.2294758781099057,-0.06774058984628492,0.06780889626153819,-2.568827725769193,-0.7583102275950466,0.7590748718565514,-11.194325725769193,-39.71024474459872,0.5117574338671665,93.0330528289219,-23.93661016577011
OECD37 as Home,EPC_hybrid,3,6.730688165433877,0.9991476250115819,0.8254537985251978,9.8,9.8,0.9436386192994273,0.03089149349434651,0.8194314707780377,0.014511272360569878,0.0,21.05968130494169,21.05968130494169,1.4714975633630434,0.2696927514986789,0.32449929236824715,18.993991697711728,1.7411903148617223,1.7959968557312904,19.318490990079976,19.263684449210405,3.808879129243473,14.407437700488844,1.789220143825601,2.019658985417865,0.0349715394069145,0.044057761027656024,91.87470066666666,123.29863979999999,67.22981519024879,115.66752420641788,13.781205100000003,18.23342172697288,-2.875165,-2.518516273679243,-0.23098679116642643,-0.06715776925045168,0.06855095700857769,-2.5908216950583096,-0.7532630099200226,0.7688894492104055,-11.21631969505831,-40.51667739390576,0.5168859288250501,95.47233084403817,-24.168803234844766
OECD37 as Home,EPC_hybrid,3,6.8654453574593175,0.998559423977523,0.82802165412416,10.0,10.0,0.9431628999068339,0.0308366181325176,0.819385343052249,0.01435890193042278,0.0,21.038452895536455,21.038452895536455,1.4461114063296272,0.26852713971557157,0.31916625423128603,19.00464809525997,1.7146385460451987,1.7652776605609133,19.323814349491258,19.273175234975543,3.8021130717714353,14.40585568151739,1.770433077042723,2.0316799947287123,0.034009256554251036,0.04361954668386639,91.87470066666664,123.29863979999995,67.22046176604817,115.67687763061845,13.781205100000001,18.231184308933663,-2.875165,-2.538543171661674,-0.23243950372288427,-0.06655719233020767,0.06926602028661138,-2.6120501044635454,-0.7479396505087408,0.7783802349755433,-11.237548104463546,-41.331836627506426,0.5219601609578681,97.91630895532818,-24.39753919289485
OECD37 as Home,EPC_hybrid,3,6.999634451627303,0.9984265678822424,0.8305040669096314,10.200000000000001,10.200000000000001,0.9427032437556322,0.030783718486897912,0.8193746642590519,0.014211319392867279,0.0,21.017951457642905,21.017951457642905,1.421743916587923,0.2674064935501572,0.31384857319940296,19.014952474305417,1.6891504101380803,1.735592489787326,19.32880104750482,19.282358967855576,3.795590617420626,14.401529923916554,1.752236350903897,2.0433542665167286,0.03309295861196848,0.04319162415400102,91.87470066666666,123.29863979999995,67.21408373556079,115.68325566110585,13.7812051,18.229009714215536,-2.875165,-2.5578746558544108,-0.2338372674993504,-0.0659930434397098,0.0699556317364263,-2.6325515423570955,-0.7429529524951768,0.7875639678555757,-11.258049542357096,-42.143644720359774,0.5269093943943052,100.36482970577201,-24.62290394891465
OECD37 as Home,EPC_hybrid,3,7.134060390382967,0.9981025574592347,0.8329216826861244,10.4,10.4,0.942258835031197,0.03073254903529953,0.8193489253392953,0.014067464404307521,0.0,20.99813958280758,20.99813958280758,1.398114075658812,0.26632495632751074,0.3087754670881942,19.024925083733063,1.6644390319863227,1.706889542747006,19.333700550821256,19.291250040060575,3.789281493639233,14.39862031003404,1.7344992264860344,2.054782267153202,0.03221453693338417,0.042771583066915274,91.87470066666666,123.29863979999998,67.20671093813068,115.69062845853594,13.7812051,18.22688053196009,-2.875165,-2.5765469725875114,-0.23518318935441548,-0.06544267763865451,0.07062110542043258,-2.652363417192422,-0.7380534491787429,0.7964550400605752,-11.277861417192423,-42.95698314445884,0.5317661159109067,102.81773659943893,-24.845002695275713
OECD37 as Home,EPC_hybrid,3,7.266932691344207,0.9989527328562389,0.8352364358262414,10.600000000000001,10.600000000000001,0.9418289498483013,0.03068303415113997,0.8194155173991925,0.013928983042527076,0.0,20.978984060776874,20.978984060776874,1.3756683164892574,0.2652807024614811,0.3034539573079312,19.034581084518205,1.6409490189507385,1.6791222737971885,19.338035041826135,19.299861786979687,3.783176375772505,14.38827521333359,1.7174246629408536,2.065751712831644,0.031382772542498126,0.04236305750547832,91.87470066666666,123.29863979999996,67.20672199467833,115.6906174019883,13.781205100000001,18.224831967037996,-2.875165,-2.5945923154361767,-0.23648003305612833,-0.0649480267331811,0.0712636611338081,-2.6715189392231267,-0.7337189581738635,0.8050667869796868,-11.297016939223127,-43.76097833475055,0.5364715846680722,105.27488923147979,-25.063908670189754
OECD37 as Home,EPC_hybrid,3,7.400683204903418,0.9990984369849588,0.837507306756737,10.8,10.8,0.9414128951326006,0.030635062517555232,0.8194268281052144,0.013793216073966547,0.0,20.960453143128277,20.960453143128277,1.3536992438281366,0.2642710825365966,0.2985470135638436,19.043935803199705,1.6179703263647331,1.65224625739198,19.34248281676355,19.3082068857363,3.777261538602523,14.3826462071967,1.700684780387571,2.076576758214949,0.030580170019503163,0.04196054843892895,91.87470066666667,123.29863979999999,67.20257767565442,115.69476172101221,13.781205100000001,18.222811657655,-2.875165,-2.6120414154909284,-0.23773041225203304,-0.06444859696241538,0.07188444572238105,-2.690049856871724,-0.7292711832364489,0.8134118857363006,-11.315547856871724,-44.57038869607876,0.5411134100156403,107.73614022464899,-25.27971381810124
OECD37 as Home,EPC_hybrid,3,7.535507801955347,0.9984425581304993,0.8397396308436182,11.0,11.0,0.9410099792336671,0.030588589167507205,0.8193748538127068,0.013659893865744073,0.0,20.942515227450098,20.942515227450098,1.332147611279061,0.2632950281480578,0.29406927243886616,19.053003315584114,1.5954426394271186,1.6262168837179272,19.34707258802298,19.31629834373217,3.7715314377546516,14.38237117295685,1.6842463334586077,2.087285104296041,0.02980433198399466,0.04156357617504966,91.87470066666667,123.29863979999995,67.19364823575224,115.7036911609144,13.781205100000001,18.22081494430895,-2.875165,-2.628924787144283,-0.2389368837528118,-0.06394161747943634,0.07248461419715028,-2.7079877725499024,-0.72468141197702,0.8215033437321715,-11.333485772549903,-45.386399069211855,0.5456990506110921,110.20135749915845,-25.492520682809968
OECD37 as Home,EPC_hybrid,3,7.669432901084826,0.9984401993768212,0.8418929631930298,11.200000000000001,11.200000000000001,0.9406196239967308,0.03054353966441106,0.819374422252833,0.013530787007882692,0.0,20.925143839113673,20.925143839113673,1.311486420537642,0.26235076433105403,0.28951060163846026,19.06179605260652,1.573837184868696,1.6009970221761023,19.351306654244983,19.324146816937574,3.765976895299232,14.378002108281219,1.6683276334954473,2.097649261803782,0.029064764041256155,0.041176073079060425,91.87470066666666,123.29863979999998,67.18889317264602,115.70844622402062,13.781205100000001,18.218879603106718,-2.875165,-2.645268046650259,-0.2401016171957113,-0.06347074371066792,0.0730651267285276,-2.7253591608863275,-0.7204473457550158,0.8293518169375744,-11.350857160886328,-46.19702526623108,0.550165433719643,112.67041979311104,-25.702385997739864
OECD37 as Home,EPC_hybrid,3,7.802414188897983,0.999105594766394,0.8439716211556346,11.4,11.4,0.9402411922204692,0.030499919791773217,0.8194269707705611,0.0134057376298079,0.0,20.908309943224477,20.908309943224477,1.2916774888610705,0.2614384212243359,0.2848679033034748,19.070326129835596,1.5531159100854064,1.5765453921645451,19.35519403313907,19.331764551059933,3.7605986243347367,14.369423594616148,1.6529092152709897,2.1076894090637497,0.02835939099533966,0.0407980702365617,91.87470066666664,123.29863979999996,67.18842533976243,115.7089140569042,13.781205100000001,18.217002584839953,-2.875165,-2.6610991544450178,-0.24122691609753807,-0.06303478545309638,0.07362704940517113,-2.7421930567755233,-0.7165599668609275,0.8369695510599335,-11.367691056775524,-47.00199441335865,0.5545154397022597,115.1432069342831,-25.90942022775497
OECD37 as Home,EPC_hybrid,3,7.937231038613253,0.9984481855125488,0.8460309533576386,11.600000000000001,11.600000000000001,0.939874226350548,0.030457511926768717,0.8193745897251483,0.013282095921177572,0.0,20.891992557989035,20.891992557989035,1.2720328235036051,0.2605528852782002,0.28080037354396387,19.078606475663268,1.5325857087818053,1.552833197047569,19.359406849207232,19.33915936094147,3.7553697922628593,14.369586710370045,1.6376643607743222,2.117705431488536,0.02767227004569604,0.040423278661549,91.87470066666666,123.29863979999995,67.17989021356362,115.71744918310301,13.7812051,18.21513295303529,-2.875165,-2.676438438425767,-0.24231451127803974,-0.0625743695132864,0.07417109406081165,-2.758510442010966,-0.7123471507927661,0.8443643609414693,-11.384008442010966,-47.8181759916821,0.5588395372337129,117.61959731549403,-26.113658877263312
OECD37 as Home,EPC_hybrid,3,8.071105190557102,0.9984526523274804,0.8480198759793746,11.8,11.8,0.9395181555249437,0.030416408831356337,0.8193747235697579,0.01316226211086511,0.0,20.876165717132842,20.876165717132842,1.253184234382692,0.25969632397332926,0.27663889327220337,19.08664626550462,1.5128805583560212,1.5298231276548955,19.363285158776822,19.34634258947795,3.7503018365069423,14.365566486886607,1.6228890149607444,2.1274128215461943,0.02701626101705385,0.040057591379317546,91.87470066666666,123.29863979999993,67.1755929035645,115.72174649310212,13.7812051,18.213318881135535,-2.875165,-2.6913108606708613,-0.24336643592006252,-0.06214728753913979,0.07469823627695237,-2.774337282867158,-0.7084688412231763,0.8515475894779492,-11.399835282867159,-48.62870103688894,0.5630521925955704,120.0994883634579,-26.31520070527648
OECD37 as Home,EPC_hybrid,3,8.204971929105382,0.9984548282572753,0.849958004854433,12.0,12.0,0.9391725075103826,0.03037648644593408,0.8193746824979217,0.013045273501560121,0.0,20.860807891752412,20.860807891752412,1.2348854101686064,0.25886583968189275,0.2725996518491781,19.094456990052734,1.4937512498504992,1.5074850620177846,19.36705664190191,19.353322829734626,3.745379460686808,14.361680530149954,1.6084644785613458,2.136914982125454,0.026385155380758123,0.03969873295155493,91.87470066666666,123.29863979999999,67.17140567667414,115.7259337199925,13.7812051,18.211542681252276,-2.875165,-2.7057371624070057,-0.24438439908931603,-0.061733284002785445,0.07520922524861463,-2.7896951082475887,-0.7046973580980875,0.8585278297346264,-11.415193108247589,-49.439244350832084,0.5671853134459425,122.58277321293252,-26.514113415237233
OECD37 as Home,EPC_hybrid,3,8.338817418523321,0.9984561817786951,0.8518472034091638,12.200000000000001,12.200000000000001,0.9388368621497614,0.030337707818174704,0.8193745826258845,0.012931033833681604,0.0,20.845899912313943,20.845899912313943,1.217114675249032,0.25806055988385884,0.26867726434242845,19.10204741283863,1.4751752351328908,1.4857919395914605,19.37072467718106,19.36010797272249,3.740598108630765,14.357914350719028,1.5943788829007208,2.146219225730036,0.025777726265712675,0.039346590150183734,91.87470066666666,123.29863979999999,67.16733372807,115.73000566859665,13.781205100000001,18.209803115373383,-2.875165,-2.7197358250901273,-0.24536992859210394,-0.061331856773705756,0.07570475239757175,-2.8046030876860577,-0.7010293228189397,0.8653129727224886,-11.430101087686058,-50.24971939274257,0.5712407007119129,125.06935193485475,-26.710445190763004
OECD37 as Home,EPC_hybrid,3,8.472653396907099,0.9984593258918063,0.8536893681852664,12.4,12.4,0.9385107546307337,0.030300015349554225,0.8193746324967609,0.012819430235562413,0.0,20.83142066821163,20.83142066821163,1.1998483590714781,0.2572791566314149,0.2648654983966776,19.109427654112068,1.4571275157028931,1.4647138574681557,19.374293152508745,19.366706810743484,3.7359506785191567,14.354245455117642,1.5806183110558387,2.1553323674633105,0.025192711851661168,0.0390009458691825,91.87470066666666,123.2986398,67.16338730706622,115.73395208960045,13.7812051,18.208098922019502,-2.875165,-2.7333271124309593,-0.24632465761615652,-0.06094245723925693,0.07618556429908303,-2.819082331788369,-0.6974608474912536,0.8719118107434838,-11.44458033178837,-51.06019459738828,0.5752208600545402,127.55912895745125,-26.904282748030024
OECD37 as Home,EPC_hybrid,3,8.606474454171138,0.9984621416925886,0.855486588649252,12.600000000000001,12.600000000000001,0.9381938066711902,0.03026339547849244,0.8193746626275468,0.012710369933244979,0.0,20.81735293085392,20.81735293085392,1.1830657672765463,0.2565213049222749,0.26116061383749967,19.116605244817595,1.439587072198821,1.444226381114046,19.377765858655096,19.37312654973987,3.731435498227587,14.350683253772129,1.5671713241239225,2.1642641741036712,0.0246290067076509,0.03866172097443126,91.87470066666667,123.29863979999996,67.15955175683678,115.73778763982986,13.781205100000001,18.20642853105791,-2.875165,-2.746527605989668,-0.2472499418822984,-0.060564574211294395,0.07665228432182086,-2.833150069146079,-0.6939881413449029,0.8783315497398689,-11.45864806914608,-51.87063482632998,0.5791276925312872,130.052012790917,-27.095673864104054
OECD37 as Home,EPC_hybrid,3,8.740277044596723,0.998463801656246,0.8572395778163366,12.8,12.8,0.9378856466875147,0.03022774474706098,0.8193746061680164,0.012603763106145032,0.0,20.803679803738717,20.803679803738717,1.1667472289448335,0.2557846143654831,0.2575585744339866,19.123589385994418,1.4225318433103167,1.42430580337882,19.381147960428404,19.3793740003599,3.7270398115342127,14.347228882588361,1.5540268473491052,2.1730129641851073,0.024085566087072484,0.03832861276952104,91.87470066666666,123.29863979999998,67.1558110140253,115.74152838264132,13.781205099999998,18.20479188114621,-2.875165,-2.7593535425270166,-0.24814709661276177,-0.06019758580300702,0.07710549462720542,-2.8468231962612833,-0.6906060395715947,0.8845790003598992,-11.472321196261284,-52.6810162994802,0.5829630922338566,132.5479158224776,-27.28467281415953
OECD37 as Home,EPC_hybrid,3,8.874082210643621,0.9984659658370162,0.8589509832734843,13.0,13.0,0.9375858656088698,0.030193073393741176,0.8193745959248347,0.012499505314274649,0.0,20.790382760791932,20.790382760791932,1.150871520766189,0.2550693341845204,0.2540540706666778,19.130387835174545,1.4059408549507095,1.4049255914328669,19.38444190584122,19.385457169359064,3.722764880829857,14.343866698128759,1.5411720034229355,2.181592877406922,0.023561314826065397,0.03800154791611056,91.87470066666666,123.29863979999996,67.15217652300075,115.74516287366589,13.781205100000001,18.20318675258636,-2.875165,-2.7718226552554475,-0.2490175260609457,-0.059841105619593285,0.07754586220867422,-2.8601202392080687,-0.6873120941587771,0.8906621693590644,-11.485618239208069,-53.49146427237249,0.5867295761226461,135.04675410636798,-27.471367976974776
OECD37 as Home,EPC_hybrid,3,9.008389927368347,0.9981469057657392,0.8606296230256162,13.200000000000001,13.200000000000001,0.9372941800796041,0.030159316107226622,0.8193487129890998,0.012397144797725931,0.0,20.777448883013594,20.777448883013594,1.1353279010408093,0.2543739472804113,0.25073972874845185,19.13700730594393,1.3897018483212205,1.3860676297892611,19.38774703469238,19.39138125322434,3.7186026533192726,14.342707369769014,1.5285510909632531,2.190051562356027,0.023053483417273105,0.037679385356261995,91.87470066666664,123.29863979999998,67.14661734068967,115.75072205597695,13.781205099999998,18.201604904249997,-2.875165,-2.783947390033257,-0.24986225115613855,-0.05948635605148562,0.07797383914969983,-2.873054116986406,-0.6840069653076171,0.8965862532243385,-11.498552116986406,-54.30501213670215,0.5904423819035581,137.54844555347174,-27.65578144723747
OECD37 as Home,EPC_hybrid,3,9.142167837055705,0.9981504464086313,0.8622610645118542,13.4,13.4,0.9370102449051474,0.030126459542238623,0.8193487882739783,0.012297372346421049,0.0,20.76486253576701,20.76486253576701,1.120291119754027,0.25369815448142485,0.2474184860892259,19.143454775442336,1.373989274235452,1.367709605843253,19.390873261531564,19.39715292992376,3.7145514835477518,14.339518258283556,1.5162492834278494,2.1983022001198997,0.022565073328869163,0.03736394867488333,91.87470066666666,123.29863979999998,67.14317972564322,115.75415967102343,13.781205100000001,18.200061042680492,-2.875165,-2.795742713292824,-0.25068245623134094,-0.05914973054872408,0.07838998138433785,-2.885640464232992,-0.680880738468435,0.9023579299237596,-11.511138464232992,-55.11539084212326,0.5940753511822819,140.05291611658194,-27.83797813474309
OECD37 as Home,EPC_hybrid,3,9.278113115384645,0.996867180439607,0.8638854284622628,13.600000000000001,13.600000000000001,0.9367337313955747,0.03009436264917177,0.8192448070671965,0.01219817849034193,0.0,20.752608843037663,20.752608843037663,1.105271658268836,0.25303873668035204,0.24455901655173978,19.149739431536737,1.358310394949188,1.3498306748205757,19.394298448088477,19.40277816821709,3.7105939802908035,14.344891538070808,1.504018815896777,2.2065751643940303,0.022085776298802554,0.037049955225279284,91.87470066666666,123.29863979999999,67.13169559196398,115.76564380470266,13.7812051,18.19851563814711,-2.875165,-2.807222854845688,-0.2514792621382284,-0.058789594477369936,0.0787947815928918,-2.8978941569623373,-0.6774555519115211,0.9079831682170898,-11.523392156962338,-55.9389716696592,0.5977008523662333,142.5600806349794,-28.01803644696788
OECD37 as Home,EPC_hybrid,3,9.409162421203053,0.998474350981107,0.8654045617063076,13.8,13.8,0.9364644006503131,0.03006328917926479,0.8193745865044745,0.012104483808763843,0.0,20.740676931342094,20.740676931342094,1.0914726990242392,0.25240171002393846,0.24094186385876676,19.155860658435152,1.3438744090481776,1.332414562883006,19.396802522293918,19.40826236845909,3.7067626637174063,14.331303406170216,1.492466389101705,2.214296274615706,0.021639090817809976,0.03675065335355235,91.87470066666666,123.29863979999998,67.1385739027863,115.75876549388033,13.781205100000001,18.197067207373884,-2.875165,-2.8183982722726335,-0.2522535172257587,-0.05851170488915524,0.07918870445443585,-2.9098260686579067,-0.674951477706081,0.9134673684590915,-11.535324068657907,-56.73287496965074,0.6011376866772731,145.06989776631357,-28.19594380647974
OECD37 as Home,EPC_hybrid,3,9.542898745887939,0.9984760479164854,0.8669263146479105,14.0,14.0,0.9362019603092266,0.030032877620396473,0.8193745641083132,0.012010859090195255,0.0,20.72905357949131,20.72905357949131,1.0775704173757852,0.2517788217523387,0.2378730405297228,19.161831299833466,1.3293492391281239,1.3154434579055079,19.39970434036319,19.413610121585805,3.703012959874745,14.32836888388331,1.48092258865054,2.2220903712242084,0.021198230127344047,0.036451504007682475,91.87470066666666,123.29863979999996,67.13538490552553,115.76195449114111,13.781205100000001,18.19560838382458,-2.875165,-2.829281602350162,-0.2530062114355751,-0.058201499943021484,0.07957212310102711,-2.92144942050869,-0.6720496596368086,0.9188151215858049,-11.54694742050869,-57.543131717168585,0.6045837894964315,147.58226763895138,-28.371791407904496
OECD37 as Home,EPC_hybrid,3,9.675520966060159,0.9991231809096148,0.8683995169106747,14.200000000000001,14.200000000000001,0.9359460932278576,0.030003264913270794,0.8194268581725827,0.011919882790845547,0.0,20.71772449051376,20.71772449051376,1.064196829131246,0.2511732181371034,0.23469955713468352,19.167654886110732,1.3153700472683494,1.2988963862659295,19.402354443245414,19.418828104247837,3.699361753365353,14.321253984340997,1.4697053346866833,2.2296564186786663,0.020775242383666615,0.036159528313472376,91.87470066666666,123.29863979999998,67.13636520626872,115.7609741903979,13.781205100000001,18.194190876456155,-2.875165,-2.8398864683550262,-0.25373839318337965,-0.05791517067490009,0.07994557869328127,-2.9327785094862406,-0.6693995567545841,0.9240331042478367,-11.558276509486241,-58.346665166902724,0.6079436211072653,150.0971377608458,-28.545651205762688
OECD37 as Home,EPC_hybrid,3,9.810363096810603,0.9984773508863936,0.869869557217749,14.4,14.4,0.9356966660695855,0.0299743425182732,0.8193743627461199,0.011829273255203774,0.0,20.70668352434709,20.70668352434709,1.0508006093258104,0.25058240092261874,0.23196446263147164,19.173336051467185,1.3013830102484292,1.282765071957282,19.405300514098656,19.423918452389803,3.6957956614023915,14.322735776443114,1.4585333021891433,2.2372623592132532,0.020359089764612804,0.03586863070288599,91.87470066666663,123.29863979999993,67.12923447674646,115.76810491992015,13.781205099999998,18.192768774283177,-2.875165,-2.850218840606944,-0.2544505742752796,-0.057605255219580855,0.08030927099589924,-2.943819475652912,-0.6664534859013429,0.9291234523898027,-11.569317475652912,-59.16371373627922,0.6113007678431142,152.61443795860086,-28.71749743754406
OECD37 as Home,EPC_hybrid,3,9.944092621997537,0.9984810747473127,0.8712931140367064,14.600000000000001,14.600000000000001,0.9354533156486414,0.029946153597483,0.8193745177310008,0.011741189172684994,0.0,20.695914382849168,20.695914382849168,1.0379080475676137,0.25000739086654855,0.22911778700732285,19.178881157407677,1.2879154384341622,1.2670258345749366,19.407998944415,19.428888548274227,3.69232000581153,14.320004292331191,1.4476726546265466,2.244647351184985,0.019959555246012707,0.03558462757737492,91.87470066666664,123.29863979999993,67.12629227280536,115.77104712386127,13.781205100000001,18.191386625175625,-2.875165,-2.860294180122227,-0.25514391341208986,-0.05731866069135761,0.08066377905073488,-2.954588617150833,-0.6637550555849998,0.9340935482742267,-11.580086617150833,-59.97404509313027,0.614574614085778,155.13411421765161,-28.88745495253581
OECD37 as Home,EPC_hybrid,3,10.07618958773001,0.9993667200057154,0.8726653758789995,14.8,14.8,0.9352159080616094,0.029918647913331382,0.8194464013247823,0.011655858101800346,0.0,20.685410932737717,20.685410932737717,1.025569254481612,0.24944702625778462,0.22610092208164176,19.184293729916675,1.2750162807393965,1.2516701765632536,19.410394651998317,19.43374075617446,3.688928592368867,14.311514836846966,1.4371514496537923,2.251777142715078,0.01957722086707798,0.03530813879267178,91.87470066666664,123.29863979999993,67.12902321249136,115.76831618417523,13.781205099999998,18.190050131675683,-2.875165,-2.870118420608102,-0.2558189056860194,-0.057060024050863176,0.08100931451510122,-2.965092067262283,-0.6613593480016817,0.9389457561744585,-11.590590067262283,-60.77450203073515,0.6177556785046964,157.65610839502403,-29.0555031753885
OECD37 as Home,EPC_hybrid,3,10.211505340603756,0.9984817107842711,0.8740482475259075,15.0,15.0,0.9349842052435954,0.02989177016624563,0.8193742857321303,0.011570180051436387,0.0,20.675162445219115,20.675162445219115,1.01305124262619,0.24890006580048496,0.22363159205707703,19.189579544735363,1.261951308426675,1.236682834683267,19.41321113679244,19.438479610535847,3.6856146027123047,14.314785422770719,1.4265874625832002,2.2590271401291084,0.01919780380247177,0.03503087394850501,91.87470066666667,123.29863979999995,67.12057456256825,115.77676483409839,13.781205100000001,18.18869521281836,-2.875165,-2.8797017819163835,-0.2564763349417272,-0.05676683285417862,0.08134624114279565,-2.9753405547808853,-0.6585428632075576,0.943684610535847,-11.600838554780886,-61.59453333182297,0.6209590090271295,160.18035548336783,-29.221708764693183
OECD37 as Home,EPC_hybrid,3,10.345196218174538,0.998484741040646,0.8753820442057154,15.200000000000001,15.200000000000001,0.9347579965185746,0.02986554224955026,0.8193743961584943,0.011487142673915174,0.0,20.665159417684237,20.665159417684237,1.0010649327317396,0.24836701299637862,0.2209851681874207,19.194742303768688,1.2494319457281182,1.2220501009191602,19.41572747195611,19.443109316765067,3.6823807362589784,14.312252445898306,1.4163490668822756,2.2660316693767095,0.018834505529783434,0.034760909384249625,91.87470066666666,123.29863979999995,67.11783439966368,115.77950499700293,13.781205100000001,18.187384257606674,-2.875165,-2.8890533233256854,-0.25711689899056756,-0.056501203930218895,0.08167489927770831,-2.985343582315764,-0.6560265280438884,0.9483143167650674,-11.610841582315764,-62.40473413641608,0.6240724207387089,162.70680954656282,-29.38610836359051
OECD37 as Home,EPC_hybrid,3,10.478879034700908,0.9984878128667929,0.8766877815308207,15.4,15.4,0.9345370927256125,0.02983991672537314,0.8193745137737589,0.011405681159748559,0.0,20.65539331200052,20.65539331200052,0.9893591981540275,0.24784679871804915,0.21840066345981066,19.19978665166864,1.2372059968720768,1.207759861613838,19.41818731512845,19.44763345038669,3.679221143983778,14.309779128915038,1.4063049729894836,2.2729161709942853,0.018482261891907933,0.034495378836706975,91.87470066666666,123.29863979999998,67.11515793121691,115.78218146544972,13.781205100000001,18.18609575540138,-2.875165,-2.898181190065983,-0.2577412273449786,-0.05624204021158747,0.08199557854196206,-2.9951096879994807,-0.6535666848715493,0.9528384503866896,-11.620607687999481,-63.214918209956195,0.6271350658500762,165.23541521823114,-29.548740153369575
OECD37 as Home,EPC_hybrid,3,10.610879122862316,0.9993673985912177,0.8779474838445943,15.600000000000001,15.600000000000001,0.9343212971446205,0.02981490657584456,0.8194462314769018,0.0113267219802489,0.0,20.645855267959856,20.645855267959856,0.9781516278258315,0.24733972423852027,0.21564771082569864,19.20471620506981,1.2254913520643518,1.1937993386515302,19.42036391589551,19.452055929308333,3.6761374265657087,14.301559170608458,1.3965694135574516,2.279568013008256,0.018144805149557717,0.03423690523261628,91.87470066666666,123.29863979999996,67.11813745754398,115.77920193912264,13.781205100000001,18.184849037755914,-2.875165,-2.9070938169197658,-0.25834996407332833,-0.05600876370017953,0.08230859280388499,-3.0046477320401443,-0.651390084104488,0.9572609293083332,-11.630145732040145,-64.01491824595655,0.6301113932441752,167.76612465889133,-29.70964769174087
OECD37 as Home,EPC_hybrid,3,10.744992427436044,0.9991303873666882,0.8792053215637143,15.8,15.8,0.9341104584437703,0.02979043958145784,0.8194268068695362,0.011247997409071911,0.0,20.63653844263716,20.63653844263716,0.9669140686790397,0.24684415934774542,0.2132448691023343,19.209535345508037,1.2137582280267851,1.180158937781374,19.42278021461037,19.456379504855782,3.6731206794378326,14.30078611963068,1.3868627810124905,2.2862578984253488,0.017812105877017648,0.03397922299237788,91.87470066666666,123.29863979999995,67.11405628699609,115.78328310967052,13.7812051,18.18359763280317,-2.875165,-2.9157977431038105,-0.25894361896084966,-0.05575633601562674,0.0826141671161189,-3.01396455736284,-0.6489737853896287,0.9615845048557823,-11.63946255736284,-64.82777670898979,0.633086380631286,170.29888279061421,-29.86885479800692
OECD37 as Home,EPC_hybrid,3,10.879901434992005,0.998489450330684,0.8804462030023186,16.0,16.0,0.933904403383004,0.029766515214779563,0.8193742675095443,0.011170269557497997,0.0,20.627435034915226,20.627435034915226,0.955827866878546,0.24636010067828215,0.2109995711876223,19.21424749617078,1.202187967556828,1.1668274380661683,19.425247067358402,19.460607596849062,3.670170837568324,14.302748268113355,1.3772790426388506,2.2928917949294747,0.017487324510171938,0.03372443775135833,91.87470066666666,123.29863979999998,67.10744593913043,115.78989345753624,13.781205100000001,18.182357601678188,-2.875165,-2.924300393597216,-0.25952275792110974,-0.055500989098523024,0.08291257479624303,-3.023067965084774,-0.6465069326415964,0.9658125968490623,-11.648565965084774,-65.64549454725001,0.636030951370003,172.83364400680455,-30.026398465558813
OECD37 as Home,EPC_hybrid,3,11.013556359516382,0.9984959306257027,0.8816484547508179,16.2,16.2,0.9337029453177086,0.029743128403380132,0.8193746778485375,0.011094649116403324,0.0,20.618536661744514,20.618536661744514,0.9451515365208633,0.24588744684955913,0.2086412223050044,19.218856456069094,1.1910389833704225,1.1537927588258676,19.4274976783741,19.464743902918652,3.667287275533515,14.300471718443841,1.3679551451108014,2.2993321304227092,0.017174924100257463,0.03347565911321806,91.87470066666666,123.29863979999998,67.10502695620717,115.79231244045947,13.781205099999998,18.181152471947055,-2.875165,-2.932609727191995,-0.26008797885022855,-0.055265562298285456,0.08320410637977581,-3.0319663382554864,-0.6442563216258996,0.9699489029186523,-11.657464338255487,-66.45562734745828,0.6389025015889953,175.37036680956842,-30.182328632962456
OECD37 as Home,EPC_hybrid,3,11.147205416119847,0.9984950399209078,0.8828268227668893,16.400000000000002,16.400000000000002,0.9335059704749402,0.029720260553391515,0.819374487116992,0.011020382715114397,0.0,20.609838167975962,20.609838167975962,0.9347105066342839,0.2454257748898241,0.20633708487502725,19.223364801576825,1.180136281524108,1.1410475915093112,19.429701886451852,19.46879057646665,3.664467700734768,14.298294590217303,1.3587981988490356,2.305669501885729,0.01687150063476572,0.033230831505403395,91.87470066666666,123.29863979999996,67.10261542273514,115.79472397393148,13.781205100000001,18.179966724331276,-2.875165,-2.9407306797814248,-0.2606396701130644,-0.055035415054013326,0.0834889406646199,-3.0406648320240386,-0.6420521135481465,0.973995576466649,-11.666162832024039,-67.26575174181835,0.6417290812941214,177.90900478317639,-30.336649836859674
OECD37 as Home,EPC_hybrid,3,11.291898720967986,0.9931404949489342,0.8840888251780589,16.6,16.6,0.933313253078336,0.02969730890558007,0.8189330555659466,0.010941557740111869,0.0,20.601329461024974,20.601329461024974,0.9231647210603406,0.24496159819991972,0.2054141419368055,19.227788999827908,1.1681263192602604,1.128578862997146,19.433203141764714,19.472750598027826,3.661637793778449,14.331866363469953,1.349079186648955,2.312558607129498,0.01655283183857672,0.032972258518358534,91.87470066666666,123.29863979999996,67.06573706894773,115.83160232771891,13.781205100000001,18.178685624789683,-2.875165,-2.9486727886614794,-0.26117852898863886,-0.054695402444816486,0.08376729013428719,-3.049173538975026,-0.6385508582352841,0.9779555980278261,-11.674671538975026,-68.14294638239176,0.6447360428397338,180.4494468903412,-30.489524934312897
OECD37 as Home,EPC_hybrid,3,11.413184674264524,0.9991345547486038,0.8851015494167106,16.8,16.8,0.9331247916560197,0.029676009943329976,0.8194268090275568,0.010876437552608462,0.0,20.593010359497114,20.593010359497114,0.9146610937315678,0.24453381337671817,0.20172090151349342,19.232094550875335,1.1591949071082859,1.116381995245061,19.433815452388828,19.476628364252054,3.6590116607038614,14.289822462862782,1.341049956106264,2.317961704597594,0.01629292494013646,0.032754568368357606,91.87470066666666,123.29863979999998,67.10206378959961,115.79527560706703,13.781205100000001,18.177665814094865,-2.875165,-2.956436332482667,-0.261704621238255,-0.05460404508067903,0.08403955754686729,-3.057492640502886,-0.6379385476111707,0.9818333642520543,-11.682990640502886,-68.87807191186118,0.6472254688816355,182.99185972236288,-30.640666708143584
OECD37 as Home,EPC_hybrid,3,11.548130029659966,0.9985001427655473,0.8862252590042128,17.0,17.0,0.9329403400920224,0.029654569485923703,0.8193745691827105,0.01080531863720752,0.0,20.584869888716707,20.584869888716707,0.9047276120642093,0.24410223599647957,0.19971807390573573,19.236321966750282,1.1488298480606889,1.104445685969945,19.436040040656017,19.48042420274676,3.656368081468977,14.291996328549391,1.3322810905732767,2.3240869908956947,0.016011620611507106,0.032519056530187294,91.87470066666666,123.29863979999996,67.09573715515805,115.80160224150859,13.781205100000001,18.176521261024384,-2.875165,-2.964031656847069,-0.26221869228073263,-0.05437574459587093,0.08430571801521539,-3.0656331112832937,-0.6357139593439811,0.985629202746761,-11.691131111283294,-69.69614154524189,0.6499495735676262,185.53599108128566,-30.790406601445287
OECD37 as Home,EPC_hybrid,3,11.679926054451474,0.9993746380317744,0.8872972678429955,17.2,17.2,0.932759780523521,0.029633619995844997,0.8194464351350287,0.010737017961641036,0.0,20.576902743564595,20.576902743564595,0.8953651536887003,0.24368104505650787,0.1973955075182894,19.2404610373011,1.139046198745208,1.0927606612069898,19.43785654481939,19.484142082357607,3.653785037837769,14.284181607597581,1.3238597101785081,2.3299253276592604,0.01574438300652162,0.03229176921763672,91.87470066666667,123.29863979999995,67.09915383150029,115.79818556516635,13.781205100000001,18.175427634419265,-2.875165,-2.9714638087058995,-0.26272112508711415,-0.05418344570547704,0.08456609737535885,-3.0736002564354052,-0.6338974551806089,0.9893470823576074,-11.699098256435406,-70.49511671030079,0.6525709149416806,188.08188061197134,-30.938687630089884
OECD37 as Home,EPC_hybrid,3,11.815384104321314,0.9985038723984945,0.8883834659189942,17.400000000000002,17.400000000000002,0.9325830381152462,0.02961306075257482,0.8193746641108621,0.010668038325216058,0.0,20.569105523178074,20.569105523178074,0.8857859589444416,0.2432679821229725,0.19553638097095222,19.244515201139713,1.129053941067414,1.0813223399153937,19.440051582110666,19.487783183262685,3.6512501111072386,14.288017779714007,1.3153546148334099,2.3358954962738396,0.015477227860763085,0.03206263521249414,91.87470066666667,123.29863979999999,67.09139429362176,115.80594510304489,13.781205100000001,18.17431271531537,-2.875165,-2.9787360532543334,-0.2632121797723981,-0.0539598580289726,0.08482079516543631,-3.0813974768219268,-0.6317024178893327,0.9929881832626855,-11.706895476821927,-71.3163454676915,0.6552233870091203,190.6294802245187,-31.085509099747494
OECD37 as Home,EPC_hybrid,3,11.947644259745934,0.9991389116685133,0.8894198075065085,17.6,17.6,0.9324099395170485,0.02959296956556686,0.8194269230168658,0.010601790642125767,0.0,20.561470486398445,20.561470486398445,0.8767579946366628,0.24286480551947334,0.19336129083289968,19.24848639540941,1.1196228001561361,1.0701192854695625,19.441847686242312,19.491351200928886,3.64877289507719,14.281874776332184,1.3071863656184757,2.341586529458722,0.015223379638727861,0.031841545503928884,91.87470066666666,123.29863979999998,67.09336974064054,115.80396965602613,13.781205100000001,18.173247364098643,-2.875165,-2.985855698263767,-0.2636923869902365,-0.05377136651155694,0.08507009305851398,-3.0890325136015555,-0.6299063137576866,0.996556200928886,-11.714530513601556,-72.1181834420604,0.6577755268941441,193.17876454475163,-31.23093370665755
OECD37 as Home,EPC_hybrid,3,12.082616842322501,0.9985040562461659,0.8904611091804944,17.8,17.8,0.9322404341593639,0.029573228397538634,0.8193744762027919,0.010535326280963502,0.0,20.55399531381099,20.55399531381099,0.8676213246426129,0.24246887150360696,0.19152720423779038,19.25237791342698,1.1100901961462197,1.0591485288804032,19.44390511766477,19.494846784930587,3.6463388359112465,14.284227945916072,1.298991400291992,2.347347435619248,0.014971252154712043,0.03161988803432542,91.87470066666666,123.2986398,67.08720503530712,115.81013436135953,13.781205100000001,18.172171192806303,-2.875165,-2.9928249899622084,-0.26416193346820743,-0.05356155756475764,0.08531405048786649,-3.0965076861890104,-0.6278488823352291,1.0000517849305872,-11.72200568618901,-72.93650909010574,0.6603405819381746,195.72968887020758,-31.3749451739465
OECD37 as Home,EPC_hybrid,3,12.221903994202538,0.9959434084874307,0.8915215327699327,18.0,18.0,0.932074373007182,0.02955390851576027,0.8191624571371517,0.010467923130515647,0.0,20.546673348322017,20.546673348322017,0.8582229282183113,0.24208178624415563,0.1901773022836215,19.256191331575927,1.100304714462467,1.0484002305019327,19.44636863385955,19.498273117820084,3.6439567207668775,14.299495241632933,1.290680683523537,2.353276037243329,0.01471814055975206,0.031395700334551926,91.87470066666666,123.29863979999995,67.06862292747178,115.82871646919484,13.781205100000001,18.171067692117944,-2.875165,-2.9996502143195864,-0.2646212761593333,-0.053318091600159385,0.08555291041567309,-3.1038296516779837,-0.6253853661404492,1.0034781178200838,-11.729327651677984,-73.78104735344071,0.6629464581832691,198.2822042289394,-31.517618497234096
OECD37 as Home,EPC_hybrid,3,12.349844885800449,0.9985046844072359,0.8924632395187396,18.2,18.2,0.9319116123353266,0.029535017189086413,0.8193743333733235,0.010406932824189965,0.0,20.539498173312737,20.539498173312737,0.8501861740560057,0.2417037254854839,0.18767888182046405,19.259929391950784,1.0918898995414896,1.0378650558764697,19.447608273771248,19.501633117436267,3.641627445883974,14.280589825295163,1.2831606617125948,2.3584667841713904,0.01449161481645179,0.031190270178246673,91.87470066666666,123.29863979999996,67.08318919973148,115.81415019693517,13.7812051,18.170092527345275,-2.875165,-3.0063374271664216,-0.2650708539526142,-0.05317987269679049,0.08578689344724133,-3.111004826687264,-0.6241457262287504,1.006838117436267,-11.736502826687264,-74.55672787908854,0.6653083202492062,200.8363412109759,-31.658950143127306
OECD37 as Home,EPC_hybrid,3,12.482010626183415,0.9991405829346494,0.8934249979030392,18.400000000000002,18.400000000000002,0.9317521252825116,0.02951649798067775,0.8194268370737601,0.010344947486001635,0.0,20.53246852870204,20.53246852870204,0.8418733442205579,0.24133341902809707,0.18566807452806444,19.263593690925312,1.083206763248655,1.0275414187486223,19.449261765453375,19.50492710995341,3.6393440526770124,14.274586121477926,1.2755179538264307,2.363826098850582,0.014263536385646553,0.03098214428675859,91.87470066666666,123.29863979999995,67.08534851300283,115.8119908836638,13.781205100000001,18.169089733957403,-2.875165,-3.01288787405706,-0.2655107804162556,-0.05300723918191048,0.08601603584119566,-3.1180344712979604,-0.6224922345466233,1.0101321099534104,-11.74353247129796,-75.35807533369471,0.6677124554001017,203.39200446522742,-31.79896483522478
OECD37 as Home,EPC_hybrid,3,12.617019274760919,0.9985104016138765,0.8943930631770928,18.6,18.6,0.931595801188359,0.029498292460638387,0.8193746199492324,0.010282656614863103,0.0,20.52557946410622,20.52557946410622,0.8334408814447597,0.2409695791195003,0.18398140288858833,19.267187600653383,1.07441046056426,1.017422284333348,19.45116900354197,19.508157179772883,3.637099336819307,14.277063618649843,1.267837574143093,2.3692617626762225,0.014036536949009113,0.030773196580721005,91.87470066666667,123.29863979999999,67.07936268674098,115.81797670992569,13.781205100000003,18.168074886322312,-2.875165,-3.0193062361870924,-0.26594139847222836,-0.05281384966167718,0.08624049585603256,-3.1249235358937817,-0.6205849964580281,1.0133621797728836,-11.750421535893782,-76.17669993856242,0.6701321698483756,205.94917808944598,-31.93768365554408
OECD37 as Home,EPC_hybrid,3,12.750388258173192,0.9986061655438638,0.8953303460109813,18.8,18.8,0.9314425216349658,0.02948045068714689,0.8193824652119047,0.010222084066127709,0.0,20.51882569208556,20.51882569208556,0.8253338306956615,0.24061333089470066,0.18216602541155794,19.270712505083637,1.0659471615903622,1.0074998561072195,19.452878530495195,19.511325835978337,3.6348994704161863,14.27473183430193,1.2603690612747993,2.3745304091413897,0.013817986951733868,0.030569433287242785,91.87470066666666,123.29863979999999,67.07810546428405,115.8192339323826,13.7812051,18.167090078654812,-2.875165,-3.025597504250336,-0.2663630698613744,-0.05263810849942867,0.08646046429996246,-3.1316773079144404,-0.618875469504804,1.0165308359783367,-11.75717530791444,-76.98538939461338,0.6724886523881406,208.50783936791976,-32.075145707178756
OECD37 as Home,EPC_hybrid,3,12.882741209825342,0.9991445951991922,0.8962434212679774,19.0,19.0,0.9312921830861088,0.029462993358783596,0.8194270132998891,0.010162898387088164,0.0,20.51220258553845,20.51220258553845,0.8174796899333503,0.24026514132179858,0.18028768696710903,19.27417006731619,1.057744831255149,0.9977673769004594,19.4544577542833,19.51443520863799,3.6327470055744495,14.269476249904008,1.2530715475535843,2.3796754580208592,0.013606506281466502,0.030369964435096604,91.87470066666666,123.29863979999996,67.07975478508007,115.81758461158655,13.7812051,18.166127961775878,-2.875165,-3.031766049472915,-0.26677611294355014,-0.05247422847350389,0.08667610347560192,-3.1383004144615505,-0.6172962457166982,1.0196402086379912,-11.76379841446155,-77.78792885641943,0.6747944655820773,211.06795791208958,-32.21138871409745
OECD37 as Home,EPC_hybrid,3,13.021481310490417,0.9969494860287773,0.8971898233667751,19.200000000000003,19.200000000000003,0.9311447624656702,0.029445731747938183,0.8192446819431951,0.010101871370988544,0.0,20.50570906535649,20.50570906535649,0.8091794999671653,0.23992081865991996,0.17904429842341452,19.277564448305988,1.0491003186270853,0.9882237983905798,19.4566087467294,19.517485266965906,3.6306186724364533,14.28253079004681,1.2455469994774486,2.385071672959011,0.013390457749294067,0.03016497854461647,91.87470066666666,123.29863979999995,67.06370680891715,115.83363258774949,13.781205100000001,18.165123180837856,-2.875165,-3.0378129354323278,-0.26718062322544733,-0.052262531523117106,0.08688741729130958,-3.144793934643509,-0.6151452532705974,1.0226902669659061,-11.77029193464351,-78.62925938871665,0.6771753470730959,213.62948880854148,-32.346394808118404
OECD37 as Home,EPC_hybrid,3,13.149873487355194,0.9991467570220157,0.8980410409072151,19.400000000000002,19.400000000000002,0.9310001156884996,0.02942901246762605,0.8194270940028262,0.010046194722150542,0.0,20.499338725385144,20.499338725385144,0.8019880843550022,0.2395880591132977,0.17687089745364357,19.280891684463196,1.0415761434683,0.9788589818086458,19.45776258191684,19.520479743576495,3.628557207915533,14.266236259941673,1.2386821444071006,2.38987506350844,0.013195368902459466,0.02997629317172366,91.87470066666667,123.29863979999995,67.07619975944446,115.82113963722216,13.781205100000001,18.164222642884518,-2.875165,-3.043744183419127,-0.26757702659159527,-0.052136284777958404,0.08709468945096657,-3.1511642746148567,-0.6139914180831596,1.0256847435764946,-11.776662274614857,-79.4077894143981,0.6793503828043067,216.19244641558723,-32.48020027335788
OECD37 as Home,EPC_hybrid,3,13.284931696312766,0.9985142759757323,0.8989277895156386,19.6,19.6,0.9308582290402683,0.02941246868635786,0.8193745075875084,0.009988547225829734,0.0,20.49309090483985,20.49309090483985,0.7943257604444754,0.23925873068466655,0.17534712644800962,19.284159287262696,1.033584491129142,0.9696728868924851,19.459506413710706,19.523418017947364,3.626517382188016,14.268899406534583,1.2315742865228694,2.3949430956651403,0.012995137375304364,0.029781698463572984,91.87470066666667,123.29863979999996,67.07035925058459,115.82698014608204,13.781205100000003,18.16327704473984,-2.875165,-3.0495604618397008,-0.26796538967543027,-0.051960643113179175,0.08729787545182685,-3.1574120951601508,-0.6122475862892927,1.028623017947364,-11.782910095160151,-80.22680251976227,0.6816052568452085,218.75676180044493,-32.61280769489925
OECD37 as Home,EPC_hybrid,3,13.418499353732406,0.9985148493653985,0.8997884003894352,19.8,19.8,0.9307189661390513,0.02939626021195822,0.8193744735431423,0.009932386890063215,0.0,20.486959544077184,20.486959544077184,0.7869395685453425,0.23893639074307485,0.17371673379792915,19.28736685099084,1.0258759592884175,0.9606563023432717,19.461083584788767,19.526303241733913,3.6245188993413073,14.267360208466902,1.2246497935121465,2.3998691058291506,0.012801914705864451,0.029591703883078257,91.87470066666667,123.29863979999998,67.06865788152133,115.82868151514532,13.781205100000001,18.162357164169975,-2.875165,-3.0552674625359435,-0.26834611344363807,-0.051799836101554336,0.08749721048912619,-3.1635434559228166,-0.6106704152112314,1.0315082417339134,-11.789041455922817,-81.0367831200912,0.6838046867098277,221.32242695868456,-32.744275656150435
OECD37 as Home,EPC_hybrid,3,13.552842920855058,0.998206586037381,0.9006402346912581,20.0,20.0,0.9305822537417805,0.02938035305386899,0.8193487371735265,0.009876747090768308,0.0,20.480941367271942,20.480941367271942,0.7796231111974298,0.23862029241352872,0.1721814482629685,19.290516515398018,1.0182434036109584,0.9518045594603983,19.462697963660986,19.529136807811547,3.622557568385822,14.26791759282901,1.2177894819403392,2.404768086445477,0.012612239169187802,0.029403403924643846,91.87470066666666,123.29863979999998,67.06498090714268,115.83235848952398,13.781205100000001,18.161443042925054,-2.875165,-3.0608682824605413,-0.26871942418446054,-0.05163653727099852,0.08769280020776934,-3.1695616327280582,-0.6090560363390125,1.034341807811547,-11.795059632728059,-81.85148938370972,0.6859863255016936,223.8894128176866,-32.87462848482778
