,tax_sce,regionbase,varphi,pe,tb,prop,te,jxbar_prime,jmbar_prime,j0_prime,Qe_prime,Qestar_prime,Qeworld_prime,Cey_prime,Cex_prime,Cem_prime,Ceystar_prime,Ge_prime,Ce_prime,Gestar_prime,Cestar_prime,Vgx_prime,Vgm_prime,Vgx1_prime,Vgx2_prime,Cex1_prime,Cex2_prime,Vg_prime,Vgstar_prime,Lg_prime,Lgstar_prime,Ve_prime,Vestar_prime,delta_Le,delta_Lestar,leakage1,leakage2,leakage3,chg_extraction,chg_production,chg_consumption,chg_Qeworld,pai_g,subsidy_ratio,welfare,welfare_noexternality,region_scenario,conv
0,global,OECD37 as Home,0.0,1.0000000711272818,0.0,1.0,0.0,0.04923433442991369,0.8194978536383585,0.04921457837719616,8.625495306754003,23.65050384109798,32.275999147851984,11.293667172613516,0.9105789032899876,2.487536917760308,17.584215711761008,12.204246075903503,13.781204090373823,20.071752629521317,18.494794615050996,6.070526453713265,16.583580631280316,6.068212330794223,0.002518244450606445,0.9102317848768208,0.00034709643630145864,91.87469980395608,123.2986395369031,69.15739934909733,113.73993965729963,13.78120507059341,18.494795930535464,3.0675401269208644e-07,8.410980120487264e-07,0.4541202814353013,-0.7399401499984694,-0.20783922270688548,8.410979788209261e-07,-1.370478681650411e-06,-3.849490042284742e-07,-1.8521480171784788e-06,-4.317800463837784e-07,0.00010552572488153888,3.7976620456742526e-05,3.7976620456742526e-05,3.0,1.0
1,global,OECD37 as Home,0.1,1.033805223061456,0.0,1.0,0.1,0.04923433442991369,0.8194978536383585,0.04923055469417588,8.335126149612865,22.854331955070116,31.18945810468298,10.91347688565975,0.8799251528965489,2.403796414333331,16.992260245468984,11.793402038556298,13.31727329999308,19.396056659802316,17.872185398365534,6.06447479311735,16.567048588761317,6.064032499166425,0.00048131142182475324,0.8798609782424082,6.417387685239855e-05,91.78311063046272,123.17572408235317,69.08845687569769,113.62655319629755,13.767466694469718,18.47635861235298,-0.2807035555384613,0.40311492109504254,-0.7327562016753939,-0.6218782002164166,-0.5730188879959562,-0.7961710449298849,-0.6756973401976829,-0.6226096016344655,-1.0865428953170202,-0.20521550130613875,2.0186977945035878e-05,-1.2173317258448026,-1.3355952842909276,3.0,1.0
2,global,OECD37 as Home,0.2,1.0699627283436026,0.0,1.0,0.2,0.04923433442991369,0.8194978536383585,0.049230901100857594,8.045153801860788,22.059248092587147,30.104401894447935,10.533805803688246,0.8493132646455044,2.320170270710085,16.401113180227494,11.38311906833375,12.85397607439833,18.72128345093758,17.250426444873,6.058223585723439,16.549971420471184,6.057822241499125,0.0004367493486618505,0.8492569994765855,5.626454988924094e-05,91.68850140552861,123.04875562697963,69.01724110068197,113.50942794246826,13.753275310626629,18.45731334404695,-0.5421703495297605,0.8416329146763596,-0.7327572125741522,-0.6218783870419309,-0.573019463834535,-1.5912549074128535,-1.3504705490624183,-1.244368555127,-2.1715991055520654,-0.4247105940900493,1.8336829780252195e-05,-2.297619031286001,-2.7703496318870515,3.0,1.0
3,global,OECD37 as Home,0.30000000000000004,1.1086223877113701,0.0,1.0,0.30000000000000004,0.04923433442991369,0.8194978536383585,0.049232057755967014,7.756341253025612,21.267344317480443,29.023685570506053,10.155653217982433,0.8188238087845002,2.236878590238857,15.812330410434535,10.974477026766934,12.392531808221289,18.049209000673393,16.631154219219034,6.051776040063939,16.532357891540297,6.051510188192827,0.00028930453272481955,0.8187878382131777,3.5970308898774624e-05,91.59092068885509,122.91779933937757,68.9437885766883,113.38862401222583,13.738638203019388,18.437669900906638,-0.7845146053580766,1.3187609973573402,-0.7327575489473268,-0.6218784872417213,-0.5730196904889214,-2.383158682519557,-2.0225449993266054,-1.8636407807809654,-3.2523154294939474,-0.6593950794743995,1.2159232595232439e-05,-3.244968617768761,-4.3069526338778585,3.0,1.0
4,global,OECD37 as Home,0.4,1.1499272603037838,0.0,1.0,0.4,0.04923433442991369,0.8194978536383585,0.049232235652625245,7.469535542701501,20.480943152974813,27.950478695676313,9.780127938038197,0.7885461857287681,2.154165598689152,15.227638350111425,10.568674123766964,11.934293536727349,17.381803948800577,16.016184535840193,6.045138366520539,16.51422496760851,6.04489355683359,0.0002664060949481289,0.7885142520106019,3.1933503398152983e-05,91.49046247178833,122.78298135879027,68.86817005439208,113.26425776589653,13.723569470350034,18.41744720381854,-1.007962224906709,1.8378065131554309,-0.7327577166477611,-0.6218786685045208,-0.5730199244799289,-3.1695598470251873,-2.689950051199421,-2.4786104641598072,-4.3255223043236875,-0.9101374017489414,1.120911040330963e-05,-4.06429757412671,-5.94752431851823,3.0,1.0
5,global,OECD37 as Home,0.5,1.1940084704774332,0.0,1.0,0.5,0.04923433442991369,0.8194978536383585,0.049232430396517694,7.185655850998364,19.702564926535153,26.88822077753352,9.408434952251165,0.7585775505471618,2.072296706142017,14.648913163621343,10.167012502798327,11.480731658393182,16.72120986976336,15.407490714168505,6.038320139115563,16.49559880317368,6.038098295645409,0.00024141388952244732,0.7585496809621917,2.7869414927204222e-05,91.38727165286949,122.64449614346395,68.79049460414996,113.13650858639373,13.70809084739989,18.39667442151959,-1.2128629911571356,2.4021133944591817,-0.7327578168467892,-0.6218783973899341,-0.57301971467911,-3.9479380734648473,-3.3505441302366386,-3.087304285831495,-5.387780222466482,-1.177733554790776,1.0169012090499585e-05,-4.761286518064042,-7.693421383520191,3.0,1.0
6,global,OECD37 as Home,0.6000000000000001,1.240980121323687,0.0,1.0,0.6000000000000001,0.04923433442991369,0.8194978536383585,0.049232804190866904,6.905677748339552,18.934884583915217,25.84056233225477,9.041848939736209,0.7290206772893083,1.9915526727179762,14.078139523628762,9.770869617025516,11.033401612454185,16.06969219634674,14.80716020091807,6.031334456999748,16.476515182747114,6.031156371498436,0.0001937957519909728,0.7289991517026065,2.152548114899551e-05,91.28154648187977,122.50260975063051,68.71091145572076,113.0056219049212,13.692232071636358,18.37539146259458,-1.3996976130156764,3.0149898582169015,-0.7327578832690489,-0.6218786333419368,-0.5730199586182924,-4.715618416084784,-4.002061803653259,-3.6876347990819305,-6.435438667745231,-1.462876204435985,8.172639681780502e-06,-5.34236956434609,-9.545118744095399,3.0,1.0
7,global,OECD37 as Home,0.7000000000000001,1.2909331305699818,0.0,1.0,0.7000000000000001,0.04923433442991369,0.8194978536383585,0.04923293018833278,6.630605620255936,18.18065607987482,24.811261700130753,8.681687666122436,0.6999818139580047,1.9122237487494738,13.51736918840898,9.38166948008044,10.59391141487191,15.429592937158453,14.217351002366984,6.024198096232411,16.457019935489495,6.024034867383906,0.00017762849496138702,0.6999628475788052,1.8966293853847377e-05,91.17354085696552,122.3576629193192,68.62961172739422,112.87191204478984,13.67603122778166,18.35364943789788,-1.5690834877490816,3.6796113958864947,-0.7327579303701861,-0.6218785246690206,-0.5730198772926925,-5.469846920125182,-4.642161062841545,-4.277443997633016,-7.4647392998692474,-1.7661172691552638,7.499710863889675e-06,-5.814628524179841,-11.502067514357195,3.0,1.0
8,global,OECD37 as Home,0.8,1.3439307817001986,0.0,1.0,0.8,0.04923433442991369,0.8194978536383585,0.04923312745570149,6.361446017192571,17.442639305216794,23.804085322409364,8.3292674692269,0.6715670934352894,1.8345998700798558,12.968651693136954,9.00083456266219,10.163867339306757,14.80325156321681,13.640218786572243,6.016931258964126,16.43716825002336,6.016791129700045,0.00015249113822062897,0.6715514532029959,1.56401718019204e-05,91.06356052863016,122.21006597599848,68.546825568599,112.73575752199906,13.659534178411647,18.33150989639977,-1.72176956504161,4.398934124955078,-0.7327579653801142,-0.6218785263313102,-0.573019892805209,-6.207863694783207,-5.268502436783189,-4.854576213427757,-8.471915677590637,-2.0878409130124114,6.446145241367773e-06,-6.185725864320791,-13.56265612049851,3.0,1.0
9,global,OECD37 as Home,0.9,1.4000042365900585,0.0,1.0,0.9,0.04923433442991369,0.8194978536383585,0.04923326276299251,6.099171845117256,16.723501899944434,22.822673745061692,7.985861726825717,0.6438791848472419,1.7589615101974871,12.433969684295493,8.62974091167296,9.744823237023205,14.19293119449298,13.077848869142734,6.009557244255281,16.41702377516886,6.009432976609046,0.0001352302555216157,0.6438658704968651,1.3314304654014704e-05,90.95195811772052,122.06029214856221,68.46281840976127,112.59759487755441,13.642793816653734,18.30904382228433,-1.8586277459168559,5.175596125797673,-0.7327579923182054,-0.6218786938150258,-0.5730200578878211,-6.927001100055566,-5.878822805507019,-5.416946130857266,-9.453327254938308,-2.4282363049987437,5.7234976931219705e-06,-6.46374523133741,-15.724177678403336,3.0,1.0
10,global,OECD37 as Home,1.0,1.4591497351727956,0.0,1.0,1.0,0.04923433442991369,0.8194978536383585,0.04923335864360392,5.844686171677066,16.025720012278363,21.870406183955428,7.652655447948605,0.6170136323785974,1.6855696785392729,11.915168218417653,8.269669080327201,9.338225126487878,13.600737896956925,12.53218185079625,6.002101855221567,16.396657000372496,6.001988846013654,0.00012297862965850647,0.6170020150779337,1.1617264338108962e-05,90.8391241428393,121.90886552484444,68.37788420831453,112.45790756949606,13.625868720298731,18.286329828726664,-1.9806362973687917,6.011830687430394,-0.7327580135990734,-0.6218785391360134,-0.5730199238596038,-7.6247829877216375,-6.471016103043073,-5.962613149203749,-10.405594816044573,-2.7872806195294446,5.211420503914432e-06,-6.657016943429597,-17.982871412662778,3.0,1.0
11,global,OECD37 as Home,1.1,1.5213284326680458,0.0,1.0,1.1,0.04923433442991369,0.8194978536383585,0.04923341942715878,5.598793009018711,15.351498187196913,20.950291196215623,7.330698282382378,0.5910550665516743,1.6146555703897476,11.413881597983844,7.921753348934052,8.945353852772126,13.02853716837359,12.004936664535517,5.9945925201171075,16.376142854665094,5.994486683047949,0.00011517378447659034,0.5910446312242112,1.0435296865882709e-05,90.72547371833161,121.75634320091318,68.29233543579454,112.31720950514199,13.608821156498884,18.263451480136975,-2.0888547722257784,6.909408491939532,-0.732758030762015,-0.6218786242671505,-0.5730200091561554,-8.299004812803087,-7.043216831626408,-6.489858335464483,-11.325709803784378,-3.164738048337223,4.886789303326644e-06,-6.773983872620698,-20.334061656997484,3.0,1.0
12,global,OECD37 as Home,1.2000000000000002,1.5864668221558063,0.0,1.0,1.2000000000000002,0.04923433442991369,0.8194978536383585,0.049233473284703226,5.362164533115893,14.702679484128275,20.06484401724417,7.020872604040728,0.5660746308717969,1.546413536941667,10.931483677296624,7.586947234912525,8.567286140982395,12.477897214238292,11.49755830816842,5.987057471614669,16.355558464603774,5.986957989377902,0.00010825834575577643,0.5660652248537783,9.405992062569102e-06,90.6114341330587,121.60329861140696,68.20649372793424,112.17602966373666,13.59171521858382,18.240494791711043,-2.1843987710033765,7.869584067191732,-0.7327580448361715,-0.6218785653550671,-0.5730199604929191,-8.947823515871725,-7.593856785761707,-6.99723669183158,-12.211156982755831,-3.560162365718713,4.5991485853047465e-06,-6.822971766719559,-22.772290109317687,3.0,1.0
13,global,OECD37 as Home,1.3,1.6544605152172385,0.0,1.0,1.3,0.04923433442991369,0.8194978536383585,0.04923351397671719,5.135325306288627,14.080702216203834,19.21602752249246,6.723863952212481,0.5421275985823003,1.4809945747016093,10.469041839567259,7.265991550794781,8.20485852691409,11.950036414268869,11.01116943814956,5.979524707093044,16.33498031396506,5.979430044980777,0.00010301300246707654,0.5421190161370203,8.582422716071799e-06,90.49742911481273,121.45030041190154,68.12067803992151,112.03489261595749,13.574614465722838,18.21754506178523,-2.268408315374937,8.893090791520411,-0.7327580565364622,-0.6218785665773907,-0.5730199662915907,-9.569800783796166,-8.12171758573113,-7.48362556185044,-13.05997347750754,-3.9729198790145483,4.3818220708535804e-06,-6.8120728023917305,-25.291551397434546,3.0,1.0
14,global,OECD37 as Home,1.4000000000000001,1.7251785644718551,0.0,1.0,1.4000000000000001,0.04923433442991369,0.8194978536383585,0.04923353814893244,4.918639379524419,13.48656458572643,18.40520396525085,6.44014939027168,0.5192524340577139,1.418503761385865,10.027298871452116,6.959401824329394,7.858653151657545,11.445802632837982,10.54655130550983,5.972021125241356,16.314481885103955,5.971929367357786,9.985257018984035e-05,0.5192444559371768,7.978100179903222e-06,90.38386576320974,121.29789494245477,68.03519481031657,111.89430234696978,13.557579962858783,18.194684241368215,-2.342019635803838,9.980149246802089,-0.7327580663757712,-0.6218785658496958,-0.573019969550287,-10.16393841427357,-8.625951367162017,-7.94824369449017,-13.870797034749152,-4.402215668685735,4.252723989850438e-06,-6.748982783779023,-27.885504425372215,3.0,1.0
15,global,OECD37 as Home,1.5,1.7984694022444834,0.0,1.0,1.5,0.04923433442991369,0.8194978536383585,0.04923354889348152,4.712310898602129,12.920826346119537,17.633137244721667,6.169995844821489,0.4974706588932693,1.3589998901011873,9.606670377103292,6.667466503714759,7.528995734922677,10.96567026720448,10.10414103599656,5.964571723559648,16.29413146667067,5.964481316716567,9.838234431984073e-05,0.4974631185779071,7.540296381889761e-06,90.27112240422029,121.14658992801793,67.95032881871897,111.75472722045959,13.540668458887652,18.17198848920269,-2.4063381276346862,11.130508530260977,-0.7327580747319814,-0.6218786082410304,-0.5730200119480623,-10.729676653880464,-9.106083732795518,-8.39065396400344,-14.642863755278334,-4.847129639148647,4.195339909918161e-06,-6.6409118238839815,-30.5477062220344,3.0,1.0
16,global,OECD37 as Home,1.6,1.8741669089611062,0.0,1.0,1.6,0.04923433442991369,0.8194978536383585,0.04923356677178305,4.51639112808074,12.383628061212361,16.9000191892931,5.913471432788363,0.47678776517893484,1.3024979642443189,9.207262414430058,6.390259197967298,7.215969397032682,10.509760378674377,9.684050179608994,5.957199013972521,16.273990557172723,5.957110773938615,9.602438472132782e-05,0.47678070283831697,7.062323244981341e-06,90.1595397457435,120.99684260894689,67.86633652824968,111.61658902932503,13.523931059994679,18.149526391342032,-2.46241666825158,12.343501369961478,-0.7327580818899039,-0.6218785726363978,-0.5730199819991812,-11.26687493878764,-9.561993621325621,-8.810744820391006,-15.3759818107069,-5.306653357132583,4.099856174777372e-06,-6.494504182338705,-33.2718116425329,3.0,1.0
17,global,OECD37 as Home,1.7000000000000002,1.9520967676131256,0.0,1.0,1.7000000000000002,0.04923433442991369,0.8194978536383585,0.04923355040299003,4.330795395336129,11.874737564601604,16.205532959937734,5.670464475910336,0.45719474858797193,1.2489733856227239,8.828901100616612,6.1276592244983075,6.91943786153306,10.077874486239336,9.286095849204584,5.949922605921834,16.254112726059603,5.949832594421598,9.795212523903644e-05,0.457187832063515,6.9165070800564175e-06,90.04941456790179,120.84905127318618,67.78344133600807,111.48025518432536,13.507412283198565,18.12735769097793,-2.511238493213985,13.618116933953795,-0.7327580880682782,-0.6218785594076537,-0.5730199722770325,-11.775765435398396,-9.993879513760662,-9.208699150795416,-16.070468040062266,-5.7797286266232595,4.187277984901705e-06,-6.31582497296808,-36.05175408958654,3.0,1.0
18,global,OECD37 as Home,1.8,2.0320818810273344,0.0,1.0,1.8,0.04923433442991369,0.8194978536383585,0.04923351972816446,4.155321639395263,11.39360081925531,15.548922458650573,5.4407099901821265,0.43867024415174516,1.198367789005191,8.471173856131628,5.879380234333872,6.639077779187318,9.66954164513682,8.909844100283372,5.94275903257732,16.23454313896157,5.94266561201368,0.0001016619273640467,0.43866334822659725,6.895907144725976e-06,89.94099709281636,120.70355172642755,67.70183159320726,111.34603545789005,13.491149661817742,18.105532758964134,-2.5537067125518536,14.953072041645965,-0.7327580934378686,-0.6218786101319997,-0.5730200211604541,-12.25690218074469,-10.40221235486318,-9.584950899716628,-16.727078541349428,-6.26528037454355,4.3511049481193e-06,-6.11034277151266,-38.88186896362972,3.0,1.0
19,global,OECD37 as Home,1.9000000000000001,2.113947029094126,0.0,1.0,1.9000000000000001,0.04923433442991369,0.8194978536383585,0.04923347818328763,3.9896716787001716,10.939400232231709,14.92907191093188,5.2238186669565785,0.42118286293028034,1.1505954254832913,8.133474528241416,5.6450015298868585,6.37441409243987,9.284069953724707,8.554657391171697,5.935721745312164,16.21531854259797,5.935623677128915,0.00010671954774648324,0.42117590427555296,6.958635634404091e-06,89.83449090099755,120.56061717990343,67.62166054223802,111.21418188061085,13.47517373292899,18.084092576985512,-2.590638865760375,16.346881949112312,-0.7327580981338487,-0.6218786040391203,-0.5730200174215556,-12.711102767768292,-10.787684046275292,-9.940137608828303,-17.34692908906812,-6.762244922580593,4.572986387008093e-06,-5.882939211301284,-41.75697773249312,3.0,1.0
20,global,OECD37 as Home,2.0,2.197522805718613,0.0,1.0,2.0,0.04923433442991369,0.8194978536383585,0.04923347044880538,3.83347513561997,10.511120254015044,14.344595389635014,5.01930543349847,0.4046934947751643,1.1055494532032486,7.815047859731325,5.423998928273634,6.124854886701719,8.920597312934573,8.219741354506489,5.9288212272959315,16.19646757509254,5.928722388299743,0.00010755835971495536,0.4046867481560213,6.746600464377896e-06,89.73005465052286,120.42046055757608,67.5430476107562,111.08489086956678,13.459508295244119,18.063069083636414,-2.6227654118532677,17.797929635394468,-0.7327581022644387,-0.6218785592926225,-0.5730199778401179,-13.139382745984957,-11.151156687065425,-10.27505364549351,-17.931405610364987,-7.269593886551763,4.6142944559735e-06,-5.637962610534264,-44.672442419154024,3.0,1.0
21,global,OECD37 as Home,2.1,2.2826483245308067,0.0,1.0,2.1,0.04923433442991369,0.8194978536383585,0.04923346092590738,3.686310167387442,10.107604221291322,13.793914388678763,4.826617011172613,0.3891575302743127,1.0631080073172852,7.51503239694585,5.215774541446925,5.889725018489898,8.578140404263134,7.904189927220163,5.922065229728041,16.178011411320565,5.921965415186923,0.00010861996454286348,0.3891509711469137,6.5591090390369585e-06,89.62780565232494,120.28323929428254,67.4660811029308,110.9583076544938,13.44417094540314,18.042485894142384,-2.650732208075269,19.30452257660992,-0.7327581059171615,-0.6218785701770508,-0.5730199893280742,-13.542898778708679,-11.493613595736864,-10.590605072779837,-18.482086611321236,-7.786350601489915,4.665154043181907e-06,-5.379270422150747,-47.624177762011016,3.0,1.0
22,global,OECD37 as Home,2.2,2.3691728759542237,0.0,1.0,2.2,0.04923433442991369,0.8194978536383585,0.04923336877379923,3.5477204711798103,9.727600983688415,13.275321454868225,4.645156626305351,0.3745268531242286,1.023139642784381,7.232498964547318,5.019683479429579,5.668296269089732,8.255638607331699,7.607025817671547,5.915459078256091,16.159964599988324,5.9153488566599,0.00011994510165981923,0.3745198746383628,6.978464271575302e-06,89.52782450769561,120.14906155940618,67.39082169026044,110.83453201896764,13.429173773599915,18.02235923391093,-2.675105641602946,20.864937124433016,-0.7327581091634597,-0.6218785683218232,-0.5730199889149777,-13.922902016311586,-11.8161153926683,-10.887769182328453,-19.000679545131774,-8.31160018092223,5.15731740580172e-06,-5.110258635029482,-50.60863305071728,3.0,1.0
23,global,OECD37 as Home,2.3000000000000003,2.4569571477259275,0.0,1.0,2.3000000000000003,0.04923433442991369,0.8194978536383585,0.04923332167749123,3.4172328825897473,9.369813157550663,12.78704604014041,4.474304195553239,0.3607514676235876,0.9855077803884741,6.966482094091893,4.835055663176827,5.459811975941713,7.9519898744803665,7.32723356171548,5.909005979535946,16.142335901099834,5.908890508389569,0.0001256577523957615,0.3607444179800997,7.049620609540779e-06,89.43015974793562,120.01799248342769,67.31730590400517,110.71362404424283,13.414524059529613,18.002698872514156,-2.6963786245444883,22.477459021333843,-0.7327581120620653,-0.6218786051115667,-0.5730200239718228,-14.280689842449338,-12.119764125519632,-11.167561438284519,-19.48895495985959,-8.844496926069418,5.408848274157663e-06,-4.833933116712628,-53.62276878929395,3.0,1.0
24,global,OECD37 as Home,2.4000000000000004,2.5458734564035663,0.0,1.0,2.4000000000000004,0.04923433442991369,0.8194978536383585,0.04923329552939088,3.294368407675443,9.032927375047263,12.327295782722707,4.313433422805168,0.34778087715182554,0.9500744724927135,6.716006643869716,4.661214299956993,5.263507895297881,7.666081116362429,7.063787521021541,5.902707358570549,16.125129207505466,5.902589032353418,0.0001287646892994557,0.3477739055042266,6.971624389560247e-06,89.33483293982644,119.89006100962327,67.24554997825902,110.59561042977445,13.400225038209477,17.98350915144349,-2.7149780312352236,24.140408271160926,-0.7327581146616303,-0.6218786005666769,-0.5730200208221145,-14.617575624952737,-12.40567288363757,-11.431007478978458,-19.948705217277293,-9.384265731215326,5.54849951261982e-06,-4.552935062422355,-56.66400864575435,3.0,1.0
25,global,OECD37 as Home,2.5,2.6358058275598957,0.0,1.0,2.5,0.04923433442991369,0.8194978536383585,0.049233276125787366,3.1786538087858465,8.71564605169339,11.894299860479236,4.161924526940496,0.3355651103750539,0.9167032064484658,6.4801076159972135,4.4974896373155495,5.078627733388961,7.396810822445679,6.815672726372267,5.896563156348973,16.108344357998046,5.896442745612889,0.0001310330984679869,0.3355582579695299,6.852382285224988e-06,89.24184319026416,119.7652659394204,67.17555324075053,110.48049006990905,13.386276575673929,17.964789890913064,-2.7312717629904744,25.852161855092127,-0.7327581170026799,-0.6218785709195394,-0.5730199944391072,-14.93485694830661,-12.674943177554319,-11.679122273627733,-20.381701139520764,-9.93020257052991,5.652129913435999e-06,-4.269604990113566,-59.73019734992745,3.0,1.0
26,global,OECD37 as Home,2.6,2.726649564871549,0.0,1.0,2.6,0.04923433442991369,0.8194978536383585,0.049233213954884496,3.0696289265604957,8.416707462760778,11.486336389321274,4.0191740330624635,0.32405551068764943,0.8852610612069972,6.257845401346624,4.3432295437501125,4.904435094269461,7.143106462553622,6.581900912034273,5.8905721147380445,16.09197791558523,5.890444759902151,0.00013858978643331734,0.3240485045708275,7.006091666434977e-06,89.15117145796647,119.64358171883936,67.10730135841983,110.36823939173357,13.372675815730581,17.946537257825906,-2.7455759440446643,27.611166692523003,-0.7327581191191656,-0.6218786007161224,-0.573020022739886,-15.233795537239223,-12.928647537446377,-11.912894087965727,-20.789664610678727,-10.48167188221122,5.98417129094031e-06,-3.9860216686770444,-62.819550363480616,3.0,1.0
27,global,OECD37 as Home,2.7,2.8183104373467582,0.0,1.0,2.7,0.04923433442991369,0.8194978536383585,0.04923307446484413,2.966849782258041,8.134894249645168,11.101744031903209,3.884601940234432,0.3132053141281177,0.855620286081115,6.048316939696057,4.19780725436255,4.740222226315547,6.903937225777172,6.361522253824175,5.884732038931626,16.076023884453498,5.884588971424769,0.0001556885814671041,0.31319769959220845,7.614505165564581e-06,89.06278452552525,119.52496376910895,67.04076932732616,110.2588172724362,13.359417775768193,17.928744565366344,-2.758161901572972,29.41594407146238,-0.7327581210397214,-0.6218785761437933,-0.5730200008650599,-15.515608750354833,-13.167816774222826,-12.133272746175825,-21.174256968096792,-11.038101634529735,6.729158544271918e-06,-3.704007945588064,-65.93059895906767,3.0,1.0
28,global,OECD37 as Home,2.8000000000000003,2.9107041803810425,0.0,1.0,2.8000000000000003,0.04923433442991369,0.8194978536383585,0.04923302110014383,2.8698952021117416,7.869051583384993,10.738946785496735,3.757655874066957,0.3029699841913485,0.8276592153917117,5.850662185298702,4.060625858258305,4.5853150894586685,6.678321400690415,6.153632169490051,5.879039996771575,16.06047425447699,5.878891014007612,0.00016212566383636007,0.3029623065253235,7.677633713519148e-06,88.97663801603986,119.4093525350797,66.97592374337624,110.15216877386734,13.34649579925162,17.911402880261953,-2.7692618679569114,31.265098611841847,-0.7327581227885669,-0.6218785756823844,-0.5730200011382841,-15.781451416615006,-13.393432599309584,-12.341162830509948,-21.537054214503264,-11.598980296973757,7.014168676544585e-06,-3.425203188475111,-69.06215416693725,3.0,1.0
29,global,OECD37 as Home,2.9000000000000004,3.0037554672790896,0.0,1.0,2.9000000000000004,0.04923433442991369,0.8194978536383585,0.049232935188484164,2.7783664311025307,7.61808610565419,10.39645253675672,3.6378141266627853,0.2933074569314459,0.8012629380443782,5.664068840070727,3.9311215835942313,4.439077064707163,6.465331778115106,5.957376297002173,5.873492515677042,16.04531953919271,5.873333936953505,0.000172568147899605,0.29329953790847957,7.918987458854793e-06,88.89267937355397,119.2966774850609,66.91272504580668,110.04822883229006,13.333902002787354,17.894501622759133,-2.779074764222807,33.15731512984937,-0.7327581243863234,-0.6218785659467839,-0.5730199928056176,-16.03241689434581,-13.606422221884893,-12.537418702997826,-21.87954846324328,-12.163850596845744,7.47300601822154e-06,-3.1510563284870603,-72.2132579393827,3.0,1.0
30,global,OECD37 as Home,3.0,3.0973972087093653,0.0,1.0,3.0,0.04923433442991369,0.8194978536383585,0.049233344948142105,2.6918898386497445,7.380973347576608,10.072863186226353,3.5245867716430754,0.28417823086338084,0.7763235431244639,5.487774089684705,3.808765002506456,4.300910314767539,6.264097632809169,5.771952320548086,5.868085727014674,16.030549170193854,5.867973690394228,0.0001219202417976225,0.28417280518112753,5.4256650499349145e-06,88.810850048034,119.18686004312787,66.851129161896,109.94692496336098,13.321627603870294,17.878029006469184,-2.7877708145208038,35.09136003474998,-0.7327581258506013,-0.6218786048621152,-0.5730200292482687,-16.269529652423394,-13.80765636719083,-12.722842679451915,-22.203137813773647,-12.73230526658299,5.284564901675282e-06,-2.8828723872774336,-75.3831509637745,3.0,1.0
31,global,OECD37 as Home,3.1,3.191569565150967,0.0,1.0,3.1,0.04923433442991369,0.8194978536383585,0.04923349602618851,2.610114766561022,7.156751828955411,9.766866595516433,3.4175161234753797,0.2755454039974084,0.7527402210684063,5.321065318742313,3.6930615274727883,4.170256344543786,6.07380553981072,5.5966107227397215,5.862815501435707,16.016151866846236,5.862720656281797,0.00010321219065165184,0.2755409463871963,4.457598236181941e-06,88.7310875436353,119.07981633795765,66.7910890487685,109.84817979786295,13.30966322812367,17.86197245069365,-2.7954959752772965,37.0660750044532,-0.7327581271965402,-0.6218785764325545,-0.5730200035897917,-16.49375117104459,-13.997948460189278,-12.898184277260277,-22.509134404483568,-13.3039810487901,4.477691624371616e-06,-2.621797875095675,-78.57123406797476,3.0,1.0
32,global,OECD37 as Home,3.2,3.286219444143315,0.0,1.0,3.2,0.04923433442991369,0.8194978536383585,0.04923348140603435,2.5327168346221374,6.94453212196881,9.477248956590948,3.3161759002671225,0.2673746063372909,0.7304190792610838,5.163278807245568,3.5835505066044133,4.046594979528207,5.8936978865066525,5.430653413582859,5.857677534771797,16.002115870940205,5.857581120267874,0.00010491998456368543,0.26737020548219453,4.40084306648715e-06,88.65332671869719,118.9754589474617,66.73255567194727,109.75191269108561,13.297999104298313,17.84631884211926,-2.802375187448821,39.080378873938265,-0.7327581284371555,-0.6218786048682922,-0.573020030286872,-16.70597087803119,-14.178056113493346,-13.06414158641714,-22.798752043409053,-13.878555644279945,4.555774448355976e-06,-2.3688921037673567,-81.77704966935283,3.0,1.0
33,global,OECD37 as Home,3.3000000000000003,3.3812994951688538,0.0,1.0,3.3000000000000003,0.04923433442991369,0.8194978536383585,0.049233504094316455,2.4593931108670435,6.743483608388892,9.202876719255935,3.220170504932934,0.25963394192269607,0.7092729837061268,5.0137986113758855,3.4798044468556304,3.929443488639061,5.723071595082012,5.273432553298582,5.852667445012744,15.988429211616221,5.852573675162649,0.00010204202628466979,0.25962978213811194,4.159773516077642e-06,88.57750125345729,118.87369886850327,66.67547911015588,109.65804153984072,13.286625284429796,17.831054830275495,-2.808515860554918,41.133257360287026,-0.732758129583736,-0.6218786077832051,-0.5730200334306461,-16.907019391611108,-14.348682404917987,-13.221362446701418,-23.073124280744068,-14.455741610482495,4.434601646896574e-06,-2.125081542045729,-85.00024753056645,3.0,1.0
34,global,OECD37 as Home,3.4000000000000004,3.476767651491945,0.0,1.0,3.4000000000000004,0.04923433442991369,0.8194978536383585,0.04923355092241893,2.3898638230790716,6.552839172397995,8.942702995477067,3.1291334009628544,0.25229385787162795,0.6892212012735168,4.872054034568649,3.3814272588344823,3.8183546022363712,5.5612752358421655,5.1243478924402766,5.847780824787881,15.975079848734541,5.847692417117078,9.620680938535424e-05,0.2522900436533799,3.8142086715555037e-06,88.50354444433398,118.7744465828485,66.61980915320324,109.56648376577589,13.275531762980808,17.81616698742728,-2.8140102556388866,43.22376271140897,-0.7327581306460745,-0.6218786029023894,-0.5730200293575298,-17.097663827602005,-14.510478764157833,-13.370447107559723,-23.333298004522934,-15.03528358016569,4.184503838988718e-06,-1.8912137903865662,-88.24057135604717,3.0,1.0
35,global,OECD37 as Home,3.5,3.5725864520454147,0.0,1.0,3.5,0.04923433442991369,0.8194978536383585,0.04923363025271185,2.323869908050755,6.371888480830852,8.695758388881607,3.04272559167232,0.24532702176632265,0.6701890647400248,4.737517259708667,3.2880526134386425,3.7129146564123445,5.407706324448692,4.98284428147499,5.843013295220098,15.962055819994664,5.842933903625638,8.639535742322035e-05,0.24532368840005458,3.3333587463573863e-06,88.43139001898285,118.6776131509968,66.565495915506,109.47715732440564,13.264708599099597,17.80164197264952,-2.818937842786497,45.351007352506514,-0.7327581316327109,-0.6218785751015562,-0.5730200041349002,-17.27861451916915,-14.664047675551306,-13.51195071852501,-23.580242611118393,-15.616954144929782,3.7608198993899222e-06,-1.6680496271979932,-91.49783861036136,3.0,1.0
36,global,OECD37 as Home,3.6,3.668722570802227,0.0,1.0,3.6,0.04923433442991369,0.8194978536383585,0.049233656246401504,2.2611726637465357,6.1999770294290855,8.46114969317562,2.9606338404851327,0.2387081781593098,0.6521075807897176,4.609700578114564,3.1993420186444426,3.6127414212748503,5.261808158904282,4.848408756273874,5.8383605403209256,15.949345334896487,5.838284140239504,8.313994041910681e-05,0.23870505445289922,3.1236996221474243e-06,88.36097265685088,118.58311091078076,66.51249022792867,109.38998134955285,13.25414599470316,17.787466636617115,-2.823367133839873,47.51416078018006,-0.7327581325511067,-0.6218785769555395,-0.5730200062099745,-17.450525970570915,-14.809945841095717,-13.646386243726127,-23.81485130682438,-16.20055099824562,3.6219939810733237e-06,-1.456287871921284,-94.77192830891622,3.0,1.0
37,global,OECD37 as Home,3.7,3.765146245894289,0.0,1.0,3.7,0.04923433442991369,0.8194978536383585,0.04923369603272577,2.2015508697164874,6.036498247217394,8.238049116933881,2.8825689974082875,0.23241401364144673,0.6349130614042238,4.488153783863645,3.114983011049734,3.5174820588125115,5.123066845267869,4.720567797505091,5.8338183397021135,15.936936864102417,5.833746477662143,7.820156388308658e-05,0.2324111507231717,2.8629124181655595e-06,88.29222848425157,118.49085414177175,66.46074401044422,109.30487676624625,13.243834368738442,17.77362812126577,-2.8273574085642212,49.71244311689236,-0.7327581334078235,-0.6218785704976366,-0.5730200006015638,-17.614004752782606,-14.94868715473213,-13.77422720249491,-24.03795188306612,-16.78589346990525,3.409505082929698e-06,-1.2565480611463338,-98.06276562413665,3.0,1.0
38,global,OECD37 as Home,3.8000000000000003,3.8618309500164543,0.0,1.0,3.8000000000000003,0.04923433442991369,0.8194978536383585,0.04923358250788035,2.14480092088808,5.880893863351181,8.025694784239262,2.8082641772941948,0.2264230099599568,0.6185467226077734,4.372461337350061,3.0346871872541517,3.426810899901968,4.991008059957835,4.598884347310018,5.829382584394965,15.924819182652943,5.829298007629913,9.203795074138728e-05,0.22641972485635642,3.2850956848278334e-06,88.22509531378351,118.40075938658697,66.41021045235328,109.22176658711821,13.233764393095159,17.76011390798805,-2.8309599738217748,51.94512308942513,-0.7327581342086316,-0.6218785777740364,-0.5730200076260795,-17.769609136648818,-15.080745940042164,-13.895910652689981,-24.250306215760737,-17.37282052520069,4.0158134601009365e-06,-1.0694014053499894,-101.37031517148019,3.0,1.0
39,global,OECD37 as Home,3.9000000000000004,3.9587529749356722,0.0,1.0,3.9000000000000004,0.04923433442991369,0.8194978536383585,0.04923374176671826,2.090734851059466,5.732648487673629,7.823383338733095,2.7374731098660257,0.22071531098527974,0.6029543210446875,4.262239796277793,2.9581884208513056,3.3404274309107134,4.86519411732248,4.482955107263073,5.825049293178854,15.912981414573164,5.824982679529329,7.249017281226749e-05,0.22071278694614624,2.5240343398846163e-06,88.15951289145507,118.31274578253834,66.36084419830372,109.14057621834277,13.223927029674512,17.746911867380756,-2.834219369232856,54.21151326158645,-0.7327581349586291,-0.6218786100256579,-0.5730200376433221,-17.91785451232637,-15.206559882677517,-14.011839892736926,-24.452617661266906,-17.961188242675732,3.1652513080571154e-06,-0.8953655207566701,-104.69457126394926,3.0,1.0
40,global,OECD37 as Home,4.0,4.055891049460141,0.0,1.0,4.0,0.04923433442991369,0.8194978536383585,0.049233846042993495,2.0391781076303923,5.591283509183753,7.630461616814145,2.6699685630204875,0.21527259558609085,0.5880858066969163,4.157135360746431,2.8852411586065783,3.258054369717404,4.745221167443347,4.372407956332522,5.82081462421119,15.901413064643798,5.8207597708260055,5.969244472655829e-05,0.2152705669300749,2.028652841104842e-06,88.09542307269886,118.22673529784922,66.31260148078309,109.06123367753955,13.214313556791318,17.734010294677383,-2.8371743985094646,56.51096521471643,-0.7327581356623482,-0.6218785717878428,-0.573020002690723,-18.059219490816247,-15.326532832556651,-14.122387043667477,-24.645539383185856,-18.550867494997554,2.6083384764286066e-06,-0.7348913449487458,-108.03554923307618,3.0,1.0
41,global,OECD37 as Home,4.1000000000000005,4.153226245811819,0.0,1.0,4.1000000000000005,0.04923433442991369,0.8194978536383585,0.04923387040930953,1.9899719070863775,5.456363554608992,7.446335461695369,2.6055406858257637,0.2100779440295498,0.5738949579136762,4.0568212933025,2.8156186298553134,3.1794356437394398,4.630716251216176,4.26689923733205,5.816674872064747,15.890104010307654,5.816622792458659,5.667396894766325e-05,0.2100760630964027,1.880930350304802e-06,88.03276977753292,118.14265267147931,66.26544008636685,108.98366953826387,13.204915562448237,17.721397900721904,-2.839858755371602,58.8428709149078,-0.732758136323785,-0.6218786042430975,-0.5730200328602344,-18.19413944539101,-15.441037748783822,-14.22789576266795,-24.82966553830463,-19.141743380588615,2.4782043506199614e-06,-0.5884311818645014,-111.3932868244397,3.0,1.0
42,global,OECD37 as Home,4.2,4.250741437058336,0.0,1.0,4.2,0.04923433442991369,0.8194978536383585,0.04923393964148618,1.9429669315370128,5.327479204754847,7.27044613629186,2.5439957845880135,0.20511573929873758,0.56033911182853,3.9609960132776063,2.749111523886751,3.1043348964165434,4.521335125106137,4.166111752576344,5.812626482866657,15.879044543026646,5.81258220441245,4.8184616209817315e-05,0.2051141768023521,1.5624944087475317e-06,87.9714992196826,118.06042572061325,66.21931952818666,108.90781721365727,13.195724978703998,17.70906385809199,-2.842302021912329,61.206652883677336,-0.7327581369465354,-0.621878576966232,-0.5730200079750926,-18.323023795245152,-15.550418874893861,-14.328683247423655,-25.00555486370814,-19.73371192995266,2.1084536300230994e-06,-0.45634819407254146,-114.7678294044321,3.0,1.0
43,global,OECD37 as Home,4.3,4.348421366278584,0.0,1.0,4.3,0.04923433442991369,0.8194978536383585,0.04923404135089155,1.8980277054415173,5.204258995179722,7.10228670062124,2.485154805290859,0.20037154473571392,0.5473788301023448,3.8693807339499626,2.685526350026573,3.0325336353932038,4.416759564052308,4.069752278685677,5.808666042153489,15.86822533510407,5.808633193562869,3.574643346653875e-05,0.20037041161447802,1.1331201717774117e-06,87.91155972277272,117.979985093985,66.17420090757156,108.83361272889523,13.186734054102278,17.696997764097752,-2.844529968422638,63.60176846022379,-0.7327581375337805,-0.6218786091623366,-0.5730200378761868,-18.44624400482028,-15.65499443594769,-14.425042721314323,-25.173714299378762,-20.3266805255463,1.5652512780350847e-06,-0.3390190557279731,-118.15923668618413,3.0,1.0
44,global,OECD37 as Home,4.4,4.446252179602604,0.0,1.0,4.4,0.04923433442991369,0.8194978536383585,0.049233679627447575,1.8550265484303656,5.086352835255484,6.94137938368585,2.4288522827493995,0.19583201931454836,0.5349776674645315,3.7817178263794187,2.624684302063948,2.963829950213931,4.31669549384395,3.977549845693967,5.804790284755265,15.857637466685933,5.804716942794081,7.98120400561027e-05,0.19582954502975003,2.4742796065595268e-06,87.85290186991764,117.90126447263204,66.13004702664989,108.7609949063783,13.177935376110169,17.685189670894804,-2.8465653263048,66.02770074820101,-0.7327581380884012,-0.6218785796275965,-0.5730200108833556,-18.564150164744518,-15.755058506156049,-14.517245154306032,-25.334621616314152,-20.920565067085292,3.4971215939760825e-06,-0.23674111354267305,-121.56757007057033,3.0,1.0
45,global,OECD37 as Home,4.5,4.544221499711327,0.0,1.0,4.5,0.04923433442991369,0.8194978536383585,0.04923380032271552,1.813847460270283,4.973442660469307,6.78729012073959,2.3749350651899057,0.19148481480751048,0.5231018907896716,3.697768833580768,2.566419879997416,2.8980369559795776,4.22087072437044,3.8892536483882783,5.8009960821102045,15.847272391107145,5.8009362978781605,6.50582797762014e-05,0.1914828413925246,1.973411608398164e-06,87.79547831173562,117.82420031224487,66.08682224383465,108.68990512805554,13.169321842320365,17.673630046836735,-2.848427981686422,68.48396235844305,-0.7327581386129574,-0.6218785779600594,-0.573020009556306,-18.677060339530694,-15.85088327562956,-14.605541351611722,-25.48871087926041,-21.51529041772663,2.852518651064173e-06,-0.14982584769471063,-124.99289902961732,3.0,1.0
46,global,OECD37 as Home,4.6000000000000005,4.642318097347875,0.0,1.0,4.6000000000000005,0.04923433442991369,0.8194978536383585,0.049233919026080784,1.7743818823866377,4.865230810815011,6.639612693201649,2.3232613859287956,0.18731850093696886,0.511720274626038,3.6173130251298944,2.5105798868657643,2.8349816605548335,4.129033299755933,3.804631526066863,5.7972804457851,15.837121944508532,5.797233978164468,5.056690622972245e-05,0.18731699950105934,1.5014339108185732e-06,87.73924381962813,117.74873191466975,66.04449251392893,108.62028740138419,13.160886668443034,17.662309787200464,-2.850135511589619,70.97008898652417,-0.7327581391097685,-0.6218785778032672,-0.5730200096102283,-18.78527218918499,-15.942720700244067,-14.690163473933136,-25.636388306798352,-22.110788409969246,2.218555013366874e-06,-0.07853497555684867,-128.43529283302192,3.0,1.0
47,global,OECD37 as Home,4.7,4.74053184746462,0.0,1.0,4.7,0.04923433442991369,0.8194978536383585,0.04923388690694158,1.7365297482455047,4.761442910867092,6.497972659112596,2.2736998650569658,0.1833224848838049,0.5008038813071357,3.5401458427884016,2.457022349940771,2.7745037463641014,4.040949724095538,3.7234683276722067,5.793640519653522,15.827178324469118,5.793590490574187,5.444254915495613e-05,0.18332090186271321,1.5830188214308758e-06,87.68415516740048,117.67480126903949,66.00302529901731,108.55208821277682,13.152623370548923,17.651220190355925,-2.8517034137087798,73.48563974649832,-0.732758139580921,-0.6218786038991765,-0.573020033844035,-18.889060089132908,-16.03080427590446,-14.771326672327794,-25.778028340887403,-22.706997579443534,2.3900948346033957e-06,-0.02311738027227664,-131.89482221541274,3.0,1.0
48,global,OECD37 as Home,4.800000000000001,4.838853531180995,0.0,1.0,4.800000000000001,0.04923433442991369,0.8194978536383585,0.04923387970731345,1.7001971174309707,4.661821382586451,6.362018500017422,2.226128685019075,0.17948694481652228,0.4903258793652481,3.466077616882315,2.405615629835597,2.716454564384323,3.956403496247563,3.645564561698837,5.790073578175446,15.817434085306376,5.790022775538345,5.528434849453567e-05,0.17948536998159165,1.5748326358460064e-06,87.63017110522478,117.60235301683139,65.96238954886697,108.48525649536798,13.14452576116381,17.640352952524715,-2.8531454460946866,76.03019339365225,-0.7327581400283153,-0.6218785747718734,-0.5730200071838107,-18.988681617413548,-16.115350503752435,-14.849230438301163,-25.91398249998258,-23.303861962691016,2.428546153399047e-06,0.016223988171852742,-135.3715552371387,3.0,1.0
49,global,OECD37 as Home,4.9,4.937274884083431,0.0,1.0,4.9,0.04923433442991369,0.8194978536383585,0.04923386421479504,1.665298836190878,4.566132740350422,6.231431576541301,2.1804347259755903,0.17580276017774607,0.4802613530867575,3.394932220062633,2.3562374861533364,2.660696079062348,3.8751935731493905,3.570734980240379,5.786577015854188,15.807882109274475,5.786524514081891,5.713337766251109e-05,0.17580116511447144,1.595060871241758e-06,87.5772522000753,117.53133423772644,65.92255558081756,108.4197434314747,13.136587925333792,17.629700135658968,-2.8544737263055713,78.60335067949408,-0.7327581404536496,-0.6218786021573521,-0.5730200325875734,-19.084370259649578,-16.19656042685061,-14.92406001975962,-26.0445694234587,-23.901331390370395,2.511287629403114e-06,0.0392619908172848,-138.8655618344008,3.0,1.0
50,global,OECD37 as Home,5.0,5.035788311027067,0.0,1.0,5.0,0.04923433442991369,0.8194978536383585,0.04923384853152614,1.6317537869445093,4.474154565435662,6.105908352380172,2.1365129387159554,0.17226146112384813,0.47058716439034376,3.326546090932464,2.3087743998398036,2.607100103106299,3.7971332553228074,3.498807552056312,5.783148349119452,15.798515611708439,5.783094128380521,5.900398772968058e-05,0.17225984606174916,1.6150595843066259e-06,87.52536086422766,117.46169448785601,65.88349510123362,108.35550248787825,13.128804224900163,17.619254173178405,-2.8556990959844115,81.2047279124671,-0.7327581408584898,-0.6218786063853453,-0.5730200366450584,-19.17634843456434,-16.27462074467719,-14.995987447943687,-26.17009264761983,-24.499359755953773,2.595047871922773e-06,0.04583192653326293,-142.37690603952174,3.0,1.0
51,global,OECD37 as Home,5.1000000000000005,5.134386937224518,0.0,1.0,5.1000000000000005,0.04923433442991369,0.8194978536383585,0.04923382747517186,1.5994872246609162,4.385681912203841,5.985169136864758,2.0942656231817454,0.16885517035415262,0.46128179391489216,3.2607671107091196,2.263120793535898,2.5555474170966375,3.7220489046240117,3.4296222810632724,5.779785206327877,15.789328113707423,5.779728668836509,6.152511889303381e-05,0.16885351862361328,1.6517278561350474e-06,87.47446120392146,117.39338559670276,65.84518109158742,108.29248922846995,13.121169275798831,17.609007839505416,-2.856831177738056,83.83395906590087,-0.7327581412442529,-0.6218785765505348,-0.5730200093083008,-19.264821087796157,-16.349705095375988,-15.065172718936727,-26.290831863135242,-25.097905325862367,2.707504388577142e-06,0.035770563076632386,-145.90565020019093,3.0,1.0
52,global,OECD37 as Home,5.2,5.233064548825844,0.0,1.0,5.2,0.04923433442991369,0.8194978536383585,0.049233824493279926,1.5684306776250807,4.300527036009411,5.868957713634492,2.053601827634831,0.16557655466743323,0.45232520868060283,3.1974536677302234,2.219178382302264,2.5059270363154336,3.649778876410826,3.3630302223976565,5.776485322312461,15.780313427244762,5.776428484738373,6.185167423182491e-05,0.16557492548131608,1.6291834549202171e-06,87.42451893686838,117.3263615563938,65.80758774636442,108.23066121212717,13.113677935686509,17.59895423345907,-2.857878515759905,86.49069496416702,-0.732758141612218,-0.6218786005500347,-0.5730200315691981,-19.349975963990588,-16.42197512358917,-15.131764777602344,-26.407043286365507,-25.69693037875567,2.7234299012635077e-06,0.00890521740493439,-149.4518550235544,3.0,1.0
53,global,OECD37 as Home,5.300000000000001,5.331815392970675,0.0,1.0,5.300000000000001,0.04923433442991369,0.8194978536383585,0.04923381331134711,1.5385183259199042,4.218509463250941,5.757027789170845,2.0144368593254316,0.16241878550835623,0.4436987543090068,3.1364738955649187,2.176855644833788,2.4581356136344383,3.5801726498739255,3.298892681073275,5.773246537873706,15.771465653777836,5.773188486526984,6.317252315334997e-05,0.16241715234941007,1.6331562189477118e-06,87.37550138455076,117.26057851136524,65.77069046726606,108.16997798317895,13.106325302785516,17.58908677670479,-2.858848811622758,89.17459852855426,-0.7327581419635776,-0.6218785779907818,-0.5730200109226478,-19.43199353674906,-16.491581350126072,-15.195902318926725,-26.518973210829156,-26.296399991742543,2.783149714691291e-06,-0.03487551468023907,-153.01557424609874,3.0,1.0
54,global,OECD37 as Home,5.4,5.4306342924974205,0.0,1.0,5.4,0.04923433442991369,0.8194978536383585,0.04923380299429482,1.5096906144595068,4.139465898055289,5.6491565125147964,1.9766917159497732,0.15937549312739466,0.4353850297961408,3.0777047877946444,2.1360672090771677,2.412076745745914,3.513089817590785,3.237080280922039,5.770066789075441,15.762779155006221,5.7700076210398805,6.438772373937227e-05,0.1593738588421793,1.6342824321622949e-06,87.32737731021881,117.19599454094937,65.73446574126443,108.11040087084812,13.09910669158334,17.57939918114241,-2.8597488987120125,91.88534838165324,-0.7327581422994013,-0.6218785778461994,-0.573020010923532,-19.511037101944712,-16.558664182409213,-15.25771471907796,-26.626844487485204,-26.896282736726523,2.838250433012668e-06,-0.0957126996056036,-156.59686071143057,3.0,1.0
55,global,OECD37 as Home,5.5,5.529516471147729,0.0,1.0,5.5,0.04923433442991369,0.8194978536383585,0.04923379594747798,1.481890946552515,4.063241156259796,5.54513210281231,1.9402926828492475,0.15644073410404877,0.4273677987918572,3.0210315708530957,2.0967334169532963,2.3676604816411047,3.448399369644953,3.1774723049571443,5.766944106578531,15.754248551051482,5.766884186422313,6.520619475898097e-05,0.15643910864122945,1.6254600145563507e-06,87.28011690880648,117.1325696458418,65.69889113301161,108.05189297676752,13.092017631320052,17.56988544687627,-2.8605849362106675,94.62263456948392,-0.7327581426206818,-0.6218785739547719,-0.5730200074661383,-19.587261843740205,-16.623354630355045,-15.317322695042856,-26.73086889718769,-27.496549619304883,2.875885670716727e-06,-0.173711022327558,-160.1957616353171,3.0,1.0
56,global,OECD37 as Home,5.6000000000000005,5.628457571190109,0.0,1.0,5.6000000000000005,0.04923433442991369,0.8194978536383585,0.049233804766340254,1.4550668389709625,3.9896913325302794,5.444758171501242,1.905170894485711,0.15360895598974375,0.41963189301061365,2.9663470212441916,2.058779850475455,2.3248027874963246,3.3859789142548053,3.119955977233935,5.763876608953875,15.745868702189505,5.763817701475565,6.410418070471592e-05,0.15360738608864125,1.5698984378916882e-06,87.23369170572671,117.07026561228118,65.6639452086592,107.99441904968927,13.085053850807558,17.56053984184218,-2.8613624439478724,97.38615941449625,-0.7327581429283263,-0.6218785761210593,-0.5730200095850836,-19.660811667469723,-16.685775085745192,-15.374839022766064,-26.83124282849876,-28.097174185753264,2.828786394237781e-06,-0.26897337488601375,-163.81232082482933,3.0,1.0
57,global,OECD37 as Home,5.7,5.727453600082441,0.0,1.0,5.7,0.04923433442991369,0.8194978536383585,0.049233829885825794,1.4291693023527203,3.918682101467906,5.347851403820626,1.8712619626479816,0.1508749673310901,0.41216313034044105,2.913550886660384,2.0221369299790717,2.2834250929884226,3.3257140170008253,3.0644258539914744,5.7608624986851495,15.737634697930714,5.760806414259544,6.103208463579425e-05,0.15087349849966372,1.4688290514400665e-06,87.18807449637484,117.00904593086116,65.6296074903203,107.93794541059073,13.078211269355124,17.551356889629176,-2.8620863858410357,100.17563638408369,-0.7327581432231679,-0.6218786004284207,-0.5730200321004537,-19.731820898532096,-16.74603998299917,-15.430369146008525,-26.928149596179374,-28.698132199239073,2.6946297106977823e-06,-0.3815943208687116,-167.44657815017368,3.0,1.0
58,global,OECD37 as Home,5.800000000000001,5.826500866733497,0.0,1.0,5.800000000000001,0.04923433442991369,0.8194978536383585,0.049233875739176904,1.404151818755962,3.8500859141351693,5.254237732891132,1.8385056411846072,0.14823391063816194,0.4049482409971674,2.862549363972295,1.9867395518227693,2.2434538821817744,3.2674976049694626,3.010783274610457,5.757900058750306,15.729541847681336,5.7578490975407615,5.545690976635947e-05,0.14823259867037777,1.3119658557346865e-06,87.14323929439092,116.94887572709693,65.5958584171248,107.88243988862376,13.071485989008737,17.54233135906454,-2.862761253259184,102.99078858128323,-0.7327581435059818,-0.6218786031437418,-0.5730200347153814,-19.80041708586483,-16.804256395030535,-15.484011725389543,-27.02176326710887,-29.29940125289529,2.4497389278232973e-06,-0.5116420033088038,-171.09856849039554,3.0,1.0
59,global,OECD37 as Home,5.9,5.92559599409636,0.0,1.0,5.9,0.04923433442991369,0.8194978536383585,0.049233736544786175,1.3799712179573798,3.7837844008042048,5.163755618761584,1.8068454958815732,0.14568123576759845,0.39797479481186365,2.813254585229014,1.9525267316491717,2.2048202906934367,3.2112293800408773,2.9589358209966123,5.7549876471965895,15.721585665923328,5.754921254881605,7.224931238940747e-05,0.1456795551185536,1.6806458249479788e-06,87.0991612495552,116.88972165123832,65.5626792834162,107.82787171947031,13.064874282235401,17.53345824768575,-2.8633910882840055,105.83134933878245,-0.7327581437774792,-0.6218785785859902,-0.5730200121954544,-19.866718599195796,-16.860524619959122,-15.535859179003388,-27.112245381238417,-29.900960846269253,3.1931403288165683e-06,-0.6591859340135474,-174.7683234324834,3.0,1.0
60,global,OECD37 as Home,6.0,6.0247359109857594,0.0,1.0,6.0,0.04923433442991369,0.8194978536383585,0.04923359698174427,1.3565880354757143,3.719669352632224,5.076257388107939,1.776228611678867,0.14321267631623957,0.3912311367425247,2.7655841617949037,1.9194412879951066,2.1674597484213916,3.1568152985374285,2.9087968381111433,5.752123692738853,15.713761860189784,5.752041843354905,8.906996645208825e-05,0.14321063848291818,2.0378285058494853e-06,87.05581658117048,116.83155178886688,65.53005218860629,107.77421146287014,13.058372581930517,17.524732768330036,-2.8639795197033755,108.69706222813454,-0.7327581440383053,-0.62187860822582,-0.5730200396107582,-19.930833647367777,-16.91493870146257,-15.585998161888856,-27.19974361189206,-30.502792335649485,3.938512046830489e-06,-0.824313405465347,-178.4558721167889,3.0,1.0
61,global,OECD37 as Home,6.1000000000000005,6.123917716748408,0.0,1.0,6.1000000000000005,0.04923433442991369,0.8194978536383585,0.049233637636932254,1.3339633168686866,3.6576339592675926,4.991597276136279,1.7466053636857493,0.1408242311586851,0.3847063364380194,2.7194608278208756,1.8874295948444344,2.1313117001237685,3.104167164258895,2.8602850589795605,5.749306694267632,15.706066329721068,5.749229395079662,8.411836347271525e-05,0.14082233778278888,1.8933716686377875e-06,87.01318257061719,116.77433565090462,65.4979600315709,107.72143099340435,13.051977480301115,17.516150347635698,-2.864529881078123,111.58767733607232,-0.7327581442890787,-0.6218786016899744,-0.5730200336885518,-19.99286904073241,-16.967586835741102,-15.63450994102044,-27.284403723863722,-31.104878112543435,3.7213825849757853e-06,-1.0070535580195756,-182.16123715325173,3.0,1.0
62,global,OECD37 as Home,6.2,6.223138779736078,0.0,1.0,6.2,0.04923433442991369,0.8194978536383585,0.04923371375108663,1.3120616861372085,3.597581222199202,4.90964290833641,1.717929138233978,0.13851214195654446,0.37839012679742745,2.674812005924848,1.8564412801905226,2.0963192650314055,3.0532021327222756,2.813324147881392,5.746535213827202,15.698495146282148,5.746466391607778,7.489357722797022e-05,0.13851048309382596,1.6588594190582225e-06,86.97123745507926,116.718044030991,65.46638643065369,107.66950336892906,13.045685712924772,17.507706604648646,-2.8650451645481083,114.5029542457457,-0.7327581445303593,-0.6218785784456264,-0.5730200123667729,-20.052921777800798,-17.018551867277722,-15.681470852118608,-27.366358091663592,-31.70720220146089,3.3148757463408174e-06,-1.2074605914843213,-185.88443931175692,3.0,1.0
63,global,OECD37 as Home,6.300000000000001,6.322396678447581,0.0,1.0,6.300000000000001,0.04923433442991369,0.8194978536383585,0.04923374910062973,1.290850166659701,3.5394207218409792,4.83027088850068,1.6901561251383934,0.1362728764089496,0.3722728582134693,2.6315694837419215,1.826429001547343,2.0624289833518628,3.003842341955391,2.7678423601508713,5.743807874469604,15.691044548300168,5.743743002688779,7.059464020509561e-05,0.13627133731426472,1.5390917979870217e-06,86.92996039506586,116.66264896189585,65.43531569921842,107.61840279036744,13.039494153877838,17.49939734428438,-2.8655280812977724,117.44266048137504,-0.7327581447626638,-0.6218785796080325,-0.5730200135306216,-20.11108227815902,-17.067911658044608,-15.726952639849129,-27.445730111499323,-32.30974990261479,3.1260827421109028e-06,-1.4255894663569233,-189.62549618980285,3.0,1.0
64,global,OECD37 as Home,6.4,6.421689147454346,0.0,1.0,6.4,0.04923433442991369,0.8194978536383585,0.04923370492719115,1.270296988254385,3.4830653465802595,4.7533623348346445,1.6632451252850475,0.1341031127388887,0.36634545619197445,2.5896691143395096,1.7973482380239363,2.029590581477022,2.956014570531484,2.723772227078398,5.741123358101119,15.683710934981422,5.741053623204072,7.588676907117576e-05,0.13410148384743711,1.6288881657071248e-06,86.88933144181874,116.60812367177935,65.40473282111552,107.56810456136071,13.033399810846548,17.491218550766906,-2.865981113770313,120.40657001423554,-0.7327581449864801,-0.6218785792196383,-0.5730200132621204,-20.16743765341974,-17.115739429468515,-15.7710227729216,-27.522638665165356,-32.91250746366104,3.362001963602701e-06,-1.6614684394011963,-193.38442095740487,3.0,1.0
65,global,OECD37 as Home,6.5,6.5210140939567935,0.0,1.0,6.5,0.04923433442991369,0.8194978536383585,0.049233773145724205,1.2503723535404752,3.4284333940864924,4.678805747626967,1.6371573553003358,0.13199972394418746,0.3605993783284108,2.5490505120875877,1.7691570792445233,1.9977567336287465,2.9096498904159986,2.6810502360317754,5.7384804015896815,15.676490855677496,5.738418252414466,6.763185262982802e-05,0.13199829435422675,1.4295873894172922e-06,86.84933147839965,116.55444250512929,65.37462340633617,107.51858501533454,13.027399816290144,17.483166375769393,-2.866406519293908,123.39446382806047,-0.732758145202261,-0.6218785623915264,-0.5730199978422962,-20.222069605913507,-17.162104109584,-15.813744763968224,-27.597195252373034,-33.5154621802044,2.997664003245859e-06,-1.9151231936962758,-197.1612237419699,3.0,1.0
66,global,OECD37 as Home,6.6000000000000005,6.620369603438247,0.0,1.0,6.6000000000000005,0.04923433442991369,0.8194978536383585,0.04923418138625332,1.231048929456393,3.3754499190197444,4.6064988484761376,1.6118562722301155,0.12995976366184467,0.3550265756918046,2.5096567796844584,1.74181603589196,1.9668828479219203,2.864683355376263,2.6396165433463032,5.7358777934459635,15.669381000818603,5.735860855107694,1.8432608999096563e-05,0.129959379884066,3.837775904905827e-07,86.80994216946003,116.50158085535065,65.34497365320246,107.4698214533148,13.021491419906333,17.475237128302602,-2.866806340497965,126.40613017809127,-0.7327581454104202,-0.6218785777349476,-0.5730200120633718,-20.275053080980257,-17.207070644623734,-15.855178456653697,-27.669502151523865,-34.11860243012071,8.173616445894538e-07,-2.1865949986110285,-200.95591255835004,3.0,1.0
67,global,OECD37 as Home,6.7,6.719753861079761,0.0,1.0,6.7,0.04923433442991369,0.8194978536383585,0.049234189882742425,1.2122997772861617,3.3240410573080963,4.536340834594258,1.5873074337445363,0.1279804548967123,0.34961946203353295,2.4714342904959707,1.7152878886412486,1.9369268957780692,2.8210537525295036,2.599414745392683,5.733314372899511,15.662378199389746,5.733298382072729,1.7401509781809324e-05,0.12798009794554013,3.569510067906014e-07,86.77114594725882,116.44951514600098,65.31577033784217,107.42179212661755,13.015671986533917,17.467427271900146,-2.8671824662041545,129.4413622775152,-0.7327581456113555,-0.621878571857341,-0.5730200067277867,-20.326461942691903,-17.250700247470494,-15.895380254607318,-27.739660165405745,-34.72191719650355,7.719843236886348e-07,-2.4758868415281414,-204.76849090795614,3.0,1.0
68,global,OECD37 as Home,6.800000000000001,6.819165222387529,0.0,1.0,6.800000000000001,0.04923433442991369,0.8194978536383585,0.04923419157409407,1.194100717448417,3.274140510233434,4.468241227681851,1.5634783330426565,0.12605917671028571,0.34437087742350525,2.434332431502355,1.6895375097529421,1.9078492104661617,2.77870330892586,2.560391608212641,5.730789025237227,15.655479406196301,5.730773228480745,1.7190318960549114e-05,0.12605882923176084,3.4747836574339956e-07,86.73292594111238,116.39822273611007,65.28700076108345,107.37447614950878,13.009938985570354,17.459733410416515,-2.8675365980656644,132.4999604866304,-0.7327581458054262,-0.6218785990912108,-0.5730200318994993,-20.376362489766567,-17.29305069107414,-15.93440339178736,-27.80775977231815,-35.32539649640971,7.629512983609033e-07,-2.7830330701039085,-208.59896112403328,3.0,1.0
69,global,OECD37 as Home,6.9,6.9186021077031885,0.0,1.0,6.9,0.04923433442991369,0.8194978536383585,0.04923400720411519,1.1764273295289487,3.225681318730854,4.402108648259802,1.5403382894301454,0.12419345539826951,0.33927406414886857,2.398303432927945,1.664531744828415,1.879612353579014,2.7375774970768134,2.522496888326214,5.728300681876061,15.648681702062591,5.728264513505087,3.935907809508904e-05,0.12419267124338364,7.841540635319248e-07,86.69526597849475,116.34768192165652,65.25865274928283,107.32785350056659,13.004289991136716,17.45215228824848,-2.867870324037043,135.58172912233857,-0.7327581459929834,-0.6218785767048064,-0.5730200113468048,-20.424821681269147,-17.334176502923185,-15.972298111673785,-27.8738923517402,-35.92903074048132,1.7476198647115027e-06,-3.108017136639292,-212.4473208045777,3.0,1.0
70,global,OECD37 as Home,7.0,7.0180631136877984,0.0,1.0,7.0,0.04923433442991369,0.8194978536383585,0.04923425778674248,1.1592586240866607,3.1786059312233608,4.337864555310022,1.5178582973097003,0.122380952315069,0.3343226334527197,2.363302133119575,1.6402392496247693,1.85218093076242,2.6976247665722948,2.485683085434644,5.72584831506914,15.641982279369987,5.725839847302994,9.214778112627455e-06,0.12238077132995936,1.8098506515751533e-07,86.6581505049171,116.29787182804368,65.23071459401577,107.28190492349285,12.998722670059674,17.44468077420655,-2.8681850598931873,138.68647992511924,-0.7327581461743344,-0.621878601954136,-0.5730200346848153,-20.47189706877664,-17.374129233427702,-16.009111914565356,-27.93813644468998,-36.53281140971218,4.093286517514727e-07,-3.4508806800348775,-216.31356770141278,3.0,1.0
71,global,OECD37 as Home,7.1000000000000005,7.117546871597055,0.0,1.0,7.1000000000000005,0.04923433442991369,0.8194978536383585,0.04923422201577276,1.1425727887311576,3.132854539664635,4.275427328395793,1.496010944491946,0.12061945728741126,0.32951054754130865,2.329285851356825,1.6166304017793574,1.8255214920332548,2.658796398898134,2.449905308644236,5.723430939131656,15.635378445405822,5.7234185245253535,1.3509801572501658e-05,0.12061919565359572,2.6163372120662145e-07,86.62156460248127,116.24877243499867,65.20317506604235,107.23661195008192,12.993234784654481,17.437315865249804,-2.868482140661949,141.81402768930002,-0.7327581463497876,-0.6218786016788149,-0.5730200345011903,-20.517648460335366,-17.412957601101866,-16.044889691355763,-28.000573671604208,-37.13673019510379,6.003710373292392e-07,-3.8116024014149077,-220.1976946209159,3.0,1.0
72,global,OECD37 as Home,7.2,7.217052143767724,0.0,1.0,7.2,0.04923433442991369,0.8194978536383585,0.04923429257267624,1.1263504075737751,3.088373907048209,4.214724314621984,1.474770284156976,0.11890687829093848,0.3248320913823587,2.2962141884964145,1.5936771624479145,1.7996023755393349,2.6210462798787733,2.415121066787353,5.721047605855634,15.62886760983736,5.721042985220599,5.028259719020812e-06,0.11890678225515525,9.60357703102011e-08,86.58549392048411,116.20036448344169,65.17602336307083,107.1919568143099,12.987824182315645,17.430054672516256,-2.868762770305739,144.96419327479722,-0.7327581465196189,-0.6218786092941496,-0.5730200415860386,-20.562129092951793,-17.450707720121226,-16.079673933212646,-28.06127668537802,-37.7407795833887,2.235471491252028e-07,-4.190195041285128,-224.09969366791657,3.0,1.0
73,global,OECD37 as Home,7.300000000000001,7.3165777571678285,0.0,1.0,7.300000000000001,0.04923433442991369,0.8194978536383585,0.04923425148062579,1.1105724983984273,3.045111985467442,4.155684483865869,1.454111752124752,0.11724123477993616,0.3202818544830895,2.2640488981623905,1.571352986904688,1.7743936066078414,2.58433075264548,2.381290132942327,5.718697404091811,15.622447283569565,5.718688251052418,9.960504973962393e-06,0.11724104712992346,1.8764996279053978e-07,86.54992466908948,116.15262946699363,65.1492491049944,107.1479224445007,12.982488794567734,17.42289442004905,-2.8690280662680943,148.13680153733304,-0.7327581466840937,-0.6218786064275289,-0.5730200390103182,-20.605391014532557,-17.487423247354517,-16.113504867057674,-28.12031651613413,-38.34495245364527,4.4300778712091926e-07,-4.586649682972732,-228.01955402745406,3.0,1.0
74,global,OECD37 as Home,7.4,7.416122625949912,0.0,1.0,7.4,0.04923433442991369,0.8194978536383585,0.0492342426619695,1.0952213895272147,3.0030203204195884,4.098241709946803,1.4340120716764964,0.11562065001333048,0.31585470992622977,2.2327537385532374,1.549632721689827,1.749866781602726,2.548608448479467,2.348374388566568,5.716379457272639,15.616115071978388,5.716369335242953,1.1014977888059655e-05,0.1156204452831056,2.047301647101304e-07,86.51484358184,116.10554958166541,65.12284230567217,107.10449241691548,12.97722663144213,17.415832437249815,-2.86927905173477,151.33168203987705,-0.7327581468434581,-0.6218786018839417,-0.5730200348873429,-20.647482679580413,-17.523145551520532,-16.14642061143343,-28.177759290053196,-38.94924221420777,4.90105670603036e-07,-5.0009643387175755,-231.9572632397139,3.0,1.0
75,global,OECD37 as Home,7.5,7.515685726883822,0.0,1.0,7.5,0.04923433442991369,0.8194978536383585,0.0492341108604807,1.0802800409202438,2.9620521893090594,4.042332230229303,1.4144491752657893,0.11404334474245852,0.31154579712614655,2.202294350546224,1.5284925200082478,1.7259949723919359,2.5138401476723704,2.3163376952886825,5.714092922179908,15.609868671544145,5.714068272271653,2.6824479274836848e-05,0.11404285277321276,4.919688932444702e-07,86.48023789700564,116.05910770082744,65.09679335888981,107.06165093266293,12.97203577867931,17.408866155124116,-2.869516674106694,154.54866826842962,-0.7327581469979455,-0.6218785803397462,-0.5730200150974821,-20.68845081069094,-17.55791385232763,-16.178457304711316,-28.2336687697707,-39.553642653530474,1.194019854766637e-06,-5.433125251670912,-235.9128065712075,3.0,1.0
76,global,OECD37 as Home,7.6000000000000005,7.615266120274617,0.0,1.0,7.6000000000000005,0.04923433442991369,0.8194978536383585,0.0492343098292855,1.0657328867399039,2.9221649116996478,3.9878977984395516,1.3954021232287617,0.11250763065688303,0.3073505039239967,2.172638131129345,1.5079097538856447,1.7027526271527584,2.4799886350533416,2.285145761786228,5.711836986758206,15.603705863878282,5.711834275458412,2.9504861516721963e-06,0.11250757725166217,5.340521666955879e-08,86.44609532449131,116.01328733079858,65.07109301344957,107.01938277673085,12.966914392764998,17.401993099619794,-2.869741797856805,157.78759830266497,-0.7327581471477707,-0.6218785769975643,-0.5730200120777134,-20.728338088300355,-17.591765364946657,-16.20964923821377,-28.28810320156045,-40.15814806717037,1.3138467735984705e-07,-5.883135434880087,-239.88616818694285,3.0,1.0
77,global,OECD37 as Home,7.7,7.7148629110132365,0.0,1.0,7.7,0.04923433442991369,0.8194978536383585,0.04923410522642949,1.0515646218455779,2.8833165219680383,3.934881143813616,1.3768510399692793,0.11101190523917076,0.30326445253191125,2.1437541340417905,1.48786294520845,1.6801154925011905,2.4470185865737015,2.254766039280961,5.709610869403963,15.597624513781176,5.709585618129043,2.7478897358436327e-05,0.11101141427889298,4.9095991716673e-07,86.41240403507697,115.96807259640602,65.04573236507102,106.97767330466574,12.961860699316173,17.395210889460902,-2.869955229533614,161.04831354936428,-0.7327581472931401,-0.6218785814696421,-0.5730200162564895,-20.767186478031963,-17.624735413426297,-16.240028960719037,-28.341119856186385,-40.762753021344224,1.2241097451237692e-06,-6.350978352075444,-243.87732988588743,3.0,1.0
78,global,OECD37 as Home,7.800000000000001,7.8144752596347224,0.0,1.0,7.800000000000001,0.04923433442991369,0.8194978536383585,0.04923408885533613,1.037760673486054,2.845467062651354,3.883227736137408,1.3587770453682455,0.10955464623460334,0.2992834844252455,2.1156129629783758,1.4683316916028488,1.658060529793491,2.4148964474036214,2.225167609212979,5.707413817188947,15.591622564389032,5.707386772726344,2.9430276611091533e-05,0.10955412711217276,5.191220220353765e-07,86.37915263353095,115.92344820490247,65.02070283615237,106.93650840928719,12.956872989048076,17.388517230735367,-2.8701577149375286,164.33065908141566,-0.7327581474342495,-0.6218785811623924,-0.5730200160297296,-20.805035937348645,-17.656857552596378,-16.269627390787022,-28.392773263862594,-41.36745242005778,1.311543185500419e-06,-6.836634158466756,-247.88627182599464,3.0,1.0
79,global,OECD37 as Home,7.9,7.914102395383825,0.0,1.0,7.9,0.04923433442991369,0.8194978536383585,0.049234123054170145,1.0243077793729052,2.8085801694838652,3.8328879488567704,1.3411621910800327,0.10813440651492494,0.29540364631126664,2.0881866724032223,1.4492965975949577,1.6365658373912992,2.383590318714489,2.1963210789181473,5.7052451041545025,15.58569803251407,5.705221834762503,2.5322176499295704e-05,0.10813396547832654,4.4103629965689454e-07,86.34633013279402,115.87939941132062,64.99599615633798,106.89587448872815,12.951949613901817,17.381909911698095,-2.8703499355668516,167.63448406003593,-0.7327581475712774,-0.6218786125653908,-0.5730200450202395,-20.841922830516136,-17.68816368128551,-16.298473921081854,-28.44311305114323,-41.97224158442091,1.128896780722144e-06,-7.340100594413676,-251.91297332654946,3.0,1.0
80,global,OECD37 as Home,8.0,8.013743558674552,0.0,1.0,8.0,0.04923433442991369,0.8194978536383585,0.04923407911018478,1.0111920073374925,2.772617641435232,3.783809648772724,1.3239894136737396,0.10674981030024415,0.2916211798080725,2.061448694590792,1.4307392239739838,1.6156105934818121,2.3530698743988645,2.168198504891036,5.703104031222076,15.579849008400089,5.703075934784461,3.057505480840648e-05,0.10674928439551419,5.259042997152659e-07,86.31392595262531,115.83591201665554,64.97160436149903,106.8557584447585,12.947088986841242,17.375386802498333,-2.870532541105306,170.95963981191605,-0.7327581477044051,-0.6218786020064376,-0.5730200353440246,-20.877885358564768,-17.718684125601133,-16.326596495108966,-28.492191351227277,-42.577115903346716,1.3635893284513756e-06,-7.861329018287797,-255.95741075767663,3.0,1.0
81,global,OECD37 as Home,8.1,8.113398069487419,0.0,1.0,8.1,0.04923433442991369,0.8194978536383585,0.04923407669493633,0.9984013065953105,2.7375464360986017,3.735947742693912,1.3072424694963383,0.10539954790721952,0.2879325070975842,2.035373738207949,1.4126420174035579,1.5951749765939225,2.323306245305533,2.1407732861151683,5.700989923435209,15.574073648188078,5.700961571727356,3.08528444942282e-05,0.10539902374260421,5.241641824297696e-07,86.28192987786102,115.79297231184694,64.9475197623134,106.81614763110983,12.942289575591769,17.368945846777045,-2.870706116639302,174.30598207844966,-0.7327581478337923,-0.621878578665615,-0.5730200138886671,-20.9129565639014,-17.748447754694467,-16.354021713884833,-28.540053257306088,-43.182071248758945,1.3764884997380378e-06,-8.400310240802412,-260.0195605721551,3.0,1.0
82,global,OECD37 as Home,8.200000000000001,8.213065298322675,0.0,1.0,8.200000000000001,0.04923433442991369,0.8194978536383585,0.04923417501239148,0.9859245775172485,2.703336119068577,3.6892606965858254,1.2909058908505144,0.10408237221579328,0.28433422127330155,2.009937720082949,1.3949882630663077,1.575240112123816,2.294271941356251,2.1140200922987424,5.698902129417572,15.56837017243569,5.698884599380986,1.9076505858939066e-05,0.1040820520545146,3.20161115127574e-07,86.25033205021207,115.75056706677134,64.92373493809146,106.77702984332103,12.937549901410033,17.3625850600157,-2.8708712004236934,177.67337005000087,-0.7327581479595859,-0.6218786007063752,-0.5730200342480065,-20.947166880931423,-17.77748205864375,-16.38077490770126,-28.586740303414174,-43.78710379926269,8.514026232919747e-07,-8.95704632623882,-264.09939834262235,3.0,1.0
83,global,OECD37 as Home,8.3,8.312744605386424,0.0,1.0,8.3,0.04923433442991369,0.8194978536383585,0.049234153421698304,0.9737494473407348,2.6699527650970047,3.6437022124377396,1.274964949909248,0.10279709575971814,0.2808230783921482,1.9851177090205188,1.377762045668966,1.555788028301396,2.265940787412667,2.0879148047802367,5.696840021506589,15.562736866482254,5.696820124493565,2.1652292583069198e-05,0.10279673672643908,3.5903307070173463e-07,86.21912297028638,115.70868353295575,64.90024273829822,106.7383933212417,12.932868539387211,17.356302529943363,-2.871028315849465,181.06166428266215,-0.7327581480819434,-0.6218785765228915,-0.5730200120133853,-20.980550234902996,-17.80581321258733,-16.406880195219763,-28.632298787562263,-44.39220967097217,9.667123815892964e-07,-9.531475009042778,-268.1968964327501,3.0,1.0
84,global,OECD37 as Home,8.4,8.412435440520921,0.0,1.0,8.4,0.04923433442991369,0.8194978536383585,0.04923416157772983,0.9618660918581049,2.6373694368947387,3.5992355287528435,1.2594055996526095,0.10154258596444532,0.27739598446524305,1.9608918338405739,1.3609481856170547,1.5368015841178524,2.238287818305817,2.0624344198050193,5.69480299259628,15.55717207182401,5.694783998914937,2.066927064604272e-05,0.10154224729293673,3.38671321035114e-07,86.18829344980679,115.66730937945299,64.87703624658614,106.70022668987859,12.928244111281716,17.35009640691795,-2.8711779238085358,184.4707300556077,-0.7327581482009937,-0.6218785797015691,-0.5730200149898682,-21.013133563105264,-17.83346618169418,-16.43236058019498,-28.67676547124716,-44.997385524140235,9.231533303344364e-07,-10.12360218235166,-272.312028330656,3.0,1.0
85,global,OECD37 as Home,8.5,8.512137260080022,0.0,1.0,8.5,0.04923433442991369,0.8194978536383585,0.0492341468111651,0.950264175450102,2.6055577949178756,3.555821970367978,1.2442144476013843,0.10031776302933533,0.2740499896724828,1.9372392424815275,1.3445322106307196,1.5182644372738672,2.21128923215401,2.037557005510863,5.692790456865888,15.55167418810457,5.692769847861646,2.2427094329853808e-05,0.10031739985959995,3.6316951699205307e-07,86.15783462263845,115.6264327076406,64.85410878909589,106.66251897304738,12.923675287173312,17.34396490614609,-2.871320465519278,187.9004345371113,-0.7327581483168688,-0.6218786014327581,-0.5730200350599972,-21.044945205082126,-17.86046476784599,-16.457237994489137,-28.72017902963202,-45.60262805854859,1.002017368301189e-06,-10.7333978779672,-276.44476537290564,3.0,1.0
86,global,OECD37 as Home,8.6,8.611849542056355,0.0,1.0,8.6,0.04923433442991369,0.8194978536383585,0.04923414433653007,0.9389334495674928,2.5744897383624172,3.5134231879299103,1.2293787159658465,0.09912159671455749,0.2707822795849325,1.914140039952016,1.328500312680404,1.5001609955507789,2.1849223195369487,2.0132616366665737,5.690801848494375,15.546241669603173,5.690780974957623,2.2714963408985448e-05,0.09912123314219158,3.63572144446331e-07,86.12773792533329,115.58604202511104,64.83145391981127,106.62525956928685,12.91916078254478,17.33790630376666,-2.8714563562004103,191.35064726046136,-0.7327581484296977,-0.6218786020270033,-0.5730200356526118,-21.076013261637584,-17.88683168046305,-16.481533363333426,-28.76257781207009,-46.20793410533764,1.015233694445783e-06,-11.360816967990345,-280.595077524817,3.0,1.0
87,global,OECD37 as Home,8.700000000000001,8.711571805081107,0.0,1.0,8.700000000000001,0.04923433442991369,0.8194978536383585,0.04923414421470217,0.9278645504316094,2.544139592403268,3.4720041428348773,1.2148862041101813,0.09795310331469445,0.26759016689726034,1.891575229888086,1.3128393074248759,1.4824763710074418,2.159165396785346,1.9895283332027804,5.688836620376591,15.54087302172747,5.6888157406752775,2.272167178805193e-05,0.09795274379803465,3.595164405760214e-07,86.09799507769984,115.54612621959566,64.80906540593362,106.58843822780457,12.914699355367388,17.33191893293935,-2.871585977426913,194.8212407554096,-0.7327581485395985,-0.6218785778946095,-0.5730200134600925,-21.10636340759673,-17.91258860321465,-16.50526666679722,-28.803996857165124,-46.8133007423453,1.0158843427587883e-06,-12.005828558472812,-284.7629343311574,3.0,1.0
88,global,OECD37 as Home,8.8,8.811303611283698,0.0,1.0,8.8,0.04923433442991369,0.8194978536383585,0.04923414383408419,0.9170491969528184,2.514484650872816,3.4315338478256345,1.2007252559924342,0.09681134303351019,0.26447108425607846,1.8695266638572616,1.2975365990259444,1.4651963402485126,2.13399774811334,1.9663380068907719,5.686894243229286,15.535566798571324,5.686873328891338,2.275936400290351e-05,0.0968109869964434,3.560368493324396e-07,86.06859806927307,115.50667454080697,64.78693721769707,106.55204503172666,12.910289804071377,17.326001181121047,-2.8717096774498727,198.3120906375966,-0.7327581486466772,-0.621878579252398,-0.5730200147539655,-21.136018349127184,-17.937756251886658,-16.528456993109227,-28.844467152174367,-47.418725311466595,1.0179171159307998e-06,-12.668425159435351,-288.94830519075464,3.0,1.0
89,global,OECD37 as Home,8.9,8.911044522420983,0.0,1.0,8.9,0.04923433442991369,0.8194978536383585,0.049234169801013035,0.9064784800785085,2.485500485772956,3.3919789658514645,1.1868847361935828,0.09569541805123671,0.26142257898011967,1.8479770040358647,1.2825801542448194,1.4483073151737025,2.1093995830159846,1.9436724220871016,5.684974205641725,15.53032160305308,5.684956146789388,1.9651972755577835e-05,0.09569511406578993,3.0398528639432916e-07,86.03953916008051,115.4676766014666,64.76506352894523,106.51607039904627,12.905930967660861,17.320151490219992,-2.871827792700878,201.82307405319438,-0.732758148751044,-0.6218785734115481,-0.5730200094136857,-21.165002514227044,-17.962354416984013,-16.5511225779129,-28.884022034148536,-48.024205152334936,8.792351118280806e-07,-13.34856115479057,-293.1511576301228,3.0,1.0
90,global,OECD37 as Home,9.0,9.010794146369088,0.0,1.0,9.0,0.04923433442991369,0.8194978536383585,0.04923409740149262,0.8961447795418401,2.457166202865879,3.353310982407719,1.1733539949776377,0.09460446970746107,0.2584423053643942,1.8269096688076618,1.2679584646850988,1.431796300342032,2.085351974172056,1.9215141385151229,5.683076012402279,15.525136082344105,5.683050020415666,2.8284953192699883e-05,0.09460403702661979,4.326805126817729e-07,86.01081085531587,115.42912234331673,64.74343869806721,106.48050505126977,12.901621721914898,17.31436835149751,-2.8719406273605768,205.35407128056738,-0.7327581488527947,-0.6218786017098575,-0.5730200355293421,-21.193336797134123,-17.986402025827942,-16.57328086148488,-28.92269001759228,-48.62973788455196,1.2659005464987771e-06,-14.046223881457706,-297.37145940149816,3.0,1.0
91,global,OECD37 as Home,9.1,9.110552082089551,0.0,1.0,9.1,0.04923433442991369,0.8194978536383585,0.049234100249149176,0.8860395509623283,2.429458374058903,3.3154979250212313,1.1601228493712683,0.09353767697562515,0.255528020512799,1.8063088033048866,1.2536605263468934,1.4156508698840673,2.0618368238176856,1.8998464802805117,5.681199184827341,15.520008928767343,5.681173513588866,2.7935909276764684e-05,0.09353725431344874,4.226618592089857e-07,85.98240591031713,115.3910020438008,64.72205727174463,106.44534001957967,12.897360980134174,17.308650306570122,-2.8720484793078853,208.90496376474945,-0.7327581489520327,-0.6218786023693932,-0.5730200361766904,-21.221044625941097,-18.009917176182313,-16.594948519719487,-28.96050307497877,-49.23532107360306,1.250692007959131e-06,-14.761352004144241,-301.6091762498907,3.0,1.0
92,global,OECD37 as Home,9.200000000000001,9.210317967674332,0.0,1.0,9.200000000000001,0.04923433442991369,0.8194978536383585,0.04923410409053972,0.8761553338865702,2.4023565433114653,3.2785118771980355,1.1471815517402,0.0924942539294225,0.2526775774167717,1.7861592304817533,1.2396758056696224,1.3998591291569717,2.038836807898525,1.8786534844111757,5.679343259151946,15.514938875400759,5.679318017261057,2.746868546744143e-05,0.09249384283790028,4.1109121875425265e-07,85.95431730620913,115.35330628337493,64.7009139666171,106.4105666146802,12.8931476894874,17.30299594250624,-2.8721516191957552,212.4756357879243,-0.7327581490488502,-0.6218785742356367,-0.5730200102919547,-21.248146456688534,-18.032917192101472,-16.616141515588826,-28.997489122801966,-49.8409525225159,1.230176214783718e-06,-15.493911036164768,-305.8642740738434,3.0,1.0
93,global,OECD37 as Home,9.3,9.310091484434771,0.0,1.0,9.3,0.04923433442991369,0.8194978536383585,0.049234094366125546,0.8664860099365365,2.375843934459655,3.2423299443961917,1.134520766304221,0.09147344784926457,0.2498889197824993,1.7664464145483743,1.2259942141534854,1.3844096860867203,2.0163353343308734,1.8579198623976387,5.677507785822174,15.509924694144335,5.67748148677705,2.8619099811934733e-05,0.0914730241308967,4.237180418479526e-07,85.92653823919464,115.31602593113652,64.6800036612211,106.37617641353988,12.88898082940499,17.29740388967048,-2.8722502899725932,216.06597461165364,-0.732758149143324,-0.6218785985103402,-0.5730200326972178,-21.274659065540344,-18.055418665669126,-16.63687513760236,-29.033671055603808,-50.446630296682564,1.2821115951133777e-06,-16.24390562074171,-310.13671922134716,3.0,1.0
94,global,OECD37 as Home,9.4,9.40987228556267,0.0,1.0,9.4,0.04923433442991369,0.8194978536383585,0.049234090597278124,0.8570237993094518,2.3498992158293044,3.206923015138756,1.1221315564202958,0.09047453819695159,0.24716007922990377,1.7471564411705942,1.2126060946172474,1.3692916356501996,1.994316520400498,1.8376309793675458,5.675692330190505,15.504965197619633,5.6756656268086765,2.9059106318111176e-05,0.09047411252621422,4.256704047160327e-07,85.89906213107803,115.27915215894704,64.65932140391159,106.34216127241974,12.88485941315759,17.291872823842056,-2.8723447387730707,219.67586788877085,-0.7327581492355465,-0.6218785985924276,-0.573020032809684,-21.300603784170697,-18.0774374795995,-16.657164020632454,-29.069077984861245,-51.05235229079468,1.3022399585338462e-06,-17.011264285470244,-314.42647549997844,3.0,1.0
95,global,OECD37 as Home,9.5,9.509660071316844,0.0,1.0,9.5,0.04923433442991369,0.8194978536383585,0.04923401899420422,0.8477624844881553,2.3245053394239483,3.1722678239121036,1.1100053544642507,0.08949683418731119,0.24448916865879838,1.7282759705758397,1.199502188651562,1.3544945231230492,1.9727651392346381,1.817772804763151,5.673896470535581,15.50005923376016,5.673861936457428,3.758061120202472e-05,0.08949628946629232,5.447204681743412e-07,85.87188259929538,115.24267640121174,64.63886239030253,106.30851328977084,12.88078248336061,17.286401460181764,-2.8724351846466996,223.30520633735003,-0.7327581493255938,-0.621878600633811,-0.5730200347266433,-21.325997660576054,-18.09898886076536,-16.677022195236848,-29.103733176087896,-51.658116685265455,1.6846522163938005e-06,-17.795964130385176,-318.7335075159255,3.0,1.0
96,global,OECD37 as Home,9.600000000000001,9.609454542424807,0.0,1.0,9.600000000000001,0.04923433442991369,0.8194978536383585,0.049234000241984294,0.8386954467272468,2.2996441571073993,3.138339603834646,1.0981339485051012,0.08853967371378439,0.24187437931378258,1.7097922168050734,1.1866736222188856,1.3400083278188837,1.951666596118856,1.798331890518858,5.672119798358236,15.495205686620054,5.672083222732738,3.98022597112763e-05,0.08853910278191719,5.709312557994235e-07,85.8449934613947,115.20659036089219,64.6186219666395,106.27522481178092,12.876749112646241,17.280988554133828,-2.872521839439142,226.95388203840756,-0.7327581494135446,-0.6218785769219566,-0.5730200129128575,-21.350858842892602,-18.120087403881143,-16.696463109481144,-29.137661396165356,-52.26392166335334,1.7848027109579334e-06,-18.597955302689424,-323.05777873959585,3.0,1.0
97,global,OECD37 as Home,9.700000000000001,9.709255436465536,0.0,1.0,9.700000000000001,0.04923433442991369,0.8194978536383585,0.049234014295489875,0.8298172903988529,2.2753008744460392,3.105118164844892,1.086509459869132,0.08760242153947599,0.2393139758425188,1.6916929127801181,1.174111881408608,1.325823435711651,1.9310068886226368,1.779295334319594,5.670361917198019,15.49040347314105,5.67032689053536,3.811665051565832e-05,0.08760188040638571,5.411325351561674e-07,85.81838871712458,115.17088598546856,64.59859561631676,106.24228841019988,12.872758400976762,17.27563289782028,-2.872604892930237,230.62178973888354,-0.7327581494994649,-0.6218785771377188,-0.5730200131459794,-21.37520212555396,-18.14074711137736,-16.715499665680404,-29.17088283515511,-52.86976563202458,1.7097467662763322e-06,-19.417226021860724,-327.3992531751517,3.0,1.0
98,global,OECD37 as Home,9.8,9.80906249026323,0.0,1.0,9.8,0.04923433442991369,0.8194978536383585,0.049233960767844094,0.8211222194638934,2.2514595991067723,3.072581818570666,1.0751243306840967,0.08668446829287563,0.23680629355222402,1.6739662909099957,1.1618087989769723,1.3119306242363207,1.9107725844622196,1.7606507592028713,5.668622442800388,15.48565154360922,5.668581572092189,4.447624574533575e-05,0.08668384329877085,6.249933563983785e-07,85.7920625509646,115.13555547033573,64.57877896178248,106.20969688547288,12.868809476024117,17.270333320550364,-2.872684529293729,234.30882545698256,-0.7327581495834239,-0.6218785993075249,-0.5730200336075199,-21.399043400893227,-18.16098141553778,-16.73414424079713,-29.203419181429336,-53.47564699366351,1.995623418293846e-06,-20.253738699701458,-331.75789379137257,3.0,1.0
99,global,OECD37 as Home,9.9,9.90887544314232,0.0,1.0,9.9,0.04923433442991369,0.8194978536383585,0.04923397712383749,0.8126041778590075,2.228103725788142,3.0407079036471494,1.0639713073792045,0.08578522913750515,0.23434973477538698,1.6566010574004508,1.1497565365167097,1.2983210421545914,1.8909507921758377,1.742386286537956,5.66690100256641,15.480948880151649,5.666861932725726,4.251650944770671e-05,0.08578463770045094,5.914363770633691e-07,85.76600932379674,115.1005912476259,64.55916775826913,106.17744325642946,12.864901491920575,17.265088687143887,-2.872760925940734,238.0148865669231,-0.7327581496654924,-0.6218786022737787,-0.5730200363735,-21.42239927421186,-18.180803207824162,-16.752408713462042,-29.23529309635285,-54.08156416583217,1.9082704668660355e-06,-21.107434988361167,-336.13366272449883,3.0,1.0
