,tax_sce,regionbase,varphi,pe,tb,prop,te,jxbar_prime,jmbar_prime,j0_prime,Qe_prime,Qestar_prime,Qeworld_prime,Cec_prime,Cecstar_prime,Cey_prime,Cex_prime,Cem_prime,Cex1_prime,Cex2_prime,Ceystar_prime,Vgm_prime,Vgx1_prime,Vgx2_prime,Vgx_prime,Vg_prime,Vgstar_prime,Lg_prime,Lgstar_prime,Ve_prime,Vestar_prime,delta_Le,delta_Lestar,leakage1,leakage2,leakage3,chg_extraction,chg_production,chg_consumption,chg_Qeworld,subsidy_ratio,delta_Vg,delta_Vgstar,delta_UCec,delta_UCecstar,welfare,welfare_noexternality,Qe1_prime,Qe1star_prime,Qe2_prime,Qe2star_prime,region_scenario,conv
0,global,US as Home,0.0,1.0,0.0,1.0,0.0,0.018967789768514702,0.7401534307632966,0.018967789740121133,4.7114,28.9239,33.6353,1.0741,3.6165999999999996,3.454,0.4605,1.2126,0.460499999310661,6.893389291585955e-10,23.817500000000003,8.083999999999998,3.069999995404406,4.5955842005914375e-09,3.07,31.110666666666667,161.85333333333332,22.182166666666667,141.83723333333333,4.6666,24.278000000000002,0.0,0.0,,inf,,0.0,-3.6165999999999983,0.0,0.0,3.814696336590373e-10,-0.0,-1.171106141674596e-09,-0.0,-0.0,-6.069039518638688e-10,-6.069039518638688e-10,4.7114,28.9239,0.0,0.0,1.0,1.0
1,global,US as Home,0.1,1.0344690980516345,0.0,1.0,0.1,0.018967789768514702,0.7401534307632966,0.018966369427129204,4.554413412077542,27.960138831258146,32.514552243335686,1.0383103777802625,3.4960928333303203,3.338910757706942,0.445155878379863,1.1721954790953784,0.44512254432646103,3.333373534937468e-05,23.02388736875654,8.083999999999998,3.069770113012286,0.00022988698771529757,3.07,31.11066666666666,161.8533333333333,22.182166666666664,141.83723333333333,4.666599999999999,24.278,-0.15181380222054394,-0.932004761651906,-0.8599269220134774,-3.971114040321139,-0.8293248092680933,-0.9637611687418541,-4.45061715214808,-0.9294639195332763,-1.120747756664315,1.9082908092715734e-05,-0.15814335717835626,-0.8227998561064042,-0.03639947283788415,-0.12256059348802888,0.029015806019885394,-0.029064859630925886,4.554413412077542,27.960138831258146,0.0,0.0,1.0,1.0
2,global,US as Home,0.2,1.0713076886210398,0.0,1.0,0.2,0.018967789768514702,0.7401534307632966,0.018966810006503545,4.39780279329333,26.99868578616482,31.39648857945815,1.0026064513571769,3.375874212809203,3.2240970887139833,0.42984849720694535,1.1318877040459105,0.429826293817238,2.220324357186776e-05,22.232174988548145,8.083999999999998,3.0698414222526207,0.0001585777473662494,3.07,31.110666666666667,161.85333333333332,22.182166666666667,141.83723333333333,4.666600000000001,24.278000000000006,-0.29318687105481206,-1.799912497283669,-0.8599269220134796,-2.3595722529088254,-0.829325008975672,-1.9252142138351793,-5.282637307405942,-1.856702301435707,-2.2388114205418503,1.3163420419237681e-05,-0.3214356001153052,-1.6723100504033634,-0.07398405221871443,-0.24911155688874645,0.1160943973076438,-0.1159500690738419,4.39780279329333,26.99868578616482,0.0,0.0,1.0,1.0
3,global,US as Home,0.30000000000000004,1.1106592273238278,0.0,1.0,0.30000000000000004,0.018967789768514702,0.7401534307632966,0.018966890048593924,4.24198513996178,26.042100859562023,30.284085999523803,0.9670833083411926,3.2562643077430002,3.109864767722259,0.4146186234904749,1.0917840235495109,0.4145989564317594,1.9666939848387993e-05,21.44447136804427,8.083999999999998,3.0698543773317555,0.00014562266822801967,3.07,31.110666666666667,161.85333333333332,22.182166666666667,141.83723333333333,4.6666,24.277999999999995,-0.4241985347064748,-2.6042102130994196,-0.8599269220134799,-1.8233525544885951,-0.8293250446934556,-2.881799140437977,-6.110444608406219,-2.7792457007222566,-3.3512140004761974,1.208801045904373e-05,-0.4897771115400675,-2.548103949198904,-0.11273080947696039,-0.37957568713748707,0.26097375188912647,-0.2600375248997353,4.24198513996178,26.042100859562023,0.0,0.0,1.0,1.0
4,global,US as Home,0.4,1.1526590239187096,0.0,1.0,0.4,0.018967789768514702,0.7401534307632966,0.018966988056319287,4.087418573492831,25.093196518624886,29.18061509211772,0.931845392012261,3.1376147888944628,2.996549654604179,0.39951103530550797,1.0520023483419303,0.3994941491594089,1.6886055157311943e-05,20.663092472071522,8.083999999999998,3.0698702402087976,0.00012975979120084674,3.07,31.11066666666666,161.8533333333333,22.18216666666666,141.83723333333327,4.6666,24.277999999999995,-0.544989175375894,-3.3457597337638108,-0.8599269220134801,-1.5560259194363024,-0.8293250319885774,-3.8307034813751137,-6.931605179586548,-3.6943817037285065,-4.454684907882282,1.0771226696237868e-05,-0.6629907129340764,-3.4492441691495555,-0.1525989638628742,-0.513815671451886,0.46328504534228615,-0.4601379574732196,4.087418573492831,25.093196518624886,0.0,0.0,1.0,1.0
5,global,US as Home,0.5,1.1974293257113975,0.0,1.0,0.5,0.018967789768514702,0.7401534307632966,0.018967076655183945,3.9345954009812973,24.154995100913304,28.0895905018946,0.8970049229100624,3.0203035138222987,2.884512618686673,0.38457384507967945,1.0126693692586737,0.38455938663518313,1.445837523442602e-05,19.890526721357798,8.083999999999998,3.0698845802303727,0.00011541976962134106,3.07,31.110666666666667,161.85333333333332,22.182166666666667,141.83723333333333,4.6666,24.278000000000002,-0.6557659275154827,-4.025832684735974,-0.8599269220134798,-1.3963053621955799,-0.829325070365021,-4.768904899086696,-7.743503909383527,-4.599195919740225,-5.545709498105399,9.580860024671622e-06,-0.840814129906985,-4.374367356059259,-0.19352814831635248,-0.6516282480224562,0.7224743884865074,-0.7145059545063304,3.9345954009812973,24.154995100913304,0.0,0.0,1.0,1.0
6,global,US as Home,0.6000000000000001,1.2450741091639843,0.0,1.0,0.6000000000000001,0.018967789768514702,0.7401534307632966,0.01896719798707824,3.7840318506589834,23.23066579897172,27.014697649630705,0.8626795723197663,2.904726693279645,2.7741320573433312,0.3698575021443556,0.9739179307280033,0.3698459628555625,1.1539242920564997e-05,19.12938340352484,8.083999999999998,3.0699042182019034,9.578179808771589e-05,3.07,31.11066666666666,161.8533333333333,22.18216666666666,141.8372333333333,4.666599999999999,24.278,-0.7568063416293378,-4.6461329848140265,-0.8599269220134798,-1.2904261898874814,-0.8293252049407395,-5.693234201028279,-8.543398665747155,-5.490632401051158,-6.620602350369296,7.95071652825996e-06,-1.0228956370271995,-5.321641919183237,-0.2354374070481532,-0.7927408307702735,1.0378023582824338,-1.0207999769829927,3.7840318506589834,23.23066579897172,0.0,0.0,1.0,1.0
7,global,US as Home,0.7000000000000001,1.2956738960512673,0.0,1.0,0.7000000000000001,0.018967789768514702,0.7401534307632966,0.018967272549048172,3.636254417976399,22.32344083714131,25.95969525511771,0.8289894573576406,2.7912887733727234,2.66579423304468,0.35541350443459035,0.9358836383873707,0.3554038129109387,9.691489978907009e-06,18.38232604097906,8.084,3.069916286305277,8.371369471438536e-05,3.07,31.11066666666667,161.85333333333335,22.18216666666667,141.83723333333336,4.6666,24.278000000000006,-0.8484593879367887,-5.208803007756692,-0.8599269220134798,-1.2153427163968205,-0.8293251011209077,-6.600459162858691,-9.32849032063357,-6.365571681213627,-7.675604744882293,6.94894980002303e-06,-1.2087937979055252,-6.28877456358037,-0.2782251357155796,-0.9368113079126386,1.4083357061404933,-1.3760817610645837,3.636254417976399,22.32344083714131,0.0,0.0,1.0,1.0
8,global,US as Home,0.8,1.3492814100850232,0.0,1.0,0.8,0.018967789768514702,0.7401534307632966,0.018967319286707772,3.4917844620329777,21.436520907033074,24.928305369066052,0.7960533599379518,2.680389704451723,2.5598811146314913,0.3412927774429073,0.8987005905043851,0.3412843119313963,8.465484755821568e-06,17.651988548852216,8.083999999999998,3.0699238509512754,7.61490487108496e-05,3.07,31.11066666666666,161.85333333333332,22.18216666666666,141.83723333333333,4.6666,24.278000000000002,-0.9311425689938507,-5.7164058562892635,-0.8599269220134799,-1.1595287798587348,-0.8293250743027745,-7.4873790929669255,-10.096010860643396,-7.220928969253155,-8.706994630933949,6.3210140879288446e-06,-1.3979834507619326,-7.27303235214705,-0.32177045910585633,-1.083432680758067,1.8329456205599872,-1.7768446536606746,3.4917844620329777,21.436520907033074,0.0,0.0,1.0,1.0
9,global,US as Home,0.9,1.4059179139915972,0.0,1.0,0.9,0.018967789768514702,0.7401534307632966,0.018967377856359588,3.351120205667028,20.572964663728943,23.92408486939597,0.7639848595075371,2.5724119196489696,2.4567579412894824,0.3275440162026076,0.8624970120462149,0.32753690312495043,7.113057974889964e-06,16.940889480793935,8.083999999999998,3.069933330644654,6.66693553356268e-05,3.07,31.11066666666666,161.8533333333333,22.182166666666667,141.83723333333333,4.6666,24.278,-1.0053360853379485,-6.171889544234471,-0.8599269220134796,-1.1165763873346919,-0.8293251127733535,-8.350935336271057,-10.843313507159849,-8.053754583354486,-9.711215130604032,5.534113284078046e-06,-1.589865862790407,-8.271298740077924,-0.3659355683416576,-1.232140933306432,2.310315987748816,-2.219074788532577,3.351120205667028,20.572964663728943,0.0,0.0,1.0,1.0
10,global,US as Home,1.0,1.46557122196463,0.0,1.0,1.0,0.018967789768514702,0.7401534307632966,0.018967404463278974,3.2147191807342073,19.735580955053305,22.95030013578751,0.7328882990484391,2.467706752014323,2.35676025036152,0.3142119557879212,0.8273907005177702,0.31420557299302676,6.382778373741528e-06,16.251342577587,8.083999999999998,3.0699376370632465,6.236293675161875e-05,3.07,31.11066666666666,161.8533333333333,22.182166666666667,141.83723333333333,4.6666,24.278,-1.071573087584147,-6.578527152857984,-0.8599269220134798,-1.082636113140261,-0.8293251125149975,-9.188319044946695,-11.567966721895228,-8.861338714610756,-10.68499986421249,5.176641940440874e-06,-1.7837848860193686,-9.280161921994807,-0.4105694394362923,-1.3824275529888228,2.83895250109623,-2.6983497232629707,3.2147191807342073,19.735580955053305,0.0,0.0,1.0,1.0
11,global,US as Home,1.1,1.528195551117184,0.0,1.0,1.1,0.018967789768514702,0.7401534307632966,0.01896743197045739,3.0829824533607284,18.926831978341973,22.0098144317027,0.7028550758538602,2.366581945194181,2.2601819495384348,0.3013357810545597,0.7934848384511598,0.3013300968204779,5.684220419592612e-06,15.585374517409287,8.083999999999998,3.069942089191764,5.791080823311183e-05,3.07,31.11066666666666,161.85333333333332,22.18216666666666,141.8372333333333,4.6666,24.278000000000002,-1.130426876432865,-6.939838250043839,-0.8599269220134798,-1.0552540426865227,-0.829325166652292,-9.997068021658027,-12.267840644139554,-9.641307756341973,-11.6254855682973,4.807075749457823e-06,-1.9790474789887942,-10.296014992241462,-0.4555125567183533,-1.5337554349014022,3.417201544720134,-3.209959026747617,3.0829824533607284,18.926831978341973,0.0,0.0,1.0,1.0
12,global,US as Home,1.2000000000000002,1.5937129993321868,0.0,1.0,1.2000000000000002,0.018967789768514702,0.7401534307632966,0.018967451681902954,2.956241128053974,18.148750427414427,21.104991555468402,0.673960744782831,2.2692918998059644,2.1672660017502077,0.2889478847151044,0.7608647231390566,0.2889427344359993,5.150267408072407e-06,14.94466068230619,8.083999999999998,3.069945279554933,5.4720445060056915e-05,3.07,31.11066666666666,161.85333333333332,22.182166666666664,141.83723333333333,4.6666,24.278000000000002,-1.182496479574901,-7.259500345030453,-0.8599269220134799,-1.0327897874056295,-0.8293251183060719,-10.775149572585573,-12.941174594554754,-10.39169953317274,-12.530308444531599,4.542247523220411e-06,-2.1749459921315255,-11.31517676056948,-0.5006020422038474,-1.6855761529042308,4.043275434917494,-3.749043408720655,2.956241128053974,18.148750427414427,0.0,0.0,1.0,1.0
13,global,US as Home,1.3,1.6620170538543109,0.0,1.0,1.3,0.018967789768514702,0.7401534307632966,0.018967465097504473,2.834748227774219,17.40288964327349,20.23763787104771,0.6462629234213343,2.1760306199102475,2.0781976887601603,0.2770729692165761,0.7295954016764823,0.27706822656801655,4.742638215815563e-06,14.330478706440394,8.083999999999998,3.0699474509147575,5.2549085235604024e-05,3.07,31.11066666666666,161.85333333333332,22.18216666666666,141.8372333333333,4.666599999999999,24.278,-1.2283909327208162,-7.541252387596812,-0.8599269220134799,-1.0141042340904003,-0.8293251163889198,-11.52101035672651,-13.586625891883124,-11.111017704432783,-13.397662128952291,4.362005658564705e-06,-2.3707819325154027,-12.33401325361478,-0.5456771254692481,-1.8373483772200745,4.715275076768792,-4.310740536318609,2.834748227774219,17.40288964327349,0.0,0.0,1.0,1.0
14,global,US as Home,1.4000000000000001,1.7329771039025978,0.0,1.0,1.4000000000000001,0.018967789768514702,0.7401534307632966,0.01896747317480059,2.718674185217311,16.690295934500778,19.408970119718088,0.6198004564406351,2.086928899323341,1.993101923979102,0.2657276884749208,0.6997207275671855,0.2657232531813593,4.435284128691803e-06,13.74368994625717,8.084,3.069948758252058,5.124174792693707e-05,3.07,31.110666666666667,161.85333333333335,22.182166666666664,141.83723333333333,4.6666,24.278000000000002,-1.268714581117195,-7.788804532150875,-0.8599269220134798,-0.9983804288034819,-0.8293251713709574,-12.233604065499222,-14.203289326175643,-11.798253465944569,-14.226329880281913,4.253485268113089e-06,-2.5658870717663813,-13.349047971833944,-0.5905840020109436,-1.9885542330069623,5.43122430455656,-4.89031848704948,2.718674185217311,16.690295934500778,0.0,0.0,1.0,1.0
15,global,US as Home,1.5,1.806443923971492,0.0,1.0,1.5,0.018967789768514702,0.7401534307632966,0.018967475913462404,2.6081074818487453,16.01151250037036,18.619619982219103,0.5945936022406808,2.0020549500639104,1.9120438526573982,0.25492072789482684,0.6712635714338046,0.2549165097882703,4.218097663299137e-06,13.18474361918575,8.084,3.069949201513602,5.0798486395149394e-05,3.07,31.110666666666667,161.85333333333332,22.182166666666664,141.83723333333333,4.666599999999999,24.278,-1.304053769707621,-8.005756426889302,-0.8599269220134798,-0.9850165155268337,-0.8293251246769622,-12.912387499629641,-14.790692809380444,-12.452880702855513,-15.015680017780898,4.216690704272885e-06,-2.7596416487021056,-14.357056605896467,-0.6351800229012409,-2.1387134073406826,6.1891018731098955,-5.483292991565043,2.6081074818487453,16.01151250037036,0.0,0.0,1.0,1.0
16,global,US as Home,1.6,1.8822556971626319,0.0,1.0,1.6,0.018967789768514702,0.7401534307632966,0.018967481759793008,2.503060437300883,15.36661497271448,17.86967541001536,0.5706451050296356,1.921418012149874,1.8350322993877302,0.24465326400348864,0.6442270313368736,0.2446492911980103,3.972797258306001e-06,12.653700576336789,8.083999999999998,3.0699501477616975,4.985223829300149e-05,3.07,31.11066666666666,161.85333333333332,22.182166666666664,141.83723333333333,4.6666,24.278,-1.3349656437431459,-8.195528459282247,-0.8599269220134798,-0.9735594238414687,-0.8293250973269931,-13.55728502728552,-15.348772392326337,-13.074828147509848,-15.76562458998464,4.138143894105717e-06,-2.9514886857314497,-15.355141129899863,-0.679336989959317,-2.287394244378424,6.986864076735437,-6.08552214244297,2.503060437300883,15.36661497271448,0.0,0.0,1.0,1.0
17,global,US as Home,1.7000000000000002,1.9602435412435377,0.0,1.0,1.7000000000000002,0.018967789768514702,0.7401534307632966,0.01896746445842941,2.4034769283685713,14.75525880384593,17.158735732214502,0.5479421191300614,1.8449748329259659,1.7620259561262752,0.2349197894603792,0.6185966052109789,0.2349157604312894,4.029020285226382e-06,12.150275972796052,8.083999999999998,3.0699473474783283,5.265252165705282e-05,3.07,31.11066666666666,161.85333333333332,22.18216666666666,141.8372333333333,4.666600000000001,24.278000000000002,-1.3619702176214075,-8.361313065640749,-0.8599269220134799,-0.9636613048654104,-0.8293251665053679,-14.16864119615407,-15.877827421992968,-13.664429404817604,-16.4765642677855,4.3705917851522e-06,-3.1409424946310733,-16.340775832376938,-0.7229431135051728,-2.434220337308265,7.822475052691741,-6.69326843067062,2.4034769283685713,14.75525880384593,0.0,0.0,1.0,1.0
18,global,US as Home,1.8,2.0402365154486914,0.0,1.0,1.8,0.018967789768514702,0.7401534307632966,0.018967464693974843,2.309242211721114,14.176739569469866,16.48598178119098,0.5264585707916234,1.7726376195186528,1.6929409771103876,0.2257091256396449,0.594342857221788,0.22570525738240169,3.868248795964165e-06,11.673891639353405,8.084,3.0699473856021418,5.261439785522478e-05,3.07,31.110666666666667,161.85333333333335,22.182166666666667,141.83723333333336,4.6666,24.278000000000002,-1.3855452325763633,-8.506043161802324,-0.8599269220134798,-0.9550505328813154,-0.8293251914755132,-14.747160430530133,-16.378465503424806,-14.222361615488298,-17.14931821880902,4.367427175799854e-06,-3.327592582662747,-17.31182344560625,-0.765903911421176,-2.5788735555775295,8.693936533740592,-7.303230188475072,2.309242211721114,14.176739569469866,0.0,0.0,1.0,1.0
19,global,US as Home,1.9000000000000001,2.1220660572202323,0.0,1.0,1.9000000000000001,0.018967789768514702,0.7401534307632966,0.018967447875490883,2.220194735240908,13.63006548003449,15.850260215275398,0.5061576647651586,1.70428247871676,1.627659039287643,0.21700549727618984,0.5714242475507226,0.21700158576796696,3.911499239332988e-06,11.223731664225085,8.084,3.0699446634744514,5.5336525542342887e-05,3.07,31.110666666666663,161.85333333333332,22.182166666666664,141.8372333333333,4.6666,24.278000000000002,-1.4061233696279782,-8.632375033065049,-0.8599269220134798,-0.9475123076585872,-0.8293251259662763,-15.29383451996551,-16.85154408822419,-14.749580359781966,-17.785039784724603,4.59338761071848e-06,-3.5111039645490085,-18.26654263443877,-0.808142280958748,-2.721094286672942,9.599298743314987,-7.912556105763982,2.220194735240908,13.63006548003449,0.0,0.0,1.0,1.0
20,global,US as Home,2.0,2.2055694203348226,0.0,1.0,2.0,0.018967789768514702,0.7401534307632966,0.018967447707915967,2.1361376430560783,13.114028011629177,15.250165654685254,0.48699441971631224,1.6397579539577456,1.5660354954847244,0.20878961947617708,0.5497899947379203,0.2087858542139552,3.765253569873333e-06,10.798798614275457,8.083999999999998,3.0699446363518925,5.536364810721691e-05,3.07,31.11066666666666,161.8533333333333,22.18216666666666,141.8372333333333,4.666600000000001,24.278000000000006,-1.4240918076538558,-8.742685621131587,-0.8599269220134798,-0.9408748974083432,-0.8293251235434251,-15.809871988370823,-17.29811139098662,-15.247253812290621,-18.385134345314746,4.5956390213319764e-06,-3.6912139426361787,-19.203565323388894,-0.8495977576362926,-2.8606789407572997,10.536675315082764,-8.51883176946642,2.1361376430560783,13.114028011629177,0.0,0.0,1.0,1.0
21,global,US as Home,2.1,2.2905919287732504,0.0,1.0,2.1,0.018967789768514702,0.7401534307632966,0.01896740345627876,2.056848148749806,12.627259449340855,14.68410759809066,0.4689180934009687,1.5788931911311266,1.5079071730815994,0.20103973746499032,0.5293828135723067,0.20103564293887832,4.094515486316972e-06,10.397967311775043,8.084,3.0699374740769048,6.252592308255256e-05,3.07,31.110666666666667,161.85333333333335,22.182166666666667,141.83723333333336,4.6666,24.278000000000002,-1.439793781378695,-8.839082088809958,-0.8599269220134799,-0.9349992073779706,-0.8293251119146139,-16.296640550659145,-17.71934987465265,-15.716699759628842,-18.95119240190934,5.190171260993637e-06,-3.8677259982603007,-20.121871628592697,-0.8902251092297156,-2.9974752164977088,11.504260878515069,-9.120054560639183,2.056848148749806,12.627259449340855,0.0,0.0,1.0,1.0
22,global,US as Home,2.2,2.3769887712852587,0.0,1.0,2.2,0.018967789768514702,0.7401534307632966,0.018967397953533804,1.982087555049727,12.168294399436004,14.15038195448573,0.45187424230835754,1.521504873598739,1.45309899723775,0.19373250962014588,0.5101412403157196,0.19372850771478517,4.0018948276152734e-06,10.02003050570646,8.084000000000001,3.0699365834392918,6.34165606913717e-05,3.07,31.110666666666667,161.85333333333335,22.182166666666664,141.83723333333333,4.666600000000001,24.278000000000006,-1.4535309196839823,-8.923416175202176,-0.8599269220134799,-0.9297718477265304,-0.8293251258911393,-16.755605600563996,-18.11652825397782,-16.159332111074654,-19.48491804551427,5.264102139190818e-06,-4.0405031118725105,-21.020745288951193,-0.9299927982818896,-3.13137692418423,12.500336162044592,-9.714594965073102,1.982087555049727,12.168294399436004,0.0,0.0,1.0,1.0
23,global,US as Home,2.3000000000000003,2.4646258342743894,0.0,1.0,2.3000000000000003,0.018967789768514702,0.7401534307632966,0.01896736062784658,1.9116085839667918,11.735614790040557,13.64722337400735,0.4358065167795443,1.46740326653468,1.4014297634824933,0.18684377709429303,0.4920016592932458,0.1868395498087571,4.227273349569255e-06,9.663738677401355,8.083999999999998,3.0699305421523952,6.945784760286659e-05,3.07,31.11066666666666,161.8533333333333,22.182166666666664,141.8372333333333,4.6666,24.278,-1.465566614019461,-8.997304874822238,-0.8599269220134799,-0.9250994985310197,-0.8293251316343921,-17.188285209959442,-18.490959663305397,-16.57661427896967,-19.98807662599265,5.765583330208379e-06,-4.209459885483914,-21.89974493196174,-0.9688811689449003,-3.2623178806499635,13.523270590153766,-10.301161034285556,1.9116085839667918,11.735614790040557,0.0,0.0,1.0,1.0
24,global,US as Home,2.4000000000000004,2.5533801195982013,0.0,1.0,2.4000000000000004,0.018967789768514702,0.7401534307632966,0.018967372199312493,1.8451620494744483,11.327690835588994,13.172852885063442,0.4206580883730778,1.4163970230053746,1.3527167277167962,0.18034917577115944,0.47489991431076634,0.18034520544766022,3.970312362196496e-06,9.327831691486624,8.084,3.069932415032725,6.758496727595098e-05,3.07,31.110666666666667,161.85333333333335,22.182166666666667,141.83723333333336,4.666600000000001,24.27800000000001,-1.476129608057849,-9.062152474955303,-0.8599269220134799,-0.920904928347864,-0.8293251542406957,-17.596209164411007,-18.84396839420261,-16.970022109736842,-20.46244711493656,5.6101173281364325e-06,-4.374554925220502,-22.758651876521846,-1.0068806936911976,-3.3902660057756115,14.571527154107352,-10.878750138987598,1.8451620494744483,11.327690835588994,0.0,0.0,1.0,1.0
25,global,US as Home,2.5,2.643139592244144,0.0,1.0,2.5,0.018967789768514702,0.7401534307632966,0.018967373827743994,1.782501341878719,10.94300856695799,12.72550990883671,0.4063727860426929,1.3682970095912883,1.3067792598375023,0.17422462338018813,0.4587725913372771,0.17422080284416314,3.820525350004664e-06,9.011063989918851,8.083999999999998,3.069932678599791,6.732140019147942e-05,3.07,31.11066666666666,161.85333333333332,22.182166666666664,141.83723333333333,4.6666,24.278000000000002,-1.4854178282496135,-9.11917407193382,-0.85992692201348,-0.917123669589023,-0.8293251295926771,-17.98089143304201,-19.17686341874387,-17.341014377109673,-20.90979009116329,5.588238883968977e-06,-4.535783302447704,-23.597442908297953,-1.0439902381089186,-3.515217479885219,15.643660578839501,-11.446612854499472,1.782501341878719,10.94300856695799,0.0,0.0,1.0,1.0
26,global,US as Home,2.6,2.733802927694773,0.0,1.0,2.6,0.018967789768514702,0.7401534307632966,0.018967334312234827,1.7233868931664142,10.580097244822355,12.303484137988768,0.39289591401005425,1.3229190602446346,1.2634414737833788,0.16844667014396233,0.44355794183836855,0.16844262538731555,4.044744271640474e-06,8.712222727804177,8.084,3.0699262828829146,7.371711707355881e-05,3.07,31.110666666666667,161.85333333333335,22.182166666666667,141.83723333333333,4.666599999999999,24.278,-1.4936019293811784,-9.169417337782455,-0.8599269220134799,-0.9137018365636589,-0.8293251571382757,-18.343802755177645,-19.490919330357453,-17.691011541807228,-21.331815862011233,6.119141466087719e-06,-4.6931700041737,-24.416249309174233,-1.0802155533971136,-3.6371916678298115,16.73831075942558,-12.00421180500571,1.7233868931664142,10.580097244822355,0.0,0.0,1.0,1.0
27,global,US as Home,2.7,2.825278751873383,0.0,1.0,2.7,0.018967789768514702,0.7401534307632966,0.01896725753686866,1.6675877131834396,10.237538790454321,11.90512650363776,0.3801748762977058,1.2800860791530422,1.2225342358553914,0.1629927665348604,0.4291965878396779,0.1629881929968001,4.573521708465383e-06,8.43014162202831,8.084,3.069913856533982,8.614346600697894e-05,3.07,31.11066666666667,161.85333333333335,22.18216666666666,141.8372333333333,4.666600000000001,24.278000000000002,-1.5008288975509965,-9.213784639358845,-0.8599269220134799,-0.9105938244554067,-0.8293251563454233,-18.68636120954568,-19.78736179013201,-18.021379532283788,-21.73017349636224,7.150643570041915e-06,-4.846763580011312,-25.215323498450054,-1.1155678141023762,-3.7562261954032707,17.854211608963798,-12.55118444427828,1.6675877131834396,10.237538790454321,0.0,0.0,1.0,1.0
28,global,US as Home,2.8000000000000003,2.917485071878044,0.0,1.0,2.8000000000000003,0.018967789768514702,0.7401534307632966,0.01896720239775297,1.6148839606759304,9.91398356968089,11.52886753035682,0.3681595530182371,1.2396293077420688,1.1838963747556008,0.15784142460189757,0.41563194673672305,0.15783653676631246,4.887816299120812e-06,8.163709295234952,8.083999999999998,3.069904932084311,9.506791568294925e-05,3.07,31.11066666666666,161.8533333333333,22.182166666666664,141.8372333333333,4.6666,24.278,-1.5072250806017626,-9.253051642572764,-0.8599269220134798,-0.9077610684394719,-0.8293251295792189,-19.00991643031911,-20.067358758028327,-18.333419972421083,-22.10643246964318,7.891457456499218e-06,-4.996631137801567,-25.995012175654097,-1.1500624662736603,-3.8723730709666877,18.990178886983813,-13.08731272544177,1.6148839606759304,9.91398356968089,0.0,0.0,1.0,1.0
29,global,US as Home,2.9000000000000004,3.010348510214168,0.0,1.0,2.9000000000000004,0.018967789768514702,0.7401534307632966,0.01896736597865969,1.5650680106237869,9.608156945383824,11.17322495600761,0.35680254175075043,1.201389137413429,1.1473754577852082,0.15297232145630815,0.4028105037956987,0.15296890365598867,3.41779058951471e-06,7.911874628198957,8.084,3.0699314081993334,6.859180066239349e-05,3.07,31.110666666666667,161.85333333333332,22.18216666666666,141.8372333333333,4.6666,24.278000000000002,-1.512899025547938,-9.28788473172433,-0.8599269220134799,-0.9051708191778682,-0.829325157023441,-19.315743054616178,-20.332014868005345,-18.628363912931306,-22.462075043992392,5.693693594932547e-06,-5.142853858461851,-26.755729555895673,-1.183718195125761,-3.9856952094700926,20.145107152576056,-13.612494072304202,1.5650680106237869,9.608156945383824,0.0,0.0,1.0,1.0
30,global,US as Home,3.0,3.103803396932884,0.0,1.0,3.0,0.018967789768514702,0.7401534307632966,0.018967391460600946,1.5179440373584925,9.31885671820548,10.836800755563972,0.3460592900508467,1.1652155557191062,1.1128282169589647,0.14836635608268767,0.39068196174998276,0.14836324051179176,3.11556255972346e-06,7.673649698152908,8.083999999999996,3.0699355325364652,6.446746351755462e-05,3.07,31.110666666666656,161.8533333333333,22.182166666666664,141.8372333333333,4.666599999999999,24.277999999999995,-1.5179440841893905,-9.31885700570648,-0.8599269220134799,-0.9027948778304007,-0.829325131769787,-19.605043281794522,-20.58236834009711,-18.9073683900453,-22.79849924443603,5.351336481607127e-06,-5.2855230460399545,-27.49796536597886,-1.216556015889837,-4.096263371257037,21.31796139385497,-14.126731778606258,1.5179440373584925,9.31885671820548,0.0,0.0,1.0,1.0
31,global,US as Home,3.1,3.1977912094231673,0.0,1.0,3.1,0.018967789768514702,0.7401534307632966,0.018967430469682446,1.4733295052720308,9.044962278205563,10.518291783477594,0.3358880957690015,1.1309681474333588,1.0801205500289839,0.14400564947549133,0.3791992411595673,0.14400292163728107,2.7278316262821163e-06,7.448109785846938,8.083999999999998,3.0699418462863366,5.815371366115171e-05,3.07,31.110666666666667,161.85333333333332,22.182166666666667,141.83723333333333,4.666600000000001,24.27800000000001,-1.5224404419335373,-9.346460733209117,-0.8599269220134799,-0.9006092301387538,-0.8293251547811349,-19.878937721794436,-20.819390972993492,-19.171516417244213,-23.117008216522407,4.827239046378828e-06,-5.424737349939511,-28.22222657579397,-1.2485986344597846,-4.2041540092982554,22.507778692849747,-14.630094418828829,1.4733295052720308,9.044962278205563,0.0,0.0,1.0,1.0
32,global,US as Home,3.2,3.2922596514591094,0.0,1.0,3.2,0.018967789768514702,0.7401534307632966,0.01896733447033329,1.4310535402445235,8.785424606842673,10.216478147087196,0.3262500876940145,1.0985160293773137,1.0491274582395735,0.139873536340279,0.3683184585585717,0.13987017885016018,3.3574798499731376e-06,7.234392946329197,8.083999999999998,3.0699263084716772,7.369152831676236e-05,3.07,31.11066666666666,161.85333333333332,22.182166666666667,141.83723333333333,4.666599999999999,24.278000000000002,-1.5264571663859052,-9.371119929284138,-0.8599269220134799,-0.8985929662595219,-0.8293251304415021,-20.13847539315733,-21.043988595112232,-19.421817487953213,-23.418821852912806,6.117017364859478e-06,-5.560599943198147,-28.9290560698148,-1.279869797923356,-4.309447082366268,23.713663756808756,-15.122715012972638,1.4310535402445235,8.785424606842673,0.0,0.0,1.0,1.0
33,global,US as Home,3.3000000000000003,3.3871621610945244,0.0,1.0,3.3000000000000003,0.018967789768514702,0.7401534307632966,0.018967372235947536,1.390957858224103,8.539271977647434,9.930229835871538,0.3171091163975794,1.0677374828819342,1.0197326953144392,0.13595451829539643,0.3579988032247507,0.1359515255672117,2.9927197907574073e-06,7.031697588492084,8.083999999999998,3.0699324209622287,6.757903775652737e-05,3.07,31.11066666666666,161.85333333333332,22.182166666666667,141.83723333333333,4.6666,24.278000000000002,-1.5300537023619256,-9.393199533418112,-0.8599269220134799,-0.8967281455445839,-0.8293251306245764,-20.384628022352565,-21.257003608283163,-19.659210410330587,-23.705070164128465,5.609625125746476e-06,-5.693216768057315,-29.61899392712415,-1.310393890749231,-4.412224695357665,24.934783429093304,-15.604763606428307,1.390957858224103,8.539271977647434,0.0,0.0,1.0,1.0
34,global,US as Home,3.4000000000000004,3.482457176817144,0.0,1.0,3.4000000000000004,0.018967789768514702,0.7401534307632966,0.018967349550519964,1.3528953629505613,8.305601347464817,9.658496710415378,0.3084316462382729,1.0385195901548623,0.9918284201722322,0.1322342175707333,0.3482024152579179,0.13223114858468882,3.0689769689527084e-06,6.839280080327776,8.083999999999996,3.0699287492501584,7.125074983936665e-05,3.07,31.110666666666656,161.85333333333327,22.18216666666666,141.8372333333333,4.666599999999999,24.278,-1.533281355947364,-9.413014520373128,-0.8599269220134798,-0.8949991058122438,-0.8293251553089382,-20.61829865253518,-21.459217504414305,-19.88456611194663,-23.976803289584623,5.914410492025013e-06,-5.822694757074054,-30.292604475225726,-1.3401955253446283,-4.512569720660443,26.170354357602143,-16.07645395098791,1.3528953629505613,8.305601347464817,0.0,0.0,1.0,1.0
35,global,US as Home,3.5,3.5781075903594006,0.0,1.0,3.5,0.018967789768514702,0.7401534307632966,0.01896729233996018,1.316729596874209,8.083574985573275,9.400304582447484,0.30018661341933345,1.0107577563470451,0.9653147404807539,0.12869931615268881,0.33889422533496294,0.1286959410248757,3.375116535064466e-06,6.6564516014477,8.083999999999998,3.069919489530356,8.05104696341911e-05,3.07,31.110666666666667,161.85333333333332,22.182166666666667,141.83723333333333,4.6666,24.278000000000002,-1.5361844746777502,-9.430837145462448,-0.8599269220134798,-0.8933921298592883,-0.829325154792306,-20.840325014426725,-21.651354173217335,-20.098691326052567,-24.23499541755252,6.6830523002270326e-06,-5.949140599225845,-30.950441694502288,-1.369299258052647,-4.610564841889212,27.41965298599947,-16.538019927825808,1.316729596874209,8.083574985573275,0.0,0.0,1.0,1.0
36,global,US as Home,3.6,3.6740803012523497,0.0,1.0,3.6,0.018967789768514702,0.7401534307632966,0.018967481471181113,1.2823345613460462,7.872419369808741,9.154753931154787,0.2923452706338186,0.9843551864577491,0.9400992130799828,0.1253374891787296,0.3300417793227524,0.12533545197702167,2.0371974889075432e-06,6.482574698185434,8.083999999999998,3.0699501010489008,4.989895109302219e-05,3.07,31.11066666666666,161.85333333333332,22.182166666666664,141.83723333333333,4.6666,24.278000000000002,-1.5388014231297285,-9.446902933833245,-0.8599269220134798,-0.8918952813016953,-0.8293251534946572,-21.051480630191257,-21.834083522491813,-20.302332626178085,-24.480546068845214,4.142021461595036e-06,-6.072659847994869,-31.593043142710567,-1.3977293838621885,-4.706291862653376,28.6820059532269,-16.989707862740204,1.2823345613460462,7.872419369808741,0.0,0.0,1.0,1.0
37,global,US as Home,3.7,3.770345711401047,0.0,1.0,3.7,0.018967789768514702,0.7401534307632966,0.018967399997359143,1.2495935952986914,7.671418302640366,8.921011897939058,0.2848810380310904,0.959222383524105,0.9160963647326936,0.12213734104209768,0.321615070027465,0.12213483122871742,2.509806808836765e-06,6.317059978871144,8.084,3.069936914239235,6.308576074876597e-05,3.07,31.110666666666667,161.85333333333335,22.182166666666667,141.83723333333336,4.6666,24.278000000000002,-1.5411654831921742,-9.461416207348584,-0.85992692201348,-0.8904980333730967,-0.8293251341863843,-21.252481697359634,-22.00802495110139,-20.496180296562653,-24.71428810206094,5.236642786843326e-06,-6.1933561123854,-32.220969167805734,-1.4255097502063938,-4.799831079598215,29.956769945777694,-17.4317926760717,1.2495935952986914,7.671418302640366,0.0,0.0,1.0,1.0
38,global,US as Home,3.8000000000000003,3.8668773777092245,0.0,1.0,3.8000000000000003,0.018967789768514702,0.7401534307632966,0.018967392904616572,1.2183991730036958,7.4799116695762615,8.698310842579957,0.2777693459305677,0.9352766190228945,0.893227186336636,0.11908833795831525,0.31358635962704245,0.11908584626779141,2.4916838810616336e-06,6.159362626106783,8.083999999999998,3.069935766255208,6.423374478355282e-05,3.07,31.110666666666667,161.85333333333332,22.182166666666664,141.8372333333333,4.666599999999999,24.278,-1.5433055527688084,-9.474554374014037,-0.8599269220134799,-0.8891911880094929,-0.8293251557499427,-21.44398833042374,-22.173751014266173,-20.68087241691201,-24.936989157420044,5.331935731822668e-06,-6.311330580421306,-32.83473197159552,-1.4526636472872163,-4.8912609131169775,31.24335710938726,-17.864538041105142,1.2183991730036958,7.4799116695762615,0.0,0.0,1.0,1.0
39,global,US as Home,3.9000000000000004,3.9636515546287248,0.0,1.0,3.9000000000000004,0.018967789768514702,0.7401534307632966,0.01896740056295952,1.188651342698344,7.297285853689483,8.485937196387827,0.27098749352618384,0.9124414571146041,0.8714186785582708,0.11618074738740118,0.3059300201562707,0.11617836344109854,2.3839400697243734e-06,6.008979263625251,8.083999999999996,3.069937005783542,6.299421644770042e-05,3.07,31.110666666666656,161.8533333333333,22.182166666666664,141.83723333333333,4.666599999999999,24.277999999999995,-1.5452468313752434,-9.486472136947489,-0.8599269220134798,-0.8879664622362118,-0.8293251282246037,-21.626614146310516,-22.331790716218478,-20.856998531872744,-25.149362803612174,5.229043791521448e-06,-6.426681502935074,-33.43484516379853,-1.4792136892603964,-4.980657507289031,32.54121807131235,-18.28821899160481,1.188651342698344,7.297285853689483,0.0,0.0,1.0,1.0
40,global,US as Home,4.0,4.0606470207249385,0.0,1.0,4.0,0.018967789768514702,0.7401534307632966,0.01896740933963203,1.1602583782251221,7.122977736117843,8.283236114342966,0.264514495970212,0.8906462397596765,0.8506033600978606,0.11340557247396202,0.2986223608728042,0.11340329794668437,2.2745214649730388e-06,5.865444565469252,8.083999999999998,3.069938426317243,6.15736827480203e-05,3.07,31.11066666666666,161.8533333333333,22.182166666666664,141.8372333333333,4.6666,24.278,-1.5470112620298326,-9.497304207204795,-0.8599269220134799,-0.8868166779264676,-0.8293251278130492,-21.800922263882157,-22.482633073657944,-21.02510362229711,-25.352063885657035,5.111126823664769e-06,-6.539504096771005,-34.02180467261465,-1.5051817919559725,-5.068094654862646,33.84982991421121,-18.70311029361415,1.1602583782251221,7.122977736117843,0.0,0.0,1.0,1.0
41,global,US as Home,4.1000000000000005,4.157844682167038,0.0,1.0,4.1000000000000005,0.018967789768514702,0.7401534307632966,0.018967424468325226,1.1331351122905768,6.9564644637223365,8.089599576012914,0.2583309580097607,0.8698256612402016,0.8307188613403906,0.11075449787123622,0.2916414855996982,0.11075236485312753,2.1330128744173095e-06,5.728328453959107,8.084,3.0699408749466657,5.9125053326711815e-05,3.07,31.110666666666663,161.85333333333332,22.182166666666664,141.83723333333333,4.666600000000001,24.278000000000006,-1.5486180531924136,-9.507168508029896,-0.8599269220134799,-0.8857353560442988,-0.8293251324217504,-21.967435536277662,-22.626730060441194,-21.185691386929456,-25.545700423987086,4.9078688335590925e-06,-6.6498902291001745,-34.59608822140014,-1.5305891002178242,-5.153643552600114,35.16870877275094,-19.109483915184143,1.1331351122905768,6.9564644637223365,0.0,0.0,1.0,1.0
42,global,US as Home,4.2,4.255227374911476,0.0,1.0,4.2,0.018967789768514702,0.7401534307632966,0.01896742925236544,1.1072028064630492,6.7972626509862435,7.904465457449293,0.2524189438930617,0.8499193301216338,0.8117075060112048,0.10821983396588297,0.284967145856742,0.10821777705791999,2.056902981590799e-06,5.5972332149455335,8.083999999999998,3.069941649259521,5.835074047936484e-05,3.07,31.11066666666666,161.85333333333332,22.18216666666666,141.8372333333333,4.6666,24.278000000000002,-1.550084031834809,-9.516168342400738,-0.8599269220134798,-0.884716723880541,-0.8293251268503778,-22.126637349013755,-22.764499639197723,-21.339227620966952,-25.73083454255071,4.843594013870245e-06,-6.757928379431647,-35.15815681372214,-1.5554559791598879,-5.237372771836561,36.49740029684207,-19.507608450236642,1.1072028064630492,6.7972626509862435,0.0,0.0,1.0,1.0
43,global,US as Home,4.3,4.3527796707182285,0.0,1.0,4.3,0.018967789768514702,0.7401534307632966,0.01896744785058431,1.0823888649306417,6.644926622737909,7.727315487668551,0.24676185822719776,0.8308713680890822,0.7935159280483578,0.10579446579799327,0.27858060635536724,0.10579255872156348,1.9070720495247296e-06,5.47179085590381,8.083999999999998,3.069944659443239,5.534055674583538e-05,3.07,31.11066666666666,161.8533333333333,22.182166666666664,141.8372333333333,4.6666,24.278000000000002,-1.5514239573732944,-9.524394320301699,-0.8599269220134799,-0.8837556826098469,-0.8293251564969222,-22.27897337726209,-22.89632853774082,-21.486143310209115,-25.90798451233145,4.593722236601039e-06,-6.863703626028645,-35.70845207304429,-1.5798020110395945,-5.319348247952515,37.83547486714372,-19.897746564328067,1.0823888649306417,6.644926622737909,0.0,0.0,1.0,1.0
44,global,US as Home,4.4,4.450487613440507,0.0,1.0,4.4,0.018967789768514702,0.7401534307632966,0.018967443064480772,1.0586256160358687,6.499040933832801,7.55766654986867,0.2413443409563055,0.8126300563286233,0.7760947338823938,0.1034718080349862,0.2724645264347975,0.10346991671851329,1.8913120680184195e-06,5.351660777140682,8.083999999999998,3.069943884796428,5.611520357114467e-05,3.07,31.11066666666666,161.85333333333332,22.182166666666664,141.83723333333333,4.666600000000001,24.278000000000006,-1.552650839706454,-9.531926311199538,-0.8599269220134799,-0.8828475459803878,-0.829325153290963,-22.424859066167198,-23.02257469642452,-21.62683735849571,-26.07763345013133,4.658024731929444e-06,-6.96729757482508,-36.24740008875053,-1.6036459788967603,-5.399633225284445,39.18253532458232,-20.2801557372623,1.0586256160358687,6.499040933832801,0.0,0.0,1.0,1.0
45,global,US as Home,4.5,4.54833863484766,0.0,1.0,4.5,0.018967789768514702,0.7401534307632966,0.018967450680731825,1.0358507102783052,6.359222812543759,7.395073522822065,0.23615216153226803,0.7951474791896476,0.7593981621194058,0.10124575959930121,0.2666028405865638,0.10124394962562651,1.8099695518785305e-06,5.236527425095237,8.083999999999998,3.0699451175120487,5.4882487947272025e-05,3.07,31.11066666666666,161.8533333333333,22.182166666666657,141.8372333333333,4.6666,24.278000000000002,-1.553776130253056,-9.538834616849845,-0.8599269220134799,-0.8819881853705414,-0.8293251338757586,-22.56467718745624,-23.1435697343182,-21.761679336115815,-26.240226477177934,4.555698504105088e-06,-7.068788494268048,-36.775406576618195,-1.6270058975899608,-5.47828836162727,40.538204309767714,-20.655085188429197,1.0358507102783052,6.359222812543759,0.0,0.0,1.0,1.0
46,global,US as Home,4.6000000000000005,4.646321375370572,0.0,1.0,4.6000000000000005,0.018967789768514702,0.7401534307632966,0.018967458078745388,1.0140064104563564,6.225117802648597,7.239124213104954,0.23117212806105863,0.7783792182716921,0.7433837913815255,0.09911066471661625,0.2609806558857087,0.09910893156826751,1.7331444870057623e-06,5.126098277715543,8.084,3.069946314905204,5.368509479656948e-05,3.07,31.110666666666667,161.85333333333332,22.182166666666667,141.83723333333333,4.6666,24.278000000000002,-1.5548099428110282,-9.545181327179161,-0.8599269220134799,-0.8811738963318501,-0.8293251270952823,-22.698782197351402,-23.259621066398747,-21.891011839296148,-26.396175786895046,4.456304379951703e-06,-7.168251349009242,-37.29286206100926,-1.6498990215511995,-5.555371754345096,41.902124595153836,-21.022777780272268,1.0140064104563564,6.225117802648597,0.0,0.0,1.0,1.0
47,global,US as Home,4.7,4.744425545011563,0.0,1.0,4.7,0.018967789768514702,0.7401534307632966,0.018967463814271158,0.9930391252376133,6.096396899957592,7.089436025195206,0.22639200253218061,0.7622840669936545,0.7280122677089207,0.09706127657207816,0.25558415628947223,0.09705960861100475,1.6679574211766252e-06,5.020101964724152,8.083999999999998,3.069947243219168,5.2756780822232536e-05,3.07,31.11066666666666,161.85333333333332,22.182166666666664,141.8372333333333,4.6666,24.278,-1.5557612318811713,-9.551021415037527,-0.8599269220134798,-0.8804013273468239,-0.8293251525964698,-22.827503100042406,-23.371013878986375,-22.015152691710117,-26.545863974804796,4.379246205776788e-06,-7.265757879191908,-37.80013982979553,-1.6723418630351934,-5.63093900181834,43.273960300709085,-21.38346838110852,0.9930391252376133,6.096396899957592,0.0,0.0,1.0,1.0
48,global,US as Home,4.800000000000001,4.842641775120594,0.0,1.0,4.800000000000001,0.018967789768514702,0.7401534307632966,0.01896747652625793,0.9728986826802272,5.972752092366307,6.945650775046534,0.2218004242061147,0.7468237726318167,0.7132470581956244,0.09509272446412421,0.25040051614592185,0.09509115406188033,1.5703989394352732e-06,4.918286568782364,8.084,3.0699493006966003,5.069930338592451e-05,3.07,31.110666666666663,161.85333333333332,22.182166666666664,141.8372333333333,4.6666,24.278,-1.5566379577193428,-9.556403749475422,-0.8599269220134799,-0.8796673465877163,-0.8293251345329469,-22.951147907633693,-23.478012915071716,-22.134396934121696,-26.689649224953467,4.2084576531431495e-06,-7.361376670571968,-38.29759634425147,-1.694350208258979,-5.705043257787378,44.65340245128711,-21.73738353976649,0.9728986826802272,5.972752092366307,0.0,0.0,1.0,1.0
49,global,US as Home,4.9,4.940961615816032,0.0,1.0,4.9,0.018967789768514702,0.7401534307632966,0.018967474119668253,0.9535391253108438,5.853901240942886,6.807440366253729,0.2173868334782855,0.7319627799623566,0.6990542061577116,0.09320048116260167,0.24541781424054457,0.09319893018461602,1.5509746969996346e-06,4.82041793722099,8.083999999999998,3.0699489111820393,5.108881795169218e-05,3.07,31.11066666666666,161.85333333333332,22.182166666666667,141.83723333333333,4.6666,24.278000000000002,-1.5574471655611544,-9.561371582114504,-0.8599269220134799,-0.8789692718861749,-0.829325153232404,-23.069998759057114,-23.580864248538465,-22.249018801654053,-26.82785963374627,4.2407907490105146e-06,-7.455173362200569,-38.78557400305496,-1.7159391652037095,-5.777735392305869,46.04014688245853,-22.084742840679844,0.9535391253108438,5.853901240942886,0.0,0.0,1.0,1.0
50,global,US as Home,5.0,5.039377324827676,0.0,1.0,5.0,0.018967789768514702,0.7401534307632966,0.018967482127729602,0.934917053566266,5.739577910100038,6.674494963666303,0.21314141227492417,0.717668030568374,0.6854021394633536,0.09138033735462488,0.2406249665064454,0.09137885524632076,1.4821052411755326e-06,4.726278360355653,8.083999999999998,3.0699502073134624,4.979268653267552e-05,3.07,31.110666666666667,161.85333333333332,22.182166666666664,141.8372333333333,4.6666,24.278000000000002,-1.5581951558315958,-9.565963592086746,-0.8599269220134799,-0.8783045106118252,-0.8293251348240122,-23.18432208989996,-23.6797966731379,-22.35927327172135,-26.960805036333696,4.133200581013519e-06,-7.547210644182874,-39.26439789852464,-1.7371231630987927,-5.849063990003811,47.43391940143069,-22.42575659081058,0.934917053566266,5.739577910100038,0.0,0.0,1.0,1.0
51,global,US as Home,5.1000000000000005,5.137881896236037,0.0,1.0,5.1000000000000005,0.018967789768514702,0.7401534307632966,0.01896748584212699,0.916992603561188,5.629537370238877,6.546529973800065,0.20905501949876962,0.7039087454792385,0.6722614629445585,0.08962837396814394,0.23601165314608322,0.08962693782675533,1.4361384564462318e-06,4.635665140035328,8.083999999999998,3.0699508085010607,4.9191498923052046e-05,3.07,31.110666666666667,161.85333333333332,22.182166666666664,141.83723333333333,4.6666,24.278000000000002,-1.5588875271142275,-9.570214149827907,-0.85992692201348,-0.8776708275725944,-0.8293251306275267,-23.294362629761125,-23.775023206818588,-22.46539774051729,-27.088770026199935,4.083296798906844e-06,-7.63754848037515,-39.734380599450375,-1.7579160036795423,-5.919075522677061,48.83445005512929,-22.760628370701262,0.916992603561188,5.629537370238877,0.0,0.0,1.0,1.0
52,global,US as Home,5.2,5.236468919566182,0.0,1.0,5.2,0.018967789768514702,0.7401534307632966,0.018967503239664292,0.8997283935379888,5.523550129866586,6.423278523404575,0.20511913972917928,0.6906562524388322,0.659604793431324,0.08794094017809054,0.23156826071650938,0.0879396117356731,1.3284398604346463e-06,4.548389452099178,8.083999999999998,3.069953624350465,4.6375649519307956e-05,3.07,31.11066666666666,161.85333333333332,22.18216666666666,141.8372333333333,4.6666,24.278,-1.5595292925282176,-9.574154031531373,-0.85992692201348,-0.877066127105319,-0.8293251339189888,-23.400349870133414,-23.866742287184312,-22.5676133552839,-27.212021476595424,3.849556983293034e-06,-7.72624416089295,-40.195819416358916,-1.7783308732728575,-5.987814389981022,50.24148865169155,-23.08955324125024,0.8997283935379888,5.523550129866586,0.0,0.0,1.0,1.0
53,global,US as Home,5.300000000000001,5.335132538330548,0.0,1.0,5.300000000000001,0.018967789768514702,0.7401534307632966,0.018967497863276787,0.8830895426591634,5.42140205096561,6.304491593624773,0.20132583254175423,0.67788381525976,0.6474065967779714,0.0863146316781285,0.22728582491400348,0.08631330333711444,1.3283384093331827e-06,4.464275222570739,8.083999999999998,3.0699527541642255,4.724583576676119e-05,3.07,31.11066666666666,161.8533333333333,22.18216666666666,141.8372333333333,4.6666,24.278,-1.560124940931074,-9.577810794879715,-0.8599269220134799,-0.8764884886071443,-0.8293251335077318,-23.50249794903439,-23.955138952515256,-22.666126330491373,-27.330808406375226,3.9217899386878585e-06,-7.813352441305034,-40.64900071895085,-1.7983803748351557,-6.055323027305486,51.65479764474357,-23.41271989935206,0.8830895426591634,5.42140205096561,0.0,0.0,1.0,1.0
54,global,US as Home,5.4,5.433867402645703,0.0,1.0,5.4,0.018967789768514702,0.7401534307632966,0.018967500894080044,0.8670435725606459,5.322893744616645,6.189937317177291,0.19766768682596672,0.6655664800063227,0.635643040961632,0.08474627109520312,0.22315597900117978,0.08474498043184957,1.2906608489838769e-06,4.383158114679697,8.083999999999998,3.069953244709836,4.67552901540221e-05,3.07,31.11066666666666,161.85333333333332,22.18216666666666,141.8372333333333,4.666599999999999,24.278,-1.5606784954055735,-9.581209138103592,-0.8599269220134798,-0.8759361712266726,-0.829325135807527,-23.601006255383354,-24.040385906319123,-22.761129134218777,-27.44536268282271,3.8810704245939576e-06,-7.898925666563435,-41.094195545904846,-1.8180765564770467,-6.121642001820022,53.07415183660502,-23.73030831515523,0.8670435725606459,5.322893744616645,0.0,0.0,1.0,1.0
55,global,US as Home,5.5,5.5326686169428925,0.0,1.0,5.5,0.018967789768514702,0.7401534307632966,0.01896750689292212,0.8515601933354758,5.2278392571244146,6.07939945045989,0.1941377794995248,0.6536809359817347,0.6242918633193917,0.08323289028910826,0.21917090719776905,0.08323164899776908,1.2412889804092498e-06,4.304884613378579,8.083999999999998,3.0699542156424218,4.578435756565765e-05,3.07,31.11066666666666,161.85333333333332,22.182166666666667,141.83723333333333,4.6666,24.278000000000002,-1.5611935687467027,-9.584371240623328,-0.8599269220134798,-0.8754075896033903,-0.8293251573929045,-23.696060742875584,-24.12264447942365,-22.852801560350578,-27.555900549540112,3.8004746647501975e-06,-7.983013882029192,-41.53166448269791,-1.837430937017863,-6.186810098518576,54.499335851027695,-24.04249216998689,0.8515601933354758,5.2278392571244146,0.0,0.0,1.0,1.0
56,global,US as Home,5.6000000000000005,5.6315316717406585,0.0,1.0,5.6000000000000005,0.018967789768514702,0.7401534307632966,0.01896751183683292,0.836610817854349,5.136063088368086,5.972673906222435,0.19072963850845304,0.6422053911457697,0.6133322515670763,0.08177171448947268,0.21532330290973847,0.08177051630294659,1.1981842890057373e-06,4.229311204892542,8.083999999999998,3.069955015830864,4.498416913507312e-05,3.07,31.110666666666653,161.85333333333327,22.18216666666666,141.8372333333333,4.666599999999999,24.277999999999995,-1.5616734207722442,-9.587317114886089,-0.8599269220134799,-0.8749012263026515,-0.8293251555980304,-23.787836911631913,-24.20206549219772,-22.941311689472215,-27.662626093777565,3.7340521520379255e-06,-8.065664923674717,-41.961656562044965,-1.8564545267473136,-6.250864390125996,55.93015083550286,-24.349438168225486,0.836610817854349,5.136063088368086,0.0,0.0,1.0,1.0
57,global,US as Home,5.7,5.73045244901574,0.0,1.0,5.7,0.018967789768514702,0.7401534307632966,0.01896751509149974,0.8221689855464563,5.047402793447202,5.869571778993659,0.1874372066702145,0.6311194503710061,0.6027447275290204,0.08036014679418468,0.21160632791015926,0.08035898308004019,1.1637119972992211e-06,4.15630357496307,8.083999999999998,3.0699555426095384,4.4457390453379974e-05,3.07,31.11066666666666,161.85333333333332,22.18216666666666,141.8372333333333,4.6666,24.278000000000002,-1.562120980295108,-9.590064741256882,-0.8599269220134799,-0.8744157510970122,-0.8293251538222093,-23.8764972065528,-24.27879009712677,-23.02681682787174,-27.76572822100634,3.690325004912509e-06,-8.146924562568856,-42.38440993422671,-1.8751578606812689,-6.313840349073527,57.366401958260504,-24.65130645353451,0.8221689855464563,5.047402793447202,0.0,0.0,1.0,1.0
58,global,US as Home,5.800000000000001,5.829427148250741,0.0,1.0,5.800000000000001,0.018967789768514702,0.7401534307632966,0.01896751428595022,0.8082097143796265,4.9617050044031235,5.76991471878275,0.18425481143928685,0.6204040136405593,0.5925110499127613,0.07899575520695615,0.20801357820619984,0.07899460789598882,1.1473088441559236e-06,4.085735938418411,8.084,3.0699554122286634,4.458777132770653e-05,3.07,31.110666666666667,161.85333333333332,22.182166666666667,141.83723333333333,4.666600000000001,24.278000000000006,-1.5625388976390873,-9.59263039041966,-0.8599269220134798,-0.8739498929444399,-0.8293251307855083,-23.962194995596874,-24.352950483375388,-23.109464292734074,-27.86538528121725,3.7011477350690214e-06,-8.226836574488344,-42.80015244064061,-1.8935510145840515,-6.3757719014474254,58.80790820461764,-24.948250784136764,0.8082097143796265,4.9617050044031235,0.0,0.0,1.0,1.0
59,global,US as Home,5.9,5.92845229346212,0.0,1.0,5.9,0.018967789768514702,0.7401534307632966,0.01896752429294264,0.7947098892084404,4.87882781433884,5.6735377035472805,0.18117713474468106,0.610041174488049,0.582614117315081,0.07767625970573097,0.20453904998733846,0.07767517253902716,1.0871647650298828e-06,4.017490370339299,8.083999999999998,3.069957031893743,4.296810624191553e-05,3.07,31.110666666666667,161.85333333333332,22.18216666666666,141.83723333333327,4.666600000000001,24.278000000000002,-1.5629295603383309,-9.595028719758426,-0.8599269220134799,-0.8735025468252379,-0.8293251315711518,-24.04507218566116,-24.42467057967336,-23.189392195466922,-27.96176229645272,3.566701674784234e-06,-8.305442869324647,-43.20910150418149,-1.9116436347536978,-6.436691527278859,60.25449114530645,-25.240418552394168,0.7947098892084404,4.87882781433884,0.0,0.0,1.0,1.0
60,global,US as Home,6.0,6.0275246663286675,0.0,1.0,6.0,0.018967789768514702,0.7401534307632966,0.01896752392304453,0.7816476185274797,4.798636828443131,5.5802844469706105,0.1781991878026156,0.6000141351894045,0.5730378872267332,0.07639952144409688,0.20117711119025378,0.07639845065688619,1.070785298414993e-06,3.9514562475456625,8.083999999999996,3.069956972024501,4.302797548435914e-05,3.07,31.110666666666656,161.8533333333333,22.18216666666666,141.8372333333333,4.6666,24.278,-1.563295136704478,-9.59727304082155,-0.8599269220134798,-0.8730726452446826,-0.8293251540653124,-24.125263171556867,-24.494066641264084,-23.266730095820837,-28.055015553029392,3.5716713333577843e-06,-8.38278355326683,-43.611466651386145,-1.9294449523344408,-6.496630308735441,61.705984551511975,-25.527951995292785,0.7816476185274797,4.798636828443131,0.0,0.0,1.0,1.0
61,global,US as Home,6.1000000000000005,6.126641276441829,0.0,1.0,6.1000000000000005,0.018967789768514702,0.7401534307632966,0.01896753093006882,0.7690020403638591,4.72100397233948,5.490006012703339,0.17531628694014306,0.5903071253586457,0.5637672982881056,0.07516353238612408,0.1979224742050251,0.07516250668876308,1.0256955775718683e-06,3.887529712500566,8.083999999999998,3.069958106134739,4.189386524560727e-05,3.07,31.110666666666667,161.85333333333332,22.182166666666664,141.83723333333333,4.6666,24.278000000000002,-1.5636376013527786,-9.599375476029977,-0.85992692201348,-0.8726591317319369,-0.829325131238276,-24.202896027660522,-24.561247813294408,-23.341599629754665,-28.14529398729666,3.4775305087775266e-06,-8.458897015720956,-44.00744687098289,-1.9469638033227357,-6.55561799748348,63.16223788498494,-25.81098682144197,0.7690020403638591,4.72100397233948,0.0,0.0,1.0,1.0
62,global,US as Home,6.2,6.225799405070839,0.0,1.0,6.2,0.018967789768514702,0.7401534307632966,0.018967532345918716,0.7567541708857062,4.645812701804363,5.40256687269007,0.17252402946441842,0.5809053206973425,0.55478819269165,0.07396640496077152,0.19477016863285893,0.07396540112088225,1.0038381533574823e-06,3.825613138226223,8.083999999999998,3.069958335294764,4.1664705222741464e-05,3.07,31.11066666666666,161.8533333333333,22.182166666666664,141.8372333333333,4.666600000000001,24.278000000000006,-1.5639587308687575,-9.6013469320743,-0.8599269220134799,-0.8722611651551201,-0.8293251323042065,-24.278087298195636,-24.626316693140918,-23.41411513611566,-28.23273312730993,3.4585082749893914e-06,-8.533820065301613,-44.39723419477338,-1.9642086598680994,-6.613683120080967,64.62309291486525,-26.089654224145935,0.7567541708857062,4.645812701804363,0.0,0.0,1.0,1.0
63,global,US as Home,6.300000000000001,6.324996499121237,0.0,1.0,6.300000000000001,0.018967789768514702,0.7401534307632966,0.018967535293814095,0.7448855878448539,4.572949920249982,5.317835508094836,0.1698182758123629,0.5717947828907844,0.5460872587802825,0.07280636440889407,0.19171552113403895,0.07280538762783463,9.767793896825398e-07,3.765614732483897,8.083999999999998,3.069958812421458,4.118757853042461e-05,3.07,31.11066666666666,161.85333333333332,22.182166666666667,141.83723333333333,4.6666,24.278000000000002,-1.564260156019338,-9.60319742044567,-0.8599269220134799,-0.8718778389724748,-0.8293251017205187,-24.350950079750017,-24.689369746382063,-23.484384120216426,-28.317464491905163,3.4189026988373783e-06,-8.607587944570382,-44.78101167848423,-1.98118763366542,-6.670852989399829,66.08841215426074,-26.364079657166535,0.7448855878448539,4.572949920249982,0.0,0.0,1.0,1.0
64,global,US as Home,6.4,6.424230241888758,0.0,1.0,6.4,0.018967789768514702,0.7401534307632966,0.018967550080271497,0.7333796458899593,4.502313439690239,5.235693085580198,0.16719512837450998,0.5629623883057934,0.5376519629508961,0.07168173970436817,0.18875413152120918,0.07168083389138366,9.058115260486592e-07,3.707448068205839,8.084,3.0699612056588763,3.8794341113364736e-05,3.07,31.110666666666667,161.85333333333332,22.182166666666664,141.8372333333333,4.666600000000001,24.278000000000006,-1.5645433445945984,-9.604935952099101,-0.8599269220134799,-0.8715084640029285,-0.8293251337864572,-24.421586560309763,-24.75049780027295,-23.552507803784,-28.399606914419802,3.2202436933692624e-06,-8.680234473717379,-45.158954846653295,-1.9979085090258084,-6.727153815978714,67.5580480833758,-26.63438379629437,0.7333796458899593,4.502313439690239,0.0,0.0,1.0,1.0
65,global,US as Home,6.5,6.523498434050378,0.0,1.0,6.5,0.018967789768514702,0.7401534307632966,0.018967551780189315,0.7222198794149709,4.4338021756188555,5.1560220550338265,0.16465091712041718,0.554395779590076,0.5294705034297746,0.07059095739125977,0.18588185653125208,0.0705900716885004,8.857013433399909e-07,3.6510317647477297,8.084,3.0699614807962416,3.851920375717466e-05,3.07,31.110666666666667,161.85333333333332,22.182166666666664,141.83723333333333,4.6666,24.278000000000002,-1.5648096545978987,-9.6065708639946,-0.8599269220134799,-0.8711522260734228,-0.8293251515685148,-24.490097824381145,-24.809786378721018,-23.618581498270935,-28.479277944966174,3.197404965460393e-06,-8.751792047102036,-45.531233259081525,-2.014378742080379,-6.7826107053420515,69.03187765970162,-26.900683150750123,0.7222198794149709,4.4338021756188555,0.0,0.0,1.0,1.0
66,global,US as Home,6.6000000000000005,6.6227990512602615,0.0,1.0,6.6000000000000005,0.018967789768514702,0.7401534307632966,0.01896755245900436,0.7113909977199006,4.367322256431343,5.078713254151244,0.1621821818367882,0.5460833058662398,0.5215317531554478,0.06953253396875612,0.18309478977310242,0.0695316640344206,8.699329487269773e-07,3.5962890940300745,8.083999999999998,3.069961590664719,3.840933526805775e-05,3.07,31.11066666666666,161.85333333333332,22.182166666666664,141.8372333333333,4.6666,24.278000000000002,-1.5650603200589652,-9.608109732001848,-0.8599269220134799,-0.8708084175995494,-0.8293251317781408,-24.556577743568656,-24.86731611619682,-23.68269506613493,-28.556586745848758,3.1882849531594815e-06,-8.822291756116249,-45.89800817117829,-2.030605489059372,-6.837247753218623,70.5097787178386,-27.16308903086157,0.7113909977199006,4.367322256431343,0.0,0.0,1.0,1.0
67,global,US as Home,6.7,6.722130245647959,0.0,1.0,6.7,0.018967789768514702,0.7401534307632966,0.018967558070832856,0.7008790762562153,4.302788197505443,5.003667273761658,0.15978565733613892,0.538013972927921,0.5138252122139688,0.06850506954966203,0.18038924502914258,0.06850423273809868,8.368102608789186e-07,3.5431476525495667,8.083999999999998,3.0699624989578673,3.750104212791576e-05,3.07,31.110666666666667,161.85333333333335,22.182166666666664,141.8372333333333,4.666600000000001,24.278000000000006,-1.5652964579576454,-9.609559413406023,-0.8599269220134799,-0.8704764880411947,-0.8293251569692263,-24.621111802494557,-24.92316310242129,-23.74493330497285,-28.631632726238344,3.112888953937798e-06,-8.89176346365275,-46.25943469914795,-2.0465956234323537,-6.891088103254305,71.99162188163243,-27.421708721898213,0.7008790762562153,4.302788197505443,0.0,0.0,1.0,1.0
68,global,US as Home,6.800000000000001,6.821490253144829,0.0,1.0,6.800000000000001,0.018967789768514702,0.7401534307632966,0.0189675600612161,0.6906702399622875,4.2401148180254715,4.930785057987759,0.15745826207181352,0.5301774049054284,0.5063409712280457,0.06750724297930372,0.17776174340217954,0.06750642544038062,8.175376616057345e-07,3.49153910892414,8.083999999999998,3.06996282110803,3.717889195577584e-05,3.07,31.11066666666666,161.85333333333332,22.18216666666666,141.83723333333333,4.6666,24.278000000000002,-1.565519107234537,-9.610926286399163,-0.8599269220134799,-0.8701557646290857,-0.8293251528995293,-24.683785181974528,-24.97739914767368,-23.805376243191127,-28.704514942012242,3.0861477746668697e-06,-8.96023580895911,-46.61566219159317,-2.0623557370254533,-6.944153950773907,73.47730110847894,-27.67664553736341,0.6906702399622875,4.2401148180254715,0.0,0.0,1.0,1.0
69,global,US as Home,6.9,6.920877457135828,0.0,1.0,6.9,0.018967789768514702,0.7401534307632966,0.018967551722780154,0.680751768026667,4.179224023268352,4.859975791295019,0.15519708399005683,0.5225637966282837,0.4990696658613317,0.06653780576987356,0.175208997343211,0.06653697072050603,8.350480322403925e-07,3.4413988901714734,8.084,3.0699614715043775,3.8528495607730305e-05,3.07,31.110666666666667,161.85333333333332,22.182166666666667,141.83723333333333,4.666600000000002,24.278000000000006,-1.5657292113809615,-9.612216143197731,-0.85992692201348,-0.8698457028996158,-0.8293251305996097,-24.74467597673165,-25.030092112485313,-23.864099507430367,-28.77532420870498,3.198176268814912e-06,-9.027736318687063,-46.96683413264927,-2.0778921655813183,-6.9964666288440505,74.96670526568757,-27.92799894860336,0.680751768026667,4.179224023268352,0.0,0.0,1.0,1.0
70,global,US as Home,7.0,7.020290368065588,0.0,1.0,7.0,0.018967789768514702,0.7401534307632966,0.018967594293782447,0.6711119007639333,4.1200436189892455,4.791155519753179,0.15299936949701468,0.5151638764760295,0.49200244133943655,0.06559557737024045,0.17272789819577322,0.06559490136749685,6.760018559153998e-07,3.392665937059071,8.084,3.069968361763002,3.1638236985550945e-05,3.07,31.110666666666667,161.85333333333332,22.182166666666664,141.83723333333333,4.666600000000001,24.278000000000006,-1.5659276308401011,-9.61343426617481,-0.8599269220134799,-0.8695458512184838,-0.8293251555953226,-24.803856381010753,-25.081306164745154,-23.92117460909466,-28.844144480246822,2.6262270222954243e-06,-9.09429145374946,-47.31308565947941,-2.0932109995440578,-7.0480466445871315,76.45972228051998,-28.17586330110546,0.6711119007639333,4.1200436189892455,0.0,0.0,1.0,1.0
71,global,US as Home,7.1000000000000005,7.119727550964484,0.0,1.0,7.1000000000000005,0.018967789768514702,0.7401534307632966,0.01896757047493751,0.6617387467568422,4.06250060222444,4.724239348981282,0.15086251437451362,0.5079688757907698,0.48513092323765944,0.06467944127126293,0.17031550594035488,0.06467869348851014,7.477816512423671e-07,3.3452825026673287,8.084,3.0699645066035526,3.5493396446158644e-05,3.07,31.110666666666667,161.85333333333332,22.182166666666664,141.8372333333333,4.6666,24.278,-1.5661151717160604,-9.61458560410879,-0.8599269220134799,-0.8692556213950867,-0.829325131640433,-24.86139939777556,-25.131101991392317,-23.97666918027064,-28.91106065101872,2.9462374705468974e-06,-9.159926619132307,-47.65455377968361,-2.1083180863176647,-7.0989136867856475,77.95626087049322,-28.420333013460723,0.6617387467568422,4.06250060222444,0.0,0.0,1.0,1.0
72,global,US as Home,7.2,7.219187715686114,0.0,1.0,7.2,0.018967789768514702,0.7401534307632966,0.01896757171018162,0.652621857398833,4.006530827613471,4.6591526850123035,0.14878405193234642,0.5009704889847537,0.4784471793821102,0.06378833992630624,0.16796903581897704,0.06378760660000707,7.333252249805633e-07,3.2991938896738304,8.083999999999998,3.0699647065319295,3.5293468066366355e-05,3.07,31.11066666666666,161.85333333333332,22.182166666666664,141.83723333333333,4.666600000000001,24.278000000000002,-1.5662925591165626,-9.615674608530702,-0.8599269220134798,-0.8689746363031244,-0.8293251349183138,-24.91736917238653,-25.17953707450719,-24.03064728141511,-28.9761473149877,2.9296417375368478e-06,-9.224666279011139,-47.99136199654004,-2.123219056762068,-7.149086715097005,79.45621659384568,-28.66149482792802,0.652621857398833,4.006530827613471,0.0,0.0,1.0,1.0
73,global,US as Home,7.300000000000001,7.318669627472353,0.0,1.0,7.300000000000001,0.018967789768514702,0.7401534307632966,0.018967583887576252,0.643750832581199,3.9520704475305304,4.595821280111729,0.14676164585543147,0.49416084945605937,0.471943696848208,0.0629212716845975,0.16568585026002808,0.06292058872202669,6.829616262502039e-07,3.2543482917435425,8.083999999999998,3.069966677483842,3.3322516151238866e-05,3.07,31.11066666666666,161.85333333333332,22.182166666666664,141.83723333333333,4.666599999999999,24.278,-1.5664604705902307,-9.616705439000036,-0.8599269220134798,-0.8687024344111053,-0.8293251342222598,-24.97182955246947,-25.22666585799643,-24.0831695871158,-29.039478719888272,2.7660362307280195e-06,-9.288533948777928,-48.32363323099972,-2.137919323357984,-7.198583953874391,80.95950027350418,-28.899434375023198,0.643750832581199,3.9520704475305304,0.0,0.0,1.0,1.0
74,global,US as Home,7.4,7.418172141189617,0.0,1.0,7.4,0.018967789768514702,0.7401534307632966,0.018967584250004277,0.635115963568837,3.899059858782673,4.53417582235151,0.14479308103892988,0.48753249872953514,0.46561335248902697,0.06207728686195625,0.16346344853161376,0.062076614246344065,6.726146835774893e-07,3.2106965903032427,8.084,3.0699667361440257,3.326385595717666e-05,3.07,31.11066666666667,161.85333333333338,22.182166666666674,141.83723333333336,4.666600000000001,24.278000000000006,-1.566619527679416,-9.617681911246478,-0.8599269220134799,-0.8684386144977884,-0.8293251311109807,-25.024840141217325,-25.272539961165144,-24.134293624105265,-29.10112417764849,2.7611669455307464e-06,-9.351552266301287,-48.65148619527199,-2.152424096608711,-7.2474229473932255,82.46602208077644,-29.13423439949905,0.635115963568837,3.899059858782673,0.0,0.0,1.0,1.0
75,global,US as Home,7.5,7.517694193052144,0.0,1.0,7.5,0.018967789768514702,0.7401534307632966,0.018967585762238455,0.6267081727460168,3.847443332701217,4.474151505447233,0.14287625599252013,0.4810783608812477,0.4594493885096028,0.06125548448427102,0.16129945816639962,0.0612548256566774,6.588266907393357e-07,3.1681921861110207,8.083999999999998,3.0699669809041685,3.301909582476892e-05,3.07,31.11066666666666,161.85333333333332,22.182166666666664,141.83723333333333,4.6666,24.277999999999995,-1.5667703015346919,-9.618607531638,-0.8599269220134798,-0.8681828275882814,-0.8293251540844142,-25.076456667298782,-25.317208355722578,-24.18407396852346,-29.16114849455277,2.740849810556334e-06,-9.413743031870267,-48.97503377068309,-2.1667383942338865,-7.295620590807441,83.97569274824515,-29.365973940435495,0.6267081727460168,3.847443332701217,0.0,0.0,1.0,1.0
76,global,US as Home,7.6000000000000005,7.617234760352098,0.0,1.0,7.6000000000000005,0.018967789768514702,0.7401534307632966,0.018967588575264416,0.6185183691100933,3.797165058433465,4.415683427543558,0.14100917639964547,0.47479172085183663,0.4534453917553072,0.06045500952614909,0.15919162769035478,0.06045436827379385,6.412514885522761e-07,3.1267908564366036,8.084,3.069967436201797,3.256379820232821e-05,3.07,31.11066666666667,161.85333333333335,22.182166666666667,141.83723333333333,4.6666,24.278000000000002,-1.5669133280450058,-9.619485590066848,-0.8599269220134799,-0.8679346442820557,-0.8293251334457269,-25.126734941566536,-25.36071751587304,-24.232562413185413,-29.21961657245644,2.7030563097829585e-06,-9.475127226082334,-49.294385102624474,-2.1808670452867265,-7.343193144012637,85.48843947615856,-29.59472937951863,0.6185183691100933,3.797165058433465,0.0,0.0,1.0,1.0
77,global,US as Home,7.7,7.716792920476593,0.0,1.0,7.7,0.018967789768514702,0.7401534307632966,0.018967590908317865,0.610538553323329,3.748175927000177,4.358714480323506,0.13918994730957004,0.4686661981564016,0.4475952686037194,0.059675049563408446,0.15713781780801103,0.0596744239242461,6.256383265960408e-07,3.08645058192504,8.084,3.0699678138142743,3.218618571195246e-05,3.07,31.110666666666663,161.85333333333332,22.18216666666666,141.8372333333333,4.666600000000001,24.278000000000006,-1.5670490915420492,-9.620319059908535,-0.8599269220134799,-0.8676937952068821,-0.8293251326742641,-25.175724072999824,-25.403111600266946,-24.27980817035515,-29.276585519676495,2.6717113276175652e-06,-9.53572508701389,-49.609645553196025,-2.194814707916176,-7.390156291452975,87.0041743606997,-29.82057455697873,0.610538553323329,3.748175927000177,0.0,0.0,1.0,1.0
78,global,US as Home,7.800000000000001,7.816367787374052,0.0,1.0,7.800000000000001,0.018967789768514702,0.7401534307632966,0.018967593918514183,0.6027607505017551,3.7004269795469953,4.303187730048751,0.1374167681483741,0.4626957300860346,0.44189322892140787,0.05891483263413674,0.1551359957701503,0.05891422431497343,6.083183630066323e-07,3.0471314359686255,8.084,3.0699683010245824,3.169897540447349e-05,3.07,31.110666666666663,161.85333333333332,22.18216666666666,141.8372333333333,4.6666,24.278000000000002,-1.567178046732788,-9.621110732668525,-0.8599269220134799,-0.867459947449039,-0.8293251361318219,-25.223473020453003,-25.444432568261224,-24.325858001311204,-29.33211226995125,2.6312688163887543e-06,-9.595556108904871,-49.92091649351138,-2.2085858690641422,-7.436525141101736,88.52282336209811,-30.04358058144564,0.6027607505017551,3.7004269795469953,0.0,0.0,1.0,1.0
79,global,US as Home,7.9,7.915958535642167,0.0,1.0,7.9,0.018967789768514702,0.7401534307632966,0.01896759570835826,0.5951774886419726,3.6538723444690646,4.249049833111037,0.13568792650489367,0.4568745507844692,0.4363337660812798,0.058173624574530784,0.15318422835847129,0.05817302939803297,5.951757219290904e-07,3.0087954469139784,8.083999999999996,3.0699685907168126,3.1409283178713094e-05,3.07,31.110666666666653,161.85333333333327,22.182166666666657,141.83723333333327,4.666599999999999,24.277999999999995,-1.5673006129446974,-9.621863182652953,-0.8599269220134799,-0.8672328105830437,-0.8293251517060465,-25.270027655530935,-25.48472032472755,-24.370756377727023,-29.386250166888964,2.6072219521111606e-06,-9.654639093131921,-50.22829581605036,-2.222184856197874,-7.482314263965394,90.04431193625493,-30.263816169724834,0.5951774886419726,3.6538723444690646,0.0,0.0,1.0,1.0
80,global,US as Home,8.0,8.015564375510216,0.0,1.0,8.0,0.018967789768514702,0.7401534307632966,0.01896759682231677,0.5877813847397613,3.6084666965391134,4.196248081278875,0.13400179322140746,0.45119717471794263,0.4309116411756273,0.05745072691412171,0.15128067634324424,0.05745014250763779,5.844057264665173e-07,2.9714064892010725,8.083999999999998,3.0699687710147106,3.122898528536607e-05,3.07,31.11066666666666,161.85333333333332,22.182166666666664,141.83723333333333,4.666599999999999,24.278,-1.5674171832699983,-9.622578823106318,-0.8599269220134798,-0.8670120527293286,-0.8293251316847253,-25.315433303460885,-25.524012834455682,-24.414545609166865,-29.439051918721127,2.5922557279622893e-06,-9.712992167288942,-50.531877807215835,-2.2356158417016774,-7.527537708870948,91.56857643449966,-30.481347566748745,0.5877813847397613,3.6084666965391134,0.0,0.0,1.0,1.0
81,global,US as Home,8.1,8.115184592586548,0.0,1.0,8.1,0.018967789768514702,0.7401534307632966,0.018967582210570537,0.5805659347292781,3.5641701064473756,4.144736041176654,0.13235681674834865,0.44565837766695615,0.425621864862486,0.056745474455464615,0.14942358811008988,0.0567448535094207,6.209451781139641e-07,2.9349301581824725,8.084,3.069966406054877,3.3593945122945e-05,3.07,31.110666666666667,161.85333333333332,22.182166666666664,141.8372333333333,4.666600000000001,24.278000000000002,-1.5675281142705022,-9.623259843008146,-0.8599269220134799,-0.866797470858789,-0.8293251368079613,-25.359729893552625,-25.562346253707435,-24.457265989695106,-29.490563958823348,2.7885671022298553e-06,-9.770632840565353,-50.83175417935615,-2.2488828556232043,-7.57220904538393,93.09553963579688,-30.696239176038002,0.5805659347292781,3.5641701064473756,0.0,0.0,1.0,1.0
82,global,US as Home,8.200000000000001,8.214818495487929,0.0,1.0,8.200000000000001,0.018967789768514702,0.7401534307632966,0.018967620222575813,0.5735245776045609,3.520942295321254,4.094466872925815,0.13075151941457502,0.4402531841679099,0.42045968537188544,0.05605723367508779,0.1476112954493191,0.056056732600559295,5.010739577886248e-07,2.8993336874189004,8.084,3.0699725584246376,2.7441575355030187e-05,3.07,31.110666666666667,161.85333333333332,22.182166666666664,141.83723333333333,4.6666,24.278000000000002,-1.5676337428781837,-9.623908310827842,-0.8599269220134798,-0.8665887961592252,-0.8293251510325482,-25.402957704678744,-25.59975501713178,-24.498955894738103,-29.540833127074187,2.2778693705705066e-06,-9.827578003192507,-51.12800998483007,-2.2619897855460223,-7.616341363379334,94.62513969381149,-30.908551379139077,0.5735245776045609,3.520942295321254,0.0,0.0,1.0,1.0
83,global,US as Home,8.3,8.314465426892497,0.0,1.0,8.3,0.018967789768514702,0.7401534307632966,0.018967627715342463,0.5666509288158935,3.4787440675760966,4.04539499639199,0.12918449291110243,0.43497685230638955,0.41542057398282084,0.055385400787229006,0.14584220845731571,0.05538492759662521,4.731900887099706e-07,2.8645858485338263,8.083999999999998,3.0699737711538955,2.6228846100178066e-05,3.07,31.11066666666666,161.85333333333332,22.18216666666666,141.8372333333333,4.666600000000001,24.278000000000006,-1.5677343841385498,-9.624526160670925,-0.8599269220134799,-0.8663857467566364,-0.8293251328579913,-25.4451559324239,-25.636271943008857,-24.539651898372554,-29.58990500360801,2.1772028687694345e-06,-9.883843961923807,-51.42073348885723,-2.274940384756003,-7.659947300538645,96.15731791353845,-31.118345697262782,0.5666509288158935,3.4787440675760966,0.0,0.0,1.0,1.0
84,global,US as Home,8.4,8.414124795741948,0.0,1.0,8.4,0.018967789768514702,0.7401534307632966,0.018967628127011475,0.5599394491458753,3.437541417232751,3.997480866378626,0.1276543937812236,0.42982485853195523,0.4105002105207581,0.054729399810309526,0.14411481044512772,0.05472893341213852,4.663976645797328e-07,2.8306568512096573,8.083999999999998,3.0699738377838974,2.6162216095086955e-05,3.07,31.11066666666666,161.85333333333332,22.18216666666666,141.8372333333333,4.6666,24.278000000000002,-1.5678303232176518,-9.625115143209033,-0.8599269220134799,-0.8661881706816538,-0.8293251530968764,-25.48635858276725,-25.671928338345214,-24.57938889044808,-29.637819133621374,2.1716720315367866e-06,-9.939446485092844,-51.710005759517024,-2.2877382826122283,-7.7030390772696995,97.69200295617549,-31.32567947288876,0.5599394491458753,3.437541417232751,0.0,0.0,1.0,1.0
85,global,US as Home,8.5,8.513796008053871,0.0,1.0,8.5,0.018967789768514702,0.7401534307632966,0.01896764122945516,0.5533841261386893,3.3972974330396135,3.9506815591783027,0.12615994075779172,0.42479288869251414,0.405694474795096,0.05408868142534502,0.14242765493240686,0.05408825785032817,4.2357459419903423e-07,2.7975182841436594,8.083999999999996,3.0699759584580826,2.40415419097643e-05,3.07,31.11066666666666,161.8533333333333,22.182166666666664,141.83723333333333,4.6666,24.278000000000002,-1.5679218360463019,-9.625676952417463,-0.8599269220134799,-0.8659957719238364,-0.8293251333116015,-25.526602566960385,-25.706754060923934,-24.61820014573848,-29.684618440821698,1.9956387059538727e-06,-9.99440078927619,-51.995905145589084,-2.3003869814772133,-7.745628486370439,99.22914851098405,-31.530608100085576,0.5533841261386893,3.3972974330396135,0.0,0.0,1.0,1.0
86,global,US as Home,8.6,8.613478542598271,0.0,1.0,8.6,0.018967789768514702,0.7401534307632966,0.018967634338417375,0.5469799980730922,3.357981654341875,3.904961652414967,0.12469991011041584,0.41987682236787066,0.40099943163706947,0.05346272098114374,0.1407793603946469,0.05346228288498036,4.3809570595662305e-07,2.7651430118748994,8.083999999999998,3.069974843120647,2.5156879338178825e-05,3.07,31.110666666666667,161.85333333333332,22.182166666666664,141.83723333333333,4.6666,24.278000000000002,-1.5680091689318565,-9.626213100409245,-0.85992692201348,-0.8658084320060001,-0.8293251545446633,-25.565918345658126,-25.740777627730452,-24.656117444776086,-29.730338347585032,2.088220836582444e-06,-10.048721605686636,-52.27850963433448,-2.3128898719984607,-7.787726944483411,100.768684315245,-31.73318639080962,0.5469799980730922,3.357981654341875,0.0,0.0,1.0,1.0
87,global,US as Home,8.700000000000001,8.71317186384476,0.0,1.0,8.700000000000001,0.018967789768514702,0.7401534307632966,0.0189676367816506,0.5407214449934071,3.319559579497561,3.860281024490968,0.12327313368590487,0.41507272627170977,0.39641132459837575,0.052851017654184144,0.13916860805095263,0.05285059137829465,4.2627545144442214e-07,2.733505131332315,8.083999999999998,3.069975238566089,2.4761433905287808e-05,3.07,31.11066666666666,161.85333333333332,22.182166666666664,141.83723333333333,4.6666,24.278000000000002,-1.5680925635828686,-9.626725071064763,-0.8599269220134798,-0.8656258550772628,-0.8293251179807061,-25.60434042050244,-25.774026260616733,-24.69317112474179,-29.775018975509035,2.0553956273650087e-06,-10.102423155152689,-52.557892000011975,-2.32525022734957,-7.829345472705012,102.31057185089294,-31.933465942129924,0.5407214449934071,3.319559579497561,0.0,0.0,1.0,1.0
88,global,US as Home,8.8,8.812875521042944,0.0,1.0,8.8,0.018967789768514702,0.7401534307632966,0.018967635498405425,0.534604221809267,3.282005147342416,3.816609369151683,0.12187849441823134,0.4103768391332049,0.39192656151249516,0.05225309252359699,0.1375941367950352,0.05225266753521448,4.249879421079844e-07,2.702579872270948,8.083999999999998,3.0699750308685796,2.4969131414634604e-05,3.07,31.11066666666666,161.85333333333332,22.182166666666664,141.83723333333333,4.6666,24.278000000000002,-1.5681722306974826,-9.627214157887447,-0.8599269220134799,-0.8654479940254789,-0.8293251538848244,-25.641894852657583,-25.806525990934016,-24.729390196072252,-29.818690630848316,2.0726362207623694e-06,-10.15551922363607,-52.8341245028266,-2.3374712206119033,-7.870494755111263,103.85473675808146,-32.13149774755959,0.534604221809267,3.282005147342416,0.0,0.0,1.0,1.0
89,global,US as Home,8.9,8.912589032344613,0.0,1.0,8.9,0.018967789768514702,0.7401534307632966,0.01896763662624623,0.5286231183642865,3.245286372045843,3.7739094904101296,0.1205149251358939,0.4057855676812902,0.3875417106595079,0.05166848805984464,0.13605474184878957,0.0516680708984586,4.171609568862016e-07,2.6723435708259498,8.083999999999996,3.0699752134133735,2.4786586618329074e-05,3.07,31.110666666666656,161.8533333333333,22.182166666666657,141.8372333333333,4.666599999999999,24.278,-1.568248382154934,-9.627681661631593,-0.8599269220134799,-0.8652745651287534,-0.8293251570277611,-25.678613627954157,-25.83830168732526,-24.764802373432914,-29.86139050958987,2.0574835086772936e-06,-10.208023120388857,-53.10727613105287,-2.3495559151437178,-7.911185106329735,105.40114493181176,-32.327330605257245,0.5286231183642865,3.245286372045843,0.0,0.0,1.0,1.0
90,global,US as Home,9.0,9.012311972567181,0.0,1.0,9.0,0.018967789768514702,0.7401534307632966,0.018967639409500282,0.5227737799978894,3.209376519777763,3.732150299775652,0.11918140464616427,0.4012954734599363,0.38325348817414706,0.05109676644591624,0.1345492703416244,0.05109636139822558,4.0504728155864504e-07,2.642773582683193,8.083999999999998,3.0699756638923192,2.4336107669317525e-05,3.07,31.11066666666666,161.85333333333332,22.182166666666664,141.8372333333333,4.666599999999999,24.278000000000002,-1.5683212078539415,-9.628128748110246,-0.8599269220134799,-0.8651054289034007,-0.8293251522338765,-25.714523480222237,-25.869377146975182,-24.799434177410955,-29.903149700224347,2.0200900714417713e-06,-10.259947744577042,-53.377414023807404,-2.3615072799147567,-7.951426523172617,106.94974279477599,-32.521012010275264,0.5227737799978894,3.209376519777763,0.0,0.0,1.0,1.0
91,global,US as Home,9.1,9.112043932977548,0.0,1.0,9.1,0.018967789768514702,0.7401534307632966,0.01896766366193465,0.517051905094099,3.17424918235582,3.691301087449919,0.11787695580710571,0.3969032663364477,0.37905875184595766,0.05053750875074218,0.13307661913387614,0.05053717275416742,3.359962901286098e-07,2.6138482403274743,8.084,3.069979589229663,2.0410770321187916e-05,3.07,31.110666666666667,161.85333333333332,22.182166666666667,141.83723333333333,4.6666,24.278000000000002,-1.5683908871697112,-9.628556518531223,-0.8599269220134799,-0.8649404248302845,-0.8293251364692388,-25.74965081764418,-25.899775140538647,-24.833310984585335,-29.943998912550082,1.694255133855016e-06,-10.311305582213699,-53.644602322377295,-2.373328188800354,-7.9912286822599,108.50048337216032,-32.71258751370737,0.517051905094099,3.17424918235582,0.0,0.0,1.0,1.0
92,global,US as Home,9.200000000000001,9.21178453132693,0.0,1.0,9.200000000000001,0.018967789768514702,0.7401534307632966,0.01896764260270578,0.5114534767762944,3.139879699649756,3.6513331764260504,0.11660064305100275,0.39260579616260727,0.3749544931553519,0.04999031386741156,0.1316357320208974,0.04998992600646053,3.878605675916012e-07,2.5855467981261127,8.083999999999998,3.0699761807232733,2.381927671871509e-05,3.07,31.110666666666667,161.8533333333333,22.182166666666664,141.8372333333333,4.6666,24.278,-1.5684575868268877,-9.628965996438895,-0.8599269220134798,-0.8647794210293323,-0.8293251269306168,-25.784020300350242,-25.92951746985299,-24.86645709184387,-29.98396682357395,1.9771888798425508e-06,-10.362108728960209,-53.908906708896296,-2.385021425829547,-8.030600957690288,110.05331592357632,-32.90210310633618,0.5114534767762944,3.139879699649756,0.0,0.0,1.0,1.0
93,global,US as Home,9.3,9.311533408164657,0.0,1.0,9.3,0.018967789768514702,0.7401534307632966,0.018967644682464986,0.5059747081207694,3.1062448232402935,3.6122195313610628,0.11535157024279095,0.3884000455638001,0.37093783038692857,0.04945479759501465,0.1302255973153415,0.04945441931155042,3.782830955648428e-07,2.5578493848409587,8.084,3.0699765173392333,2.348266075097231e-05,3.07,31.110666666666663,161.85333333333332,22.182166666666664,141.83723333333333,4.6666,24.278000000000002,-1.5685214623900836,-9.62935813686474,-0.8599269220134799,-0.8646223043288037,-0.8293251519612967,-25.817655176759708,-25.958625017843698,-24.898895772000227,-30.023080468638938,1.9492470079152113e-06,-10.41236890478463,-54.17038533323939,-2.396589688558945,-8.069552432401341,111.60819199364265,-33.089600526382895,0.5059747081207694,3.1062448232402935,0.0,0.0,1.0,1.0
94,global,US as Home,9.4,9.411290203612015,0.0,1.0,9.4,0.018967789768514702,0.7401534307632966,0.01896764630827284,0.5006115492908023,3.0733196906508122,3.5739312399416145,0.11412887890629117,0.3842831239665698,0.3670060029255467,0.04893059187817436,0.12884524584467802,0.04893022179844282,3.700793748752755e-07,2.5307369642962385,8.084,3.069976780481653,2.321951833567019e-05,3.07,31.110666666666667,161.85333333333332,22.182166666666664,141.8372333333333,4.6666,24.278,-1.568582664559327,-9.629733864975913,-0.8599269220134799,-0.8644688802190327,-0.8293251554461354,-25.850580309349187,-25.987117789859084,-24.930649319859018,-30.061368760058386,1.9274040410355298e-06,-10.462097458185234,-54.429098209108155,-2.4080355890448635,-8.108091901442744,113.1650772767475,-33.27512210995095,0.5006115492908023,3.0733196906508122,0.0,0.0,1.0,1.0
95,global,US as Home,9.5,9.511054587548713,0.0,1.0,9.5,0.018967789768514702,0.7401534307632966,0.018967648085000084,0.4953603589378101,3.0410819471667283,3.5364423061045382,0.11293174590819252,0.38025225980036215,0.3631563638086742,0.04841734381409799,0.12749374833653684,0.048416982151536156,3.616622176155221e-07,2.5041912840223213,8.083999999999998,3.0699770680508807,2.2931949114339826e-05,3.07,31.110666666666667,161.8533333333333,22.182166666666664,141.8372333333333,4.6666,24.278000000000002,-1.5686413318479866,-9.630094031124077,-0.85992692201348,-0.8643190127749403,-0.8293251314127402,-25.882818052833272,-26.01501496764114,-24.96173911236322,-30.09885769389546,1.9035334514194702e-06,-10.511305396530016,-54.68510257741814,-2.4193616608264885,-8.14622789548932,114.7239308496481,-33.458708446804515,0.4953603589378101,3.0410819471667283,0.0,0.0,1.0,1.0
96,global,US as Home,9.600000000000001,9.61082626075081,0.0,1.0,9.600000000000001,0.018967789768514702,0.7401534307632966,0.01896764967944408,0.49021796077691654,3.009512093160304,3.4997300539372205,0.11175938164510009,0.3763047943931374,0.3593863738964489,0.047914714875308254,0.1261702133719843,0.04791436099496912,3.538800061156592e-07,2.478194835054624,8.083999999999996,3.069977326116956,2.2673883034685837e-05,3.07,31.11066666666666,161.8533333333333,22.182166666666664,141.8372333333333,4.666600000000001,24.278000000000002,-1.5686975908439662,-9.63043941244891,-0.8599269220134799,-0.8641726371256445,-0.8293251363889391,-25.914387906839696,-26.04233495157339,-24.99218565567693,-30.13556994606278,1.882111865247893e-06,-10.560003400565883,-54.93845401852922,-2.4305703622654224,-8.183968692085584,116.28470181590838,-33.640398970871885,0.49021796077691654,3.009512093160304,0.0,0.0,1.0,1.0
97,global,US as Home,9.700000000000001,9.710604923369758,0.0,1.0,9.700000000000001,0.018967789768514702,0.7401534307632966,0.01896765164728407,0.4851809549457451,2.9785892564323206,3.4637702113780655,0.1106110287130565,0.37243817749151853,0.3556935975932382,0.047422380339225884,0.124873785883486,0.04742203501498875,3.453239167254426e-07,2.4527308224310804,8.083999999999996,3.069977644618418,2.2355381570885828e-05,3.07,31.110666666666656,161.8533333333333,22.18216666666666,141.83723333333327,4.666600000000001,24.278000000000002,-1.5687515643841117,-9.63077076306185,-0.8599269220134798,-0.864029619125127,-0.8293251550398446,-25.945310743567678,-26.069095391685433,-25.022008619738177,-30.171529788621935,1.855673651518508e-06,-10.608201822492449,-55.189206366870444,-2.4416640761023323,-8.221322314152959,117.8473532355572,-33.820231883756655,0.4851809549457451,2.9785892564323206,0.0,0.0,1.0,1.0
98,global,US as Home,9.8,9.810390281508322,0.0,1.0,9.8,0.018967789768514702,0.7401534307632966,0.018967653378936786,0.4802458655795405,2.9482920981950316,3.428537963774572,0.10948596020940972,0.3686499615430138,0.35207569738692973,0.04694002856012772,0.1236036452378086,0.046939691033681,3.375261374785224e-07,2.4277831275371162,8.083999999999998,3.069977924892182,2.207510780757834e-05,3.07,31.11066666666666,161.85333333333332,22.182166666666667,141.83723333333333,4.666600000000001,24.278000000000006,-1.568803370087807,-9.631088805043664,-0.8599269220134799,-0.8638897871916988,-0.8293251309861377,-25.975607901804967,-26.095313227225073,-25.051226882359742,-30.206762036225427,1.832408649482531e-06,-10.655910702419893,-55.43741188128675,-2.45264511324502,-8.258296542744565,119.41185707719804,-33.99824426554422,0.4802458655795405,2.9482920981950316,0.0,0.0,1.0,1.0
99,global,US as Home,9.9,9.910182083198098,0.0,1.0,9.9,0.018967789768514702,0.7401534307632966,0.01896765651713898,0.47540998427148945,2.9186039911852384,3.394013975456728,0.1083834778193479,0.36493779525319203,0.348530427695771,0.04646736014878475,0.12235900307582276,0.04646703370908136,3.264394111939075e-07,2.4033362656757458,8.083999999999998,3.069978432820668,2.156717933012568e-05,3.07,31.11066666666666,161.85333333333332,22.182166666666667,141.83723333333333,4.666599999999999,24.278,-1.568853111995647,-9.63139417711315,-0.8599269220134799,-0.863753105937661,-0.8293251338110398,-26.00529600881476,-26.12100473124843,-25.079858578922277,-30.24128602454327,1.7902464580776822e-06,-10.703139797813487,-55.68312125726366,-2.463515719545593,-8.294898939864622,120.97816339711022,-34.17447214266835,0.47540998427148945,2.9186039911852384,0.0,0.0,1.0,1.0
