,tax_sce,regionbase,varphi,pe,tb,prop,te,jxbar_prime,jmbar_prime,j0_prime,Qe_prime,Qestar_prime,Qeworld_prime,Ced_prime,Cedstar_prime,Cey_prime,Cex_prime,Cem_prime,Cex1_prime,Cex2_prime,Ceystar_prime,Vgm_prime,Vgx1_prime,Vgx2_prime,Vgx_prime,Vg_prime,Vgstar_prime,Lg_prime,Lgstar_prime,Ve_prime,Vestar_prime,delta_Le,delta_Lestar,leakage1,leakage2,leakage3,chg_extraction,chg_production,chg_consumption,chg_Qeworld,subsidy_ratio,delta_Vg,delta_Vgstar,delta_UCed,delta_UCedstar,leak,leakstar,welfare,welfare_noexternality,Qe1_prime,Qe1star_prime,Qe2_prime,Qe2star_prime,region_scenario,conv
0,global,OECD37 as Home,0.0,1.0,0.0,1.0,0.0,0.057913183842328936,0.7795968539285809,0.05791045613717297,9.30397,24.33133,33.6353,2.5272,2.1634999999999995,8.7523,1.0261,2.4744,1.0260516707928171,4.8328905150992165e-05,16.691800000000004,16.496,6.840344471952113,0.00032219471455299185,6.840666666666666,74.84466666666665,118.11933333333334,55.410933333333325,108.60846666666669,11.226700000000001,17.717900000000004,0.0,0.0,,inf,,0.0,-2.163499999999999,0.0,0.0,1.2499019644174325e-05,-0.0,-8.550014780660313e-05,-0.0,-0.0,0.0,0.0,-4.430885959081174e-05,-4.430885959081174e-05,9.30397,24.33133,0.0,0.0,3.0,1.0
1,global,OECD37 as Home,0.1,1.0344690848338207,0.0,1.0,0.1,0.057913183842328936,0.7795968539285809,0.057909019350372945,8.993956245252322,23.520595768128576,32.5145520133809,2.4429922914573856,2.0914109775910306,8.460668499731904,0.9919097777241305,2.391951616802055,0.991838450264365,7.132677920441093e-05,16.135619947193884,16.496,6.840174759653152,0.0004919070135087425,6.840666666666666,74.84466666666665,118.11933333333334,55.410933333333325,108.60846666666669,11.226699999999997,17.7179,-0.2997986461545452,-0.7840201326035522,-0.7233867395266289,-2.5002306222802972,-0.591086761163283,-0.8107342318714252,-2.8021284360040646,-0.6624592974909547,-1.1207479866191008,1.908289146523856e-05,-0.38045415476368916,-0.6005606420428312,-0.08564259665964029,-0.07331740973137532,0.0,0.0,0.02897886353022195,-0.02910181403756793,8.993956245252322,23.520595768128576,0.0,0.0,3.0,1.0
2,global,OECD37 as Home,0.2,1.0713077183688875,0.0,1.0,0.2,0.057913183842328936,0.7795968539285809,0.057910311138634755,8.684685221633464,22.711803893788026,31.39648911542149,2.358986084640342,2.0194944579453065,8.169734848289675,0.9578013696776887,2.309700525417087,0.9577538592603637,4.751010462624905e-05,15.580770784900155,16.496,6.8403273448214446,0.00033932184521668295,6.840666666666666,74.84466666666667,118.11933333333336,55.410933333333325,108.60846666666666,11.226700000000001,17.717900000000004,-0.5789789115955165,-1.5141199897539803,-0.7233867395266274,-1.536185442626273,-0.5910876155696331,-1.6195261062119748,-3.4392286896827606,-1.323333387476854,-2.2388108845785126,1.3163449900766011e-05,-0.7732958699231671,-1.2205002185324383,-0.17407371021491913,-0.14902202914291607,0.0,0.0,0.11606789372720963,-0.115976517103672,8.684685221633464,22.711803893788026,0.0,0.0,3.0,1.0
3,global,OECD37 as Home,0.30000000000000004,1.1106592607100194,0.0,1.0,0.30000000000000004,0.057913183842328936,0.7795968539285809,0.05791054581945032,8.376979941283043,21.907106681850692,30.284086623133735,2.275405328529308,1.9479421606019138,7.880274634728972,0.9238657041800896,2.227865995929455,0.9238236208632574,4.2083062480815996e-05,15.02873166458749,16.496,6.8403550651629255,0.0003116015037367969,6.840666666666666,74.84466666666665,118.11933333333334,55.410933333333325,108.60846666666667,11.226699999999996,17.7179,-0.8376978779389421,-2.190710364331798,-0.7233867395266281,-1.2154112201867113,-0.5910875399055675,-2.424223318149309,-4.073102339483057,-1.9808604706305104,-3.3512133768662657,1.208806696828546e-05,-1.1782844625584363,-1.859643047766286,-0.26523916144349424,-0.2270674761724437,0.0,0.0,0.26094924824835686,-0.2600619315882342,8.376979941283043,21.907106681850692,0.0,0.0,3.0,1.0
4,global,OECD37 as Home,0.4,1.1526590715842406,0.0,1.0,0.4,0.057913183842328936,0.7795968539285809,0.05791083320619032,8.071745338839008,21.1088706772758,29.180616016114808,2.192495649669038,1.8769643629546386,7.593138522712221,0.8902025111290758,2.1466885230852597,0.8901663787313294,3.6132203153816766e-05,14.481124914983248,16.496,6.8403890110930625,0.0002776555736037526,6.840666666666666,74.84466666666665,118.11933333333334,55.41093333333333,108.60846666666667,11.2267,17.717900000000004,-1.0762325490683367,-2.8145156646165983,-0.7233867395266285,-1.0554927305596888,-0.5910875430127711,-3.2224593227242018,-4.701886561931495,-2.6331082109330417,-4.454683983885193,1.0771172544110641e-05,-1.5949942149283989,-2.517282477849005,-0.35904311863388594,-0.30737171065385094,0.0,0.0,0.46326272526163637,-0.4601600860161549,8.071745338839008,21.1088706772758,0.0,0.0,3.0,1.0
5,global,OECD37 as Home,0.5,1.1974293171211121,0.0,1.0,0.5,0.057913183842328936,0.7795968539285809,0.057911092969001744,7.769953166239393,20.319637162664492,28.089590328903885,2.1105212340014807,1.8067872308334136,7.309241451547625,0.8569190559547797,2.066426773272105,0.8568881181081827,3.093769839285635e-05,13.939695447018805,16.496,6.840419694103173,0.0002469725634865765,6.840666666666666,74.84466666666665,118.11933333333334,55.410933333333325,108.60846666666667,11.2267,17.717900000000004,-1.2949922897355455,-3.3866064431647107,-0.7233867395266282,-0.9599452721903637,-0.591087247729127,-4.011692837335509,-5.323577779709094,-3.2779982661930056,-5.545709671096116,9.580863241320792e-06,-2.0227933862727343,-3.1924240178411,-0.45534337301152117,-0.3898129896764901,0.0,0.0,0.7224558993628177,-0.7145244884546288,7.769953166239393,20.319637162664492,0.0,0.0,3.0,1.0
6,global,OECD37 as Home,0.6000000000000001,1.245074060725131,0.0,1.0,0.6000000000000001,0.057913183842328936,0.7795968539285809,0.05791144870316997,7.472623317005642,19.54207331835323,27.01469663535887,2.0297587747737347,1.737647637394339,7.029541676342258,0.824127682334334,1.9873516588715292,0.8241029906127132,2.469162346176546e-05,13.406270780614207,16.496,6.8404617131859675,0.0002049534806909304,6.840666666666666,74.84466666666665,118.11933333333333,55.41093333333332,108.60846666666666,11.2267,17.7179,-1.4945248442099577,-3.9084151365138835,-0.7233867395266284,-0.8966067340957574,-0.5910871991754253,-4.789256681646773,-5.936077560514267,-3.913353899657123,-6.620603364641131,7.95079089677131e-06,-2.46083667123641,-3.8837297385975553,-0.5539496410831909,-0.4742284142463925,0.0,0.0,1.0377881544459036,-1.0208144961960186,7.472623317005642,19.54207331835323,0.0,0.0,3.0,1.0
7,global,OECD37 as Home,0.7000000000000001,1.2956738764232105,0.0,1.0,0.7000000000000001,0.057913183842328936,0.7795968539285809,0.05791166738756676,7.1807958271059835,18.778899000312624,25.95969482741861,1.9504908187054717,1.669787466868189,6.755017724183246,0.7919431105862949,1.9097398234428693,0.7919223735827019,2.0736931545761498e-05,12.882717097051282,16.495999999999995,6.840487544041127,0.00017912262552894444,6.840666666666666,74.84466666666665,118.11933333333333,55.41093333333332,108.60846666666666,11.2267,17.717900000000004,-1.6755191712880544,-4.381743479174609,-0.7233867395266285,-0.8516909002638684,-0.5910872463452168,-5.5524309996873775,-6.537243079505851,-4.536952325494237,-7.675605172581392,6.948721854360684e-06,-2.9080625160258604,-4.589531607354283,-0.6546229604871042,-0.5604134120820868,0.0,0.0,1.408322679525882,-1.376094942832161,7.1807958271059835,18.778899000312624,0.0,0.0,3.0,1.0
8,global,OECD37 as Home,0.8,1.3492814670276612,0.0,1.0,0.8,0.057913183842328936,0.7795968539285809,0.05791180437586461,6.89550018363287,18.032806477560865,24.928306661193734,1.8729968963163643,1.6034460213597868,6.486637676333378,0.7604788363842281,1.8338649573619863,0.7604607221141773,1.811421280121523e-05,12.370880656035729,16.496,6.840503725007543,0.00016294165911640463,6.840666666666666,74.84466666666665,118.11933333333334,55.41093333333332,108.60846666666666,11.2267,17.717900000000004,-1.8387998477482104,-4.808747867793153,-0.7233867395266282,-0.8183024965514814,-0.5910874495886383,-6.298523522439137,-7.124954386602287,-5.146594486220259,-8.706993338806267,6.321006979836952e-06,-3.3632072638888757,-5.307833594735265,-0.7570788742283979,-0.6481244635933596,0.0,0.0,1.832931629806856,-1.776858108716917,6.89550018363287,18.032806477560865,0.0,0.0,3.0,1.0
9,global,OECD37 as Home,0.9,1.4059178995029136,0.0,1.0,0.9,0.057913183842328936,0.7795968539285809,0.05791197609341361,6.617719024804808,17.30636550201731,23.92408452682212,1.7975445087465882,1.5388523047931477,6.2253279534278105,0.7298434712032582,1.759988972951313,0.7298282507024634,1.5220458679051534e-05,11.872528264916234,16.496000000000002,6.840524008169953,0.0001426584967118575,6.840666666666666,74.84466666666665,118.11933333333334,55.41093333333333,108.60846666666669,11.2267,17.717900000000004,-1.985315830490094,-5.191909972396573,-0.7233867395266284,-0.7926075560151941,-0.5910872820134181,-7.02496449798269,-7.6971827621324564,-5.740175959087363,-9.71121547317788,5.534155343545066e-06,-3.8248288993868598,-6.036356272624659,-0.860992775662526,-0.737083677645566,0.0,0.0,2.310305602820799,-2.2190853332398603,6.617719024804808,17.30636550201731,0.0,0.0,3.0,1.0
10,global,OECD37 as Home,1.0,1.4655712509129033,0.0,1.0,1.0,0.057913183842328936,0.7795968539285809,0.057912054118842614,6.348357546766632,16.601943302522404,22.950300849289036,1.7243788034364136,1.4762161844075181,5.971937559875167,0.7001365504139379,1.6883518958622434,0.7001228927171553,1.3657661432789912e-05,11.389279088002507,16.495999999999995,6.84053322448161,0.0001334421850545387,6.840666666666666,74.84466666666665,118.11933333333333,55.41093333333332,108.60846666666666,11.226700000000001,17.717900000000004,-2.1161190785698296,-5.5339808296865165,-0.7233867395266282,-0.7723041340238357,-0.5910873822349156,-7.729386697477597,-8.252069016135252,-6.315768177176041,-10.684999150710965,5.176624341407532e-06,-4.291351051022636,-6.772615847848764,-0.9660098137604465,-0.8269872713163681,0.0,0.0,2.838941499460581,-2.6983603551397404,6.348357546766632,16.601943302522404,0.0,0.0,3.0,1.0
11,global,OECD37 as Home,1.1,1.5281955781245147,0.0,1.0,1.1,0.057913183842328936,0.7795968539285809,0.057912134764838724,6.088206724366118,15.921608401442725,22.009815125808842,1.6537150324054193,1.4157219343974057,5.727211965068831,0.6714454711741059,1.6191644809211654,0.6714333081693636,1.2162975508246559e-05,10.922554834561879,16.496,6.840542750332907,0.0001239163337588076,6.840666666666666,74.84466666666665,118.11933333333334,55.410933333333325,108.60846666666666,11.2267,17.717900000000004,-2.232342267306164,-5.837922561957368,-0.7233867395266282,-0.7559237984151934,-0.5910874113407427,-8.409721598557276,-8.787980684516958,-6.871677759866612,-11.625484874191159,4.80708562067278e-06,-4.761105142554551,-7.5139759660374805,-1.0717543816316333,-0.9175136928854218,0.0,0.0,3.417191293590897,-3.209968882198512,6.088206724366118,15.921608401442725,0.0,0.0,3.0,1.0
12,global,OECD37 as Home,1.2000000000000002,1.5937129840945483,0.0,1.0,1.2000000000000002,0.057913183842328936,0.7795968539285809,0.05791219255991511,5.837920413450319,15.267070733611154,21.104991147061472,1.5857309473046697,1.3575217254248386,5.491766765627832,0.6438424046491458,1.5526007660694343,0.6438313841938599,1.1020430257512515e-05,10.473529529210227,16.496,6.840549577048799,0.00011708961786551052,6.840666666666666,74.84466666666665,118.11933333333333,55.41093333333331,108.60846666666664,11.2267,17.7179,-2.3351683110379984,-6.10682867436247,-0.7233867395266282,-0.7424852662381525,-0.5910872930302006,-9.064259266388847,-9.303569704720342,-7.406506340715792,-12.530308852938528,4.542255344741619e-06,-5.232388820330084,-8.257750782880988,-1.177843268880277,-1.0083348813795814,0.0,0.0,4.043267063004401,-3.749052034612893,5.837920413450319,15.267070733611154,0.0,0.0,3.0,1.0
13,global,OECD37 as Home,1.3,1.66201703530072,0.0,1.0,1.3,0.057913183842328936,0.7795968539285809,0.05791223189412599,5.597998852339489,14.639638500112682,20.23763735245217,1.5205620317500155,1.3017315430876693,5.266071173823069,0.6173823602321505,1.4887934043060456,0.617372212007008,1.0148203009876354e-05,10.043098022145028,16.496,6.8405542231795655,0.00011244348709817764,6.840666666666666,74.84466666666665,118.11933333333333,55.41093333333333,108.6084666666667,11.2267,17.717900000000004,-2.4257996839530747,-6.343843824104976,-0.7233867395266284,-0.7313073057069562,-0.5910872876012147,-9.69169149988732,-9.797808573548929,-7.919188074535155,-13.397662647547829,4.362017083980874e-06,-5.703522251086382,-9.00128905957934,-1.283898334590352,-1.0991271157352904,0.0,0.0,4.7152671943361595,-4.310748768129468,5.597998852339489,14.639638500112682,0.0,0.0,3.0,1.0
14,global,OECD37 as Home,1.4000000000000001,1.7329770612203697,0.0,1.0,1.4000000000000001,0.057913183842328936,0.7795968539285809,0.05791225558141964,5.3687781631505835,14.04019071261093,19.408968875761513,1.4582997412673977,1.2484296811617654,5.050441922085566,0.5921024709221575,1.4278319404052107,0.5920929804134065,9.490488567527168e-06,9.631864364232017,16.495999999999995,6.8405570211069,0.00010964555975998028,6.840666666666666,74.84466666666665,118.11933333333334,55.41093333333332,108.60846666666666,11.226700000000001,17.717900000000004,-2.505430008296675,-6.552089519180429,-0.7233867395266282,-0.7219010724321595,-0.5910872880891266,-10.291139287389072,-10.270003695362774,-8.409003483684064,-14.226331124238488,4.2534765808399655e-06,-6.172897419588424,-9.742052949448665,-1.3895576045306146,-1.18958051495805,0.0,0.0,5.43121753948159,-4.890326154644715,5.3687781631505835,14.04019071261093,0.0,0.0,3.0,1.0
15,global,OECD37 as Home,1.5,1.8064439559361896,0.0,1.0,1.5,0.057913183842328936,0.7795968539285809,0.0579122636178688,5.150434060673704,13.469186892637435,18.619620953311138,1.3989916441610715,1.1976568621962953,4.845043750866946,0.5680220505198146,1.3697629488414669,0.5680130248066676,9.025694118056131e-06,9.240142737419982,16.496,6.840557970366918,0.00010869629974132204,6.840666666666666,74.84466666666665,118.11933333333334,55.41093333333333,108.60846666666669,11.226700000000001,17.717900000000004,-2.5752168705528855,-6.734593028458771,-0.7233867395266282,-0.7139067291200791,-0.5910873775516055,-10.862143107362566,-10.719794313738554,-8.875578349863911,-15.015679046688863,4.2166517713049245e-06,-6.639024091313727,-10.477690574834494,-1.4944856176408068,-1.279407895602202,0.0,0.0,6.189092416022522,-5.483301693776867,5.150434060673704,13.469186892637435,0.0,0.0,3.0,1.0
16,global,OECD37 as Home,1.6,1.882255657889536,0.0,1.0,1.6,0.057913183842328936,0.7795968539285809,0.05791228074871635,4.942988834881081,12.926685331939712,17.869674166820793,1.34264439020659,1.1494187789695935,4.649899689935555,0.5451437989834527,1.3145929404586838,0.5451352980541282,8.500911735853158e-06,8.867977062539712,16.495999999999995,6.840559993851209,0.00010667281545302432,6.840666666666666,74.84466666666665,118.11933333333333,55.41093333333332,108.60846666666664,11.226699999999997,17.7179,-2.636261144823336,-6.89423330910078,-0.7233867395266282,-0.7070528068439982,-0.5910872462731824,-11.404644668060289,-11.147129997001606,-9.318860359507244,-15.765625833179207,4.138154403698913e-06,-7.100560779792097,-11.206084035460588,-1.598380396972448,-1.3683507394942585,0.0,0.0,6.986857566847439,-6.085529683150867,4.942988834881081,12.926685331939712,0.0,0.0,3.0,1.0
17,global,OECD37 as Home,1.7000000000000002,1.9602435857167975,0.0,1.0,1.7000000000000002,0.057913183842328936,0.7795968539285809,0.05791222999383947,4.746334242041475,12.412402956309082,17.158737198350558,1.2892275319324078,1.1036893658340312,4.464904292391585,0.5234553539553038,1.262292103914827,0.5234467324797512,8.621456711623848e-06,8.51516623833071,16.496000000000002,6.840553998718989,0.00011266794767077756,6.840666666666666,74.84466666666667,118.11933333333334,55.410933333333325,108.60846666666666,11.226700000000003,17.717900000000007,-2.689588985946903,-7.033693915762783,-0.7233867395266284,-0.7011317710389201,-0.5910874227302427,-11.91892704369092,-11.552241657754465,-9.739089041879957,-16.476562801649443,4.370724625224476e-06,-7.556340867674716,-11.925394596875703,-1.700979329703969,-1.456184227530285,0.0,0.0,7.822464626940298,-6.693277564765953,4.746334242041475,12.412402956309082,0.0,0.0,3.0,1.0
18,global,OECD37 as Home,1.8,2.0402365149165904,0.0,1.0,1.8,0.057913183842328936,0.7795968539285809,0.05791223071070744,4.5602411675495915,11.92574059538395,16.48598176293354,1.2386799184913706,1.0604162724185182,4.289845778178229,0.5029318868170287,1.212800565968284,0.5029236095949355,8.27720401839627e-06,8.181306372061673,16.496000000000002,6.840554083394956,0.00011258327171253331,6.840666666666666,74.84466666666667,118.11933333333336,55.41093333333333,108.60846666666669,11.226699999999997,17.7179,-2.736144518242907,-7.155443880521885,-0.7233867395266284,-0.6959806154959857,-0.5910873731874231,-12.405589404616052,-11.935593061970046,-10.136745468702783,-17.14931823706646,4.367439774610737e-06,-8.005375141241217,-12.634057347582202,-1.8020597376740095,-1.5427177281013447,0.0,0.0,8.6939280233026,-7.303238715943904,4.5602411675495915,11.92574059538395,0.0,0.0,3.0,1.0
19,global,OECD37 as Home,1.9000000000000001,2.1220660446447424,0.0,1.0,1.9000000000000001,0.057913183842328936,0.7795968539285809,0.05791218140190538,4.384392033355724,11.465867733123508,15.850259766479232,1.1909148663764053,1.0195252902047136,4.124423941510846,0.4835382021165042,1.166033454163413,0.4835298323773882,8.369719893546075e-06,7.865824931379268,16.496,6.840548259072128,0.00011840759453713574,6.840666666666666,74.84466666666665,118.11933333333334,55.410933333333325,108.60846666666669,11.226700000000001,17.717900000000004,-2.776781800993592,-7.261716701361829,-0.7233867395266284,-0.6914711157795798,-0.5910873092367718,-12.865462266876493,-12.297841614457322,-10.512511576299518,-17.785040233520768,4.593383886808411e-06,-8.44685864833777,-13.33080509912559,-1.9014404211459484,-1.6277961186883738,0.0,0.0,9.599290364392932,-7.912564926588522,4.384392033355724,11.465867733123508,0.0,0.0,3.0,1.0
20,global,OECD37 as Home,2.0,2.205569403368105,0.0,1.0,2.0,0.057913183842328936,0.7795968539285809,0.05791218090712548,4.218397870418306,11.03176715492903,15.250165025347336,1.1458265589560392,0.9809258310784229,3.9682723140040124,0.46523133592307364,1.1218871626625606,0.46522327908948946,8.056815071296906e-06,7.568023012338721,16.496,6.8405482006290566,0.00011846603760714876,6.840666666666666,74.84466666666665,118.11933333333333,55.410933333333325,108.60846666666666,11.226699999999997,17.7179,-2.812265488869608,-7.354512069288461,-0.7233867395266282,-0.6875005183494723,-0.591087301542375,-13.299562845070971,-12.63978982499872,-10.867219820659784,-18.385134974652665,4.5956510811295814e-06,-8.880159252297315,-14.014637119666697,-1.9989790822241422,-1.7112975800854426,0.0,0.0,10.536667188278544,-8.518840548555955,4.218397870418306,11.03176715492903,0.0,0.0,3.0,1.0
21,global,OECD37 as Home,2.1,2.290591908970547,0.0,1.0,2.1,0.057913183842328936,0.7795968539285809,0.05791205116183833,4.061818668836019,10.622288166407449,14.684106835243469,1.1032956111050751,0.9445156911308283,3.8209774363227877,0.4479628151926708,1.08024480061665,0.4479540538242288,8.76134570569578e-06,7.287112093005578,16.496000000000002,6.840532875202235,0.00013379146443207287,6.840666666666666,74.84466666666667,118.11933333333334,55.41093333333334,108.6084666666667,11.226700000000001,17.717900000000004,-2.8432734086714455,-7.435602606909717,-0.7233867395266284,-0.6839855936081006,-0.5910872895065462,-13.709041833592552,-12.962343106377775,-11.201809400670925,-18.951193164756532,5.190174029667816e-06,-9.304804142575033,-14.684812804335698,-2.0945692883140743,-1.7931309968611502,0.0,0.0,11.504251792813108,-9.120064476536987,4.061818668836019,10.622288166407449,0.0,0.0,3.0,1.0
22,global,OECD37 as Home,2.2,2.3769887555257228,0.0,1.0,2.2,0.057913183842328936,0.7795968539285809,0.057912035030303455,3.9141831151093776,10.236198209383119,14.150381324492496,1.063193923036062,0.9101852059546216,3.682095668165767,0.43168062853248784,1.0409809445870657,0.4316720653718339,8.563138115414273e-06,7.022246092328801,16.496000000000002,6.840530969756091,0.00013569691056529727,6.840666666666666,74.84466666666667,118.11933333333334,55.41093333333334,108.6084666666667,11.226700000000001,17.717900000000004,-2.870401200518998,-7.506546005868884,-0.7233867395266284,-0.6808585236622035,-0.5910873052634957,-14.095131790616882,-13.266472963084137,-11.517288073184094,-19.484918675507505,5.2640925204405775e-06,-9.720463707776066,-15.340804350114396,-2.188136841840583,-1.8732328495259971,0.0,0.0,12.500326767297167,-9.71460507808151,3.9141831151093776,10.236198209383119,0.0,0.0,3.0,1.0
23,global,OECD37 as Home,2.3000000000000003,2.4646258098537532,0.0,1.0,2.3000000000000003,0.057913183842328936,0.7795968539285809,0.05791192559099246,3.7750026739001443,9.872219687890954,13.647222361791098,1.0253889210670726,0.8778208811050218,3.5511678750614672,0.416330948048007,1.0039657907123951,0.4163219026297267,9.045392204567426e-06,6.772549379814565,16.496000000000002,6.840518042857635,0.0001486238090279146,6.840666666666666,74.84466666666667,118.11933333333337,55.410933333333325,108.60846666666669,11.226700000000001,17.717900000000007,-2.894169042536368,-7.568702612942261,-0.7233867395266282,-0.6780634473604896,-0.591087297382096,-14.459110312109047,-13.553184829473043,-11.81469879103241,-19.988077638208903,5.765569575544305e-06,-10.126932408445786,-15.98229386203681,-2.279635474593977,-1.9515635285232935,0.0,0.0,13.523260789452554,-10.301172041479886,3.7750026739001443,9.872219687890954,0.0,0.0,3.0,1.0
24,global,OECD37 as Home,2.4000000000000004,2.553380093981036,0.0,1.0,2.4000000000000004,0.057913183842328936,0.7795968539285809,0.057911959481674886,3.643785481985437,9.529066303029431,13.172851785014869,0.9897468872563278,0.847308242552653,3.427730959691974,0.40185948124949267,0.9690684147780378,0.40185098541305864,8.495812602311893e-06,6.537138767293912,16.495999999999995,6.84052204600245,0.0001446206642068574,6.840666666666666,74.84466666666664,118.11933333333332,55.41093333333331,108.60846666666664,11.2267,17.7179,-2.915028613442113,-7.6232536382966085,-0.7233867395266284,-0.6755541992186832,-0.5910873118323361,-14.80226369697057,-13.823492817928052,-12.095093508903945,-20.46244821498513,5.610274308009977e-06,-10.524110755873087,-16.609116910277745,-2.3690427910465655,-2.028103861360099,0.0,0.0,14.571517821534375,-10.878760839751832,3.643785481985437,9.529066303029431,0.0,0.0,3.0,1.0
25,global,OECD37 as Home,2.5,2.6431396203434847,0.0,1.0,2.5,0.057913183842328936,0.7795968539285809,0.057911964267223705,3.5200451325746713,9.205466025316944,12.725511157891615,0.9561356428350849,0.8185341339322989,3.3113271552649226,0.3882125605860559,0.9361593995849691,0.3882043853426482,8.175220565039857e-06,6.315141232618974,16.496,6.840522611268286,0.00014405539838063743,6.840666666666666,74.84466666666665,118.11933333333334,55.41093333333332,108.60846666666666,11.2267,17.7179,-2.9333706920437765,-7.671221029350429,-0.7233867395266284,-0.6732922782770915,-0.591087368992122,-15.125863974683057,-14.07839936779606,-12.359512072862675,-20.909788842108384,5.588345775908721e-06,-10.911987090934668,-17.221260499484178,-2.456356166657172,-2.1028516012040166,0.0,0.0,15.643647762476498,-11.446624052613858,3.5200451325746713,9.205466025316944,0.0,0.0,3.0,1.0
26,global,OECD37 as Home,2.6,2.7338029379040307,0.0,1.0,2.6,0.057913183842328936,0.7795968539285809,0.05791184843062787,3.403306992428841,8.900177614942185,12.303484607371026,0.9244265433182868,0.7913884245287721,3.201510935060399,0.37533795350541865,0.9051127883771639,0.3753292986420229,8.654836915638127e-06,6.105707097087758,16.496,6.84050892872681,0.00015773793984739563,6.840666666666666,74.84466666666667,118.11933333333336,55.41093333333332,108.60846666666666,11.2267,17.717900000000004,-2.9495325086078963,-7.7134866957510155,-0.7233867395266282,-0.6712452667991327,-0.5910873637709697,-15.431152385057816,-14.31888011453508,-12.608966524878054,-21.331815392628975,6.119137173965505e-06,-11.290620983479789,-17.8188215109873,-2.5415890109693966,-2.175818227774726,0.0,0.0,16.738298072170483,-12.00422385981441,3.403306992428841,8.900177614942185,0.0,0.0,3.0,1.0
27,global,OECD37 as Home,2.7,2.825278767151194,0.0,1.0,2.7,0.057913183842328936,0.7795968539285809,0.05791162331961407,3.2931160593178097,8.612011170238212,11.905127229556022,0.8944958031692728,0.7657651433035458,3.0978536000626877,0.3631854002975588,0.8758073818305033,0.3631756139409942,9.78632157528501e-06,5.908018774667959,16.496,6.840482338763934,0.00018432790272693926,6.840666666666666,74.84466666666665,118.11933333333333,55.41093333333331,108.60846666666664,11.226699999999997,17.7179,-2.9638041600009553,-7.750809285966748,-0.7233867395266284,-0.6693860190235545,-0.5910873704235398,-15.71931882976179,-14.54587384350154,-12.844430681730937,-21.73017277044398,7.150652522436296e-06,-11.660129637641301,-18.40198455983914,-2.6247677073625444,-2.2470263275082556,0.0,0.0,17.854196479040258,-12.55119855847904,3.2931160593178097,8.612011170238212,0.0,0.0,3.0,1.0
28,global,OECD37 as Home,2.8000000000000003,2.917485113487673,0.0,1.0,2.8000000000000003,0.057913183842328936,0.7795968539285809,0.05791146169079772,3.1890382018674703,8.339831370075789,11.52886957194326,0.8662254995977987,0.741563338231971,2.999946755353677,0.3517070216592676,0.8481277208787563,0.3516965630254004,1.0458592601659722e-05,5.7212974019414915,16.496,6.8404632472759,0.00020341939075939631,6.840666666666666,74.84466666666665,118.11933333333334,55.410933333333325,108.60846666666669,11.2267,17.7179,-2.9764351616456914,-7.783841321672863,-0.7233867395266284,-0.6676914631340258,-0.5910873888343045,-15.991498629924212,-14.760274877179754,-13.066832238167272,-22.10643042805674,7.891278121952006e-06,-12.020674482912323,-18.970998997874478,-2.705928594619613,-2.3165070095202327,0.0,0.0,18.99016013191619,-13.087328518069747,3.1890382018674703,8.339831370075789,0.0,0.0,3.0,1.0
29,global,OECD37 as Home,2.9000000000000004,3.010348518460218,0.0,1.0,2.9000000000000004,0.057913183842328936,0.7795968539285809,0.05791194128136144,3.090662300562182,8.08256307291808,11.173225373480262,0.8395041253537825,0.7186875495421446,2.9074042245702394,0.34085754314083416,0.8219646279579769,0.34085022984443974,7.313275574857397e-06,5.544806489229292,16.496,6.840519896193559,0.00014677047310140078,6.840666666666666,74.84466666666665,118.11933333333334,55.41093333333332,108.60846666666666,11.226699999999997,17.7179,-2.9876399980240387,-7.813143713180743,-0.7233867395266284,-0.6661418916820276,-0.5910873612009218,-16.24876692708192,-14.962928882812733,-13.277048418087732,-22.462074626519737,5.693672519124782e-06,-12.372450511358078,-19.52615445100053,-2.785115566667331,-2.384297850777449,0.0,0.0,20.145095327785832,-13.612505269686872,3.090662300562182,8.08256307291808,0.0,0.0,3.0,1.0
30,global,OECD37 as Home,3.0,3.1038033847353685,0.0,1.0,3.0,0.057913183842328936,0.7795968539285809,0.05791201599235289,2.997602613978781,7.83919750489096,10.836800118869741,0.8142268329330629,0.6970480187759897,2.819862895647375,0.33059439429907245,0.7972154461101499,0.3305877276882967,6.666592938226875e-06,5.37785353353597,16.496,6.840528721006062,0.00013794566060533464,6.840666666666666,74.84466666666665,118.11933333333334,55.41093333333332,108.60846666666666,11.2267,17.717900000000004,-2.9976029008591376,-7.839198255127754,-0.7233867395266281,-0.6647205342179985,-0.5910873137992133,-16.49213249510904,-15.154631020353882,-13.475904053388971,-22.79849988113026,5.351328909997122e-06,-12.715677661485724,-20.067830814696514,-2.862378133031677,-2.450441235681399,0.0,0.0,21.317952029644076,-14.126742132681944,2.997602613978781,7.83919750489096,0.0,0.0,3.0,1.0
31,global,OECD37 as Home,3.1,3.1977911896236693,0.0,1.0,3.1,0.057913183842328936,0.7795968539285809,0.05791213036536249,2.909498690299155,7.608792028374612,10.518290718673768,0.7902955040342745,0.6765607482502978,2.7369829613640313,0.3208777368983733,0.773784106988924,0.32087189993203086,5.836952254275709e-06,5.219790477302668,16.496,6.840542230669707,0.00012443599695784738,6.840666666666666,74.84466666666665,118.11933333333333,55.41093333333332,108.60846666666664,11.2267,17.7179,-3.006482220622379,-7.862419058648718,-0.7233867395266284,-0.6634130405483217,-0.591087318920034,-16.72253797162539,-15.33612541570841,-13.664171037548664,-23.117009281326233,4.827245035587957e-06,-13.050593254657334,-20.59638869369657,-2.937769716227388,-2.5149828984876357,0.0,0.0,22.507771132601686,-14.630103689702636,2.909498690299155,7.608792028374612,0.0,0.0,3.0,1.0
32,global,OECD37 as Home,3.2,3.2922596423969246,0.0,1.0,3.2,0.057913183842328936,0.7795968539285809,0.057911848904432225,2.8260131920284564,7.390464453303025,10.216477645331482,0.7676186797223794,0.6571474412707214,2.658447677482661,0.31167043655552923,0.7515810624822157,0.31166325234203174,7.184191524758233e-06,5.070013247147046,16.496,6.840508984692265,0.0001576819743959114,6.840666666666666,74.84466666666665,118.11933333333336,55.41093333333334,108.6084666666667,11.2267,17.717900000000004,-3.014414344498154,-7.883162797463694,-0.7233867395266282,-0.6622068973198908,-0.5910873170899306,-16.940865546696976,-15.50810569037074,-13.842568875026707,-23.41882235466852,6.116966085989439e-06,-13.377445514527485,-21.11223348350971,-3.01134619294306,-2.5779706744350697,0.0,0.0,23.71365270801069,-15.122726893852487,2.8260131920284564,7.390464453303025,0.0,0.0,3.0,1.0
33,global,OECD37 as Home,3.3000000000000003,3.3871621810878283,0.0,1.0,3.3000000000000003,0.057913183842328936,0.7795968539285809,0.05791195962342548,2.746833567185415,7.183397407586816,9.93023097477223,0.7461113064235853,0.6387352846816343,2.583962483068671,0.3029379596079617,0.7305230360139757,0.30293155584370424,6.403746296320473e-06,4.9279600761954745,16.495999999999995,6.840522062745935,0.00014460392073227098,6.840666666666666,74.84466666666665,118.11933333333333,55.41093333333332,108.60846666666666,11.2267,17.717900000000004,-3.0215166650662866,-7.9017364714446945,-0.7233867395266282,-0.6610913839193082,-0.5910873604545557,-17.147932592413184,-15.671216887790553,-14.011766679514931,-23.705069025227772,5.609624772806576e-06,-13.69648930681718,-21.615742711082085,-3.0831649350377557,-2.639453678756799,0.0,0.0,24.934770365492437,-15.604774722322718,2.746833567185415,7.183397407586816,0.0,0.0,3.0,1.0
34,global,OECD37 as Home,3.4000000000000004,3.4824571840405762,0.0,1.0,3.4000000000000004,0.057913183842328936,0.7795968539285809,0.05791189310874941,2.6716683833613715,6.986828750106894,9.658497133468266,0.7256944928373179,0.6212567407619249,2.513254158618256,0.2946482744145188,0.7105327845349239,0.29464170747420054,6.566920898897545e-06,4.793109898520871,16.496,6.840514206076741,0.00015246058991700765,6.840666666666666,74.84466666666665,118.11933333333334,55.410933333333325,108.6084666666667,11.226700000000001,17.717900000000004,-3.0278905828059273,-7.918405258630815,-0.7233867395266282,-0.6600570311663684,-0.5910873591109745,-17.344501249893106,-15.826057316944208,-14.172385086302688,-23.976802866531735,5.914411092100558e-06,-14.007981686434123,-22.107339907003926,-3.1532838071700793,-2.6994814485646033,0.0,0.0,26.17034200082496,-16.076465562351537,2.6716683833613715,6.986828750106894,0.0,0.0,3.0,1.0
35,global,OECD37 as Home,3.5,3.5781075702356695,0.0,1.0,3.5,0.057913183842328936,0.7795968539285809,0.057911725366775156,2.6002485650279668,6.800054806466693,9.40030337149466,0.7062951435620333,0.6046492335772627,2.4460695572166764,0.28677170259932033,0.6915387398029026,0.2867644805906168,7.221984571224659e-06,4.6649799292927945,16.496000000000002,6.84049439250657,0.00017227416009460309,6.840666666666666,74.84466666666668,118.11933333333336,55.41093333333334,108.6084666666667,11.226700000000003,17.717900000000007,-3.033623634192293,-7.9333980805325,-0.7233867395266282,-0.6590956696117942,-0.591087316995187,-17.531275193533308,-15.973181330904305,-14.324999134530625,-24.234996628505343,6.683046400279835e-06,-14.31217941770837,-22.58742791253142,-3.2217606085877954,-2.7581034649729714,0.0,0.0,27.419642270419814,-16.538032839843595,2.6002485650279668,6.800054806466693,0.0,0.0,3.0,1.0
36,global,OECD37 as Home,3.6,3.67408026566016,0.0,1.0,3.6,0.057913183842328936,0.7795968539285809,0.05791227990141311,2.5323257253946965,6.6224260065399765,9.154751731934674,0.6878456150292928,0.5888548544301497,2.3821744129553966,0.2792807793532594,0.6734746715054138,0.2792764201848161,4.359159415628995e-06,4.543123392270477,16.495999999999995,6.840559893768315,0.00010677289834539727,6.840666666666666,74.84466666666665,118.11933333333332,55.41093333333331,108.60846666666666,11.2267,17.7179,-3.0387915458415673,-7.946912974040255,-0.7233867395266284,-0.658200206947306,-0.5910872916527894,-17.708903993460027,-16.113101936224112,-14.470140973946117,-24.480548268065327,4.142036935883553e-06,-14.60933652079833,-23.056381807712633,-3.288652520808566,-2.8153686802664337,0.0,0.0,28.682002215610712,-16.989715703293935,2.5323257253946965,6.6224260065399765,0.0,0.0,3.0,1.0
37,global,OECD37 as Home,3.7,3.770345702803798,0.0,1.0,3.7,0.057913183842328936,0.7795968539285809,0.05791204115354933,2.4676700370184235,6.453341315783207,8.92101135280163,0.6702833637034028,0.5738200606886323,2.321352122563032,0.2721501105951495,0.6562793428093148,0.2721447407836987,5.36979739268512e-06,4.42712719621101,16.496,6.840531693029811,0.0001349736368536485,6.840666666666666,74.84466666666667,118.11933333333336,55.41093333333334,108.6084666666667,11.226700000000003,17.717900000000007,-3.043460005652688,-7.959121723236149,-0.7233867395266282,-0.6573643972885042,-0.5910873196085786,-17.877988684216795,-16.24629346097968,-14.608302632505211,-24.714288647198373,5.236034364641817e-06,-14.899702341630908,-23.514642613895795,-3.354015673151473,-2.871325145957269,0.0,0.0,29.95676082009459,-17.431802847031904,2.4676700370184235,6.453341315783207,0.0,0.0,3.0,1.0
38,global,OECD37 as Home,3.8000000000000003,3.8668773525850124,0.0,1.0,3.8000000000000003,0.057913183842328936,0.7795968539285809,0.057912020225095916,2.4060676708261033,6.292241537881281,8.698309208707384,0.6535505964032099,0.5594953764317602,2.2634025343858073,0.2653562309945131,0.6398961679883279,0.2653508993400816,5.331640217541774e-06,4.31660962529404,16.496000000000002,6.840529220974846,0.00013744569181869362,6.840666666666666,74.84466666666665,118.11933333333334,55.41093333333333,108.6084666666667,11.226699999999997,17.7179,-3.0476861880115877,-7.970173848040352,-0.7233867395266284,-0.6565825982674202,-0.5910873084344449,-18.03908846211872,-16.373194206717635,-14.739938767279689,-24.936990791292615,5.331933479291173e-06,-15.183520054604992,-23.962562414145808,-3.4179048056862413,-2.926019724241129,0.0,0.0,31.243350077882752,-17.864548290160993,2.4060676708261033,6.292241537881281,0.0,0.0,3.0,1.0
39,global,OECD37 as Home,3.9000000000000004,3.9636515428063013,0.0,1.0,3.9000000000000004,0.057913183842328936,0.7795968539285809,0.05791204267888104,2.347322538073213,6.138613870240007,8.485936408313218,0.6375938885411505,0.5458350656294629,2.208140626257799,0.2588774489680573,0.6242728386381065,0.2588723478587305,5.1010959900046394e-06,4.211217817644498,16.495999999999995,6.840531873200976,0.00013479346568425035,6.840666666666666,74.84466666666664,118.11933333333333,55.41093333333331,108.60846666666664,11.226699999999997,17.7179,-3.0515197663292124,-7.980199252155689,-0.7233867395266282,-0.6558499694668067,-0.5910873097668293,-18.192716129759994,-16.494209343717397,-14.865469667757985,-25.149363591686782,5.229044935495253e-06,-15.461026244532531,-24.40052005272052,-3.480373175125602,-2.9794980074328263,0.0,0.0,32.54120952418686,-18.28822913150977,2.347322538073213,6.138613870240007,0.0,0.0,3.0,1.0
40,global,OECD37 as Home,4.0,4.060647041758019,0.0,1.0,4.0,0.057913183842328936,0.7795968539285809,0.057912068411858024,2.291253346175515,5.99198420452782,8.283237550703335,0.622363868125281,0.5327968616211797,2.155395411124128,0.25269371837739424,0.6093610142803083,0.25268885139798497,4.866966971404607e-06,4.110625678210496,16.496,6.8405349127630615,0.00013175390359969425,6.840666666666666,74.84466666666665,118.11933333333334,55.410933333333325,108.60846666666666,11.2267,17.7179,-3.0550040875454307,-7.989311294578203,-0.7233867395266282,-0.6551622117817082,-0.5910873630798691,-18.33934579547218,-16.609713307509196,-14.985283741790933,-25.352062449296668,5.111130393475882e-06,-15.732449945268112,-24.828878246292835,-3.541472338414811,-3.0318041327003966,0.0,0.0,33.84981681382753,-18.70312041652977,2.291253346175515,5.99198420452782,0.0,0.0,3.0,1.0
41,global,OECD37 as Home,4.1000000000000005,4.157844674489125,0.0,1.0,4.1000000000000005,0.057913183842328936,0.7795968539285809,0.057912112770470855,2.2376903661369503,5.85190867299647,8.08959903913342,0.6078149132183533,0.520341708114873,2.105008889269149,0.24678651569062693,0.5951160261425663,0.24678195151241444,4.564167012532504e-06,4.014531880523153,16.496,6.840540152372837,0.00012651429383017982,6.840666666666666,74.84466666666665,118.11933333333333,55.41093333333332,108.60846666666664,11.2267,17.717900000000004,-3.058177176387786,-7.997609415890145,-0.7233867395266282,-0.6545152986386125,-0.5910873191071412,-18.479421327003532,-16.72005209333428,-15.09973989567135,-25.545700960866583,4.90786889806305e-06,-15.9980119440908,-25.24798495877805,-3.601251996143682,-3.082980648012367,0.0,0.0,35.168700371471395,-19.109493457197683,2.2376903661369503,5.85190867299647,0.0,0.0,3.0,1.0
42,global,OECD37 as Home,4.2,4.255227369112463,0.0,1.0,4.2,0.057913183842328936,0.7795968539285809,0.05791212679814456,2.1864798476912486,5.717985194763688,7.904465042454937,0.5939048094924978,0.5084334660244614,2.056834862346149,0.2411387009418534,0.5814965418677732,0.24113429962518337,4.401306011080007e-06,3.922657604893509,16.496,6.8405418093123025,0.00012485735435266847,6.840666666666666,74.84466666666665,118.11933333333333,55.41093333333331,108.60846666666666,11.2267,17.7179,-3.0610721567981973,-8.005180240356395,-0.7233867395266284,-0.6539059412957355,-0.5910873181237513,-18.613344805236313,-16.825545853238722,-15.209170228140179,-25.730834957545063,4.843590851733026e-06,-16.257925355926716,-25.65817806122147,-3.659760121807655,-3.1330686227963196,0.0,0.0,36.49739177105146,-19.50761787929226,2.1864798476912486,5.717985194763688,0.0,0.0,3.0,1.0
43,global,OECD37 as Home,4.3,4.352779650222928,0.0,1.0,4.3,0.057913183842328936,0.7795968539285809,0.05791218132719378,2.137477516739673,5.589836470600562,7.727313987340235,0.5805945173150608,0.4970387140753141,2.010738126739714,0.23573442316278245,0.5684643374661231,0.23573034244555333,4.080707856355657e-06,3.834745000047299,16.496,6.840548250247244,0.0001184164194180076,6.840666666666666,74.84466666666665,118.11933333333334,55.41093333333333,108.6084666666667,11.226699999999997,17.717900000000004,-3.063718228102369,-8.012100128759446,-0.7233867395266282,-0.6533310097595221,-0.5910873139746016,-18.74149352939944,-16.92649066248658,-15.313881862714608,-25.907986012659766,4.593726232404727e-06,-16.512394730993062,-26.05977815311023,-3.717042760932925,-3.1821074759727686,0.0,0.0,37.835469357128666,-19.89775541766714,2.137477516739673,5.589836470600562,0.0,0.0,3.0,1.0
44,global,OECD37 as Home,4.4,4.450487596793867,0.0,1.0,4.4,0.057913183842328936,0.7795968539285809,0.057912167295319866,2.0905504412842832,5.46711486263751,7.557665303921794,0.5678478919524674,0.48612650927475587,1.96659350456457,0.23055900677921293,0.5559840233646667,0.2305549597893359,4.046980451651626e-06,3.750555335110873,16.496000000000002,6.840546592811652,0.00012007385500672655,6.840666666666666,74.84466666666667,118.11933333333334,55.41093333333333,108.60846666666669,11.226700000000001,17.717900000000004,-3.066141044081067,-8.018436169729801,-0.7233867395266284,-0.6527877562486356,-0.5910873178675704,-18.864215137362493,-17.023160641524463,-15.41415914883516,-26.077634696078206,4.658023484260809e-06,-16.761616484662678,-26.453098634390326,-3.773144127841619,-3.2301350587944526,0.0,0.0,39.182529161328475,-20.280164741546724,2.0905504412842832,5.46711486263751,0.0,0.0,3.0,1.0
45,global,OECD37 as Home,4.5,4.54833862875681,0.0,1.0,4.5,0.057913183842328936,0.7795968539285809,0.05791218962626893,2.0455752697130176,5.349497787205509,7.395073056918527,0.5556314527730657,0.4756681893299016,1.9242850443596478,0.2255988579022011,0.5440228184321279,0.22559498496701147,3.872926367914765e-06,3.6698674752284974,16.495999999999995,6.8405492305284685,0.00011743613820064353,6.840666666666666,74.84466666666665,118.11933333333334,55.41093333333332,108.60846666666667,11.226699999999997,17.7179,-3.068363232147743,-8.024247537476297,-0.7233867395266284,-0.6522736919717133,-0.5910873221936388,-18.981832212794494,-17.115809706339377,-15.510265477539402,-26.240226943081474,4.5556979790806196e-06,-17.0057788793642,-26.83843333067478,-3.8281066015774203,-3.2771876513583202,0.0,0.0,40.5381965291536,-20.655094055549565,2.0455752697130176,5.349497787205509,0.0,0.0,3.0,1.0
46,global,OECD37 as Home,4.6000000000000005,4.646321371477206,0.0,1.0,4.6000000000000005,0.057913183842328936,0.7795968539285809,0.0579122113163845,2.0024376674050575,5.236686241471404,7.239123908876461,0.5439141630438978,0.46563718413480243,1.8837052584714737,0.22084137492060135,0.5325503343763142,0.22083766637010446,3.708542233901423e-06,3.592476427151052,16.496,6.8405517925504595,0.00011487411620693467,6.840666666666666,74.84466666666667,118.11933333333336,55.41093333333333,108.60846666666669,11.226700000000003,17.717900000000007,-3.07040478031606,-8.02958650376641,-0.7233867395266284,-0.651786576172228,-0.5910873211305903,-19.094643758528598,-17.204673238472637,-15.602445013793547,-26.39617609112354,4.456308944744691e-06,-17.245062224322126,-27.21606796461307,-3.8819707708682767,-3.3233000010974654,0.0,0.0,41.902116634372106,-21.022786466293446,2.0024376674050575,5.236686241471404,0.0,0.0,3.0,1.0
47,global,OECD37 as Home,4.7,4.744425554780133,0.0,1.0,4.7,0.057913183842328936,0.7795968539285809,0.05791222813411089,1.9610322294486786,5.128404575181511,7.089436804630189,0.5326672261626658,0.4560088413275274,1.8447544173565606,0.21627486576666327,0.5215383762333414,0.21627129670599599,3.5690528525482462e-06,3.518191993376855,16.496000000000002,6.840553779049089,0.00011288761757240442,6.840666666666666,74.84466666666667,118.11933333333336,55.41093333333333,108.6084666666667,11.2267,17.717900000000004,-3.072283351755007,-8.034499260536863,-0.7233867395266282,-0.6513244456637433,-0.5910873639349502,-19.20292542481849,-17.289969630389805,-15.690924299528957,-26.54586319536981,4.379246321017938e-06,-17.47963915702946,-27.58627512413667,-3.9347754974876725,-3.3685053770238116,0.0,0.0,43.27394979107622,-21.383476992281345,1.9610322294486786,5.128404575181511,0.0,0.0,3.0,1.0
48,global,OECD37 as Home,4.800000000000001,4.842641790847422,0.0,1.0,4.800000000000001,0.057913183842328936,0.7795968539285809,0.05791226540619957,1.9212594612873612,5.0243925945811325,6.945652055868494,0.5218639141917125,0.44676027950054203,1.8073399557534526,0.2118884782969754,0.5109607744840035,0.21188511799072124,3.360299183436454e-06,3.4468376396427782,16.496,6.840558181603356,0.00010848506331058013,6.840666666666666,74.84466666666665,118.11933333333334,55.41093333333333,108.60846666666669,11.2267,17.717900000000004,-3.0740146852960515,-8.03902696728218,-0.7233867395266282,-0.650885377815294,-0.5910873622455743,-19.306937405418868,-17.37190158587322,-15.775913602559708,-26.689647944131508,4.208457239807117e-06,-17.70967463199166,-27.94931434543141,-3.9865579137208025,-3.41283556755894,0.0,0.0,44.653390956710396,-21.737391848284965,1.9212594612873612,5.0243925945811325,0.0,0.0,3.0,1.0
49,global,OECD37 as Home,4.9,4.940961621302154,0.0,1.0,4.9,0.057913183842328936,0.7795968539285809,0.057912258350067185,1.8830284012875398,4.924412420837509,6.807440822125049,0.5114793826983774,0.43787022968816847,1.7713758314304406,0.20767212511348732,0.5007932037626089,0.20766880637098312,3.3187354672447626e-06,3.3782492719708688,16.496,6.840557348137703,0.00010931852895909328,6.840666666666666,74.84466666666667,118.11933333333334,55.41093333333333,108.60846666666669,11.226700000000003,17.717900000000007,-3.0756127012417527,-8.043206027760677,-0.7233867395266282,-0.6504677622081062,-0.5910873569183379,-19.406917579162492,-17.450657524266525,-15.857608373227478,-26.827859177874952,4.240790017484564e-06,-17.935326542576643,-28.30543684533084,-4.037353562346877,-3.4563210003709504,0.0,0.0,46.04013740903193,-22.08475115649701,1.8830284012875398,4.924412420837509,0.0,0.0,3.0,1.0
